Country,League,Season,Date,Time,Home,Away,HG,AG,Res,PSCH,PSCD,PSCA,MaxCH,MaxCD,MaxCA,AvgCH,AvgCD,AvgCA,BFECH,BFECD,BFECA,B365CH,B365CD,B365CA
Ireland,Premier Division ,2012,02/03/2012,19:05,Drogheda,Shamrock Rovers,1,2,A,11.63,5.16,1.34,12.25,5.23,1.36,9.8,4.74,1.3,,,,,,
Ireland,Premier Division ,2012,02/03/2012,19:45,Derry City,Bohemians,1,0,H,1.86,3.39,5.17,1.86,3.75,6,1.73,3.27,5.1,,,,,,
Ireland,Premier Division ,2012,02/03/2012,19:45,St. Patricks,Bray,1,0,H,1.54,4.21,7.34,1.54,4.5,9,1.44,4.06,6.92,,,,,,
Ireland,Premier Division ,2012,02/03/2012,19:45,UC Dublin,Cork City,1,0,H,4.47,3.65,1.89,4.47,3.65,1.95,4.02,3.31,1.87,,,,,,
Ireland,Premier Division ,2012,02/03/2012,20:00,Monaghan,Dundalk,0,0,D,2.78,3.1,2.92,3.4,3.25,2.92,2.9,3.05,2.44,,,,,,
Ireland,Premier Division ,2012,02/03/2012,20:00,Shelbourne,Sligo Rovers,1,1,D,4.01,3.26,2.13,4.01,3.27,2.25,3.32,3.16,2.14,,,,,,
Ireland,Premier Division ,2012,09/03/2012,19:45,Bohemians,Shelbourne,0,2,A,2.88,3.05,2.86,2.88,3.15,2.93,2.55,3.01,2.75,,,,,,
Ireland,Premier Division ,2012,09/03/2012,19:45,Bray,Derry City,0,4,A,8.24,4.15,1.51,8.24,4.15,1.6,6.25,3.7,1.52,,,,,,
Ireland,Premier Division ,2012,09/03/2012,19:45,Cork City,Drogheda,2,3,A,1.75,3.51,5.88,1.76,3.8,5.88,1.69,3.41,4.96,,,,,,
Ireland,Premier Division ,2012,09/03/2012,19:45,Dundalk,St. Patricks,0,2,A,4.74,3.35,1.94,4.74,3.4,2,3.95,3.22,1.91,,,,,,
Ireland,Premier Division ,2012,09/03/2012,20:00,Shamrock Rovers,Monaghan,3,1,H,1.27,5.74,14.65,1.27,6,15,1.23,5.43,11.69,,,,,,
Ireland,Premier Division ,2012,10/03/2012,19:45,Sligo Rovers,UC Dublin,2,1,H,1.33,5.3,11.12,1.34,5.5,12,1.3,4.88,9.37,,,,,,
Ireland,Premier Division ,2012,16/03/2012,19:05,Cork City,Shamrock Rovers,1,1,D,6.04,3.76,1.68,6.04,3.85,1.7,5.14,3.56,1.64,,,,,,
Ireland,Premier Division ,2012,16/03/2012,19:45,Drogheda,Dundalk,0,0,D,2.2,3.18,3.87,2.2,3.3,4.09,2.05,3.16,3.57,,,,,,
Ireland,Premier Division ,2012,16/03/2012,19:45,Sligo Rovers,Bohemians,1,0,H,1.57,4.09,6.96,1.57,4.33,7.4,1.49,3.73,6.63,,,,,,
Ireland,Premier Division ,2012,16/03/2012,19:45,St. Patricks,Monaghan,1,1,D,1.42,4.5,9.93,1.45,4.59,10,1.35,4.29,8.93,,,,,,
Ireland,Premier Division ,2012,16/03/2012,19:45,UC Dublin,Bray,2,3,A,2.21,3.6,3.39,2.21,3.6,4.2,2.03,3.24,3.56,,,,,,
Ireland,Premier Division ,2012,16/03/2012,20:00,Shelbourne,Derry City,1,0,H,3.41,3.15,2.41,3.5,3.25,2.47,3.13,3.09,2.28,,,,,,
Ireland,Premier Division ,2012,23/03/2012,19:45,Bray,Drogheda,2,4,A,3,3.31,2.56,3,3.4,2.6,2.79,3.15,2.45,,,,,,
Ireland,Premier Division ,2012,23/03/2012,19:45,Derry City,Cork City,2,0,H,1.88,3.42,4.93,1.95,3.42,4.93,1.85,3.23,4.26,,,,,,
Ireland,Premier Division ,2012,23/03/2012,19:45,Dundalk,UC Dublin,2,1,H,2.37,3.24,3.4,2.67,3.24,3.4,2.41,3.08,2.91,,,,,,
Ireland,Premier Division ,2012,23/03/2012,20:00,Monaghan,Sligo Rovers,0,1,A,8.41,4.04,1.52,8.41,4.04,1.62,6.39,3.66,1.54,,,,,,
Ireland,Premier Division ,2012,23/03/2012,20:10,Shamrock Rovers,Shelbourne,4,0,H,1.84,3.51,5.07,1.92,3.6,6,1.72,3.4,4.85,,,,,,
Ireland,Premier Division ,2012,25/03/2012,16:00,Bohemians,St. Patricks,0,0,D,4.59,3.11,2.04,4.59,3.25,2.14,3.81,3.08,2.01,,,,,,
Ireland,Premier Division ,2012,30/03/2012,19:05,Shamrock Rovers,Bohemians,2,0,H,1.43,4.42,9.93,1.43,4.59,11,1.37,4.15,8.63,,,,,,
Ireland,Premier Division ,2012,30/03/2012,19:45,Cork City,Bray,1,1,D,1.64,3.98,6.14,1.64,4.01,7,1.56,3.71,5.73,,,,,,
Ireland,Premier Division ,2012,30/03/2012,19:45,Drogheda,Derry City,2,0,H,5.01,3.92,1.75,5.01,3.92,2.04,4.21,3.52,1.78,,,,,,
Ireland,Premier Division ,2012,30/03/2012,19:45,UC Dublin,Monaghan,3,2,H,2.52,3.2,3.16,2.65,3.4,3.75,2.21,3.14,3.28,,,,,,
Ireland,Premier Division ,2012,30/03/2012,20:00,Shelbourne,St. Patricks,1,1,D,3.43,3.28,2.33,3.52,3.28,2.6,2.99,3.08,2.36,,,,,,
Ireland,Premier Division ,2012,31/03/2012,19:45,Sligo Rovers,Dundalk,3,0,H,1.27,5.55,16.89,1.32,6,16.89,1.24,5.28,11.67,,,,,,
Ireland,Premier Division ,2012,06/04/2012,19:05,St. Patricks,Shamrock Rovers,5,1,H,3.31,3.38,2.31,3.45,3.4,2.31,3.23,3.15,2.18,,,,,,
Ireland,Premier Division ,2012,06/04/2012,19:45,Bohemians,Cork City,1,0,H,2.64,3.08,3.11,2.75,3.1,3.13,2.57,3,2.76,,,,,,
Ireland,Premier Division ,2012,06/04/2012,19:45,Bray,Sligo Rovers,1,2,A,10.7,4.68,1.39,10.7,4.68,1.41,8.32,4.17,1.38,,,,,,
Ireland,Premier Division ,2012,06/04/2012,19:45,Derry City,UC Dublin,0,0,D,1.44,4.55,9.08,1.47,4.55,9.08,1.43,4,7.39,,,,,,
Ireland,Premier Division ,2012,06/04/2012,19:45,Dundalk,Shelbourne,0,0,D,4.19,3.37,2.02,4.19,3.37,2.1,3.61,3.2,2.03,,,,,,
Ireland,Premier Division ,2012,06/04/2012,20:00,Monaghan,Drogheda,0,1,A,3.02,3.11,2.68,3.6,3.3,2.68,3.01,3.13,2.32,,,,,,
Ireland,Premier Division ,2012,13/04/2012,19:05,Sligo Rovers,Derry City,1,1,D,1.78,3.39,5.92,1.78,3.65,5.92,1.69,3.45,4.99,,,,,,
Ireland,Premier Division ,2012,13/04/2012,19:45,Cork City,Monaghan,6,0,H,1.83,3.5,5.18,1.88,3.5,5.18,1.78,3.32,4.52,,,,,,
Ireland,Premier Division ,2012,13/04/2012,19:45,Drogheda,St. Patricks,0,0,D,4.76,3.42,1.92,4.76,3.55,2.1,3.71,3.28,1.96,,,,,,
Ireland,Premier Division ,2012,13/04/2012,19:45,UC Dublin,Bohemians,1,2,A,3.78,3.13,2.27,3.78,3.25,2.5,3.16,3.07,2.25,,,,,,
Ireland,Premier Division ,2012,13/04/2012,20:00,Shamrock Rovers,Dundalk,6,0,H,1.31,5.51,12.24,1.32,5.51,12.7,1.26,5.05,10.67,,,,,,
Ireland,Premier Division ,2012,13/04/2012,20:00,Shelbourne,Bray,2,1,H,1.63,3.9,6.38,1.64,3.9,6.5,1.58,3.57,5.8,,,,,,
Ireland,Premier Division ,2012,20/04/2012,19:45,Bohemians,Monaghan,1,2,A,1.78,3.61,5.41,1.78,3.7,5.75,1.66,3.5,5.11,,,,,,
Ireland,Premier Division ,2012,20/04/2012,19:45,Bray,Shamrock Rovers,2,2,D,8.82,4.71,1.43,9.01,4.72,1.43,7.67,4.27,1.39,,,,,,
Ireland,Premier Division ,2012,20/04/2012,19:45,Cork City,Sligo Rovers,0,1,A,4.76,3.63,1.85,4.76,3.63,1.89,4.33,3.37,1.79,,,,,,
Ireland,Premier Division ,2012,20/04/2012,19:45,Derry City,Dundalk,1,2,A,1.51,4.28,7.65,1.51,4.33,8.71,1.43,3.98,7.46,,,,,,
Ireland,Premier Division ,2012,20/04/2012,19:45,Drogheda,Shelbourne,3,1,H,3.13,3.22,2.52,3.13,3.25,2.65,2.8,3.07,2.5,,,,,,
Ireland,Premier Division ,2012,20/04/2012,19:45,St. Patricks,UC Dublin,2,0,H,1.42,4.54,9.92,1.44,4.57,9.92,1.4,4.22,7.58,,,,,,
Ireland,Premier Division ,2012,27/04/2012,19:05,Sligo Rovers,St. Patricks,1,1,D,2.19,3.12,4.04,2.25,3.25,4.04,2.07,3.04,3.67,,,,,,
Ireland,Premier Division ,2012,27/04/2012,19:45,Dundalk,Bohemians,0,2,A,3.59,3.15,2.33,3.6,3.16,2.4,3.18,3.01,2.29,,,,,,
Ireland,Premier Division ,2012,27/04/2012,19:45,UC Dublin,Drogheda,1,1,D,3.52,3.38,2.24,4.09,3.5,2.29,3.4,3.29,2.07,,,,,,
Ireland,Premier Division ,2012,27/04/2012,20:00,Monaghan,Bray,0,1,A,2.65,3.29,2.91,2.75,3.29,2.91,2.49,3.14,2.74,,,,,,
Ireland,Premier Division ,2012,27/04/2012,20:00,Shamrock Rovers,Derry City,1,1,D,1.76,3.65,5.51,1.8,3.66,5.55,1.7,3.42,4.98,,,,,,
Ireland,Premier Division ,2012,27/04/2012,20:00,Shelbourne,Cork City,1,2,A,2.31,3.24,3.49,2.36,3.25,3.61,2.17,3.12,3.3,,,,,,
Ireland,Premier Division ,2012,04/05/2012,19:05,Derry City,St. Patricks,0,2,A,3.13,3.09,2.61,3.21,3.1,2.67,2.95,3.04,2.39,,,,,,
Ireland,Premier Division ,2012,04/05/2012,19:45,Bray,Bohemians,2,1,H,3.35,3.1,2.48,3.35,3.2,2.6,2.93,3.1,2.38,,,,,,
Ireland,Premier Division ,2012,04/05/2012,19:45,Cork City,Dundalk,3,2,H,1.5,4.24,8.13,1.55,4.3,8.19,1.5,3.89,6.39,,,,,,
Ireland,Premier Division ,2012,04/05/2012,19:45,Drogheda,Sligo Rovers,1,3,A,5.05,3.56,1.83,5.05,3.56,1.92,4.23,3.32,1.84,,,,,,
Ireland,Premier Division ,2012,04/05/2012,20:00,Shamrock Rovers,UC Dublin,2,2,D,1.27,6.02,13.03,1.3,6.04,14.65,1.26,5.17,10.41,,,,,,
Ireland,Premier Division ,2012,04/05/2012,20:00,Shelbourne,Monaghan,2,1,H,1.71,3.81,5.65,1.74,3.81,6,1.63,3.56,5.31,,,,,,
Ireland,Premier Division ,2012,11/05/2012,19:45,Bohemians,Drogheda,1,1,D,2.6,3.28,2.97,2.6,3.33,3.25,2.41,3.13,2.86,,,,,,
Ireland,Premier Division ,2012,11/05/2012,19:45,Dundalk,Bray,0,2,A,3.08,3.38,2.47,3.11,3.38,2.5,2.83,3.17,2.4,,,,,,
Ireland,Premier Division ,2012,11/05/2012,19:45,St. Patricks,Cork City,0,0,D,1.61,3.91,6.7,1.67,3.91,6.7,1.6,3.59,5.59,,,,,,
Ireland,Premier Division ,2012,11/05/2012,19:45,UC Dublin,Shelbourne,0,2,A,3.33,3.37,2.34,3.34,3.38,2.4,3.12,3.22,2.2,,,,,,
Ireland,Premier Division ,2012,12/05/2012,13:45,Sligo Rovers,Shamrock Rovers,3,0,H,2.38,3.36,3.2,2.4,3.47,3.2,2.3,3.16,2.98,,,,,,
Ireland,Premier Division ,2012,15/05/2012,20:00,Monaghan,Derry City,1,4,A,6.15,3.75,1.67,6.2,3.84,1.75,4.97,3.57,1.66,,,,,,
Ireland,Premier Division ,2012,18/05/2012,19:05,Shamrock Rovers,Drogheda,3,1,H,1.45,4.79,7.76,1.95,4.8,7.78,1.46,4.15,6.63,,,,,,
Ireland,Premier Division ,2012,18/05/2012,19:45,Bohemians,Derry City,1,2,A,3.45,3.13,2.4,3.49,3.13,2.46,3.08,3.03,2.33,,,,,,
Ireland,Premier Division ,2012,18/05/2012,19:45,Bray,St. Patricks,3,3,D,6.13,3.81,1.67,6.14,3.81,1.67,5.41,3.68,1.6,,,,,,
Ireland,Premier Division ,2012,18/05/2012,19:45,Cork City,UC Dublin,4,2,H,1.64,4.07,5.9,1.68,4.07,6,1.59,3.77,5.31,,,,,,
Ireland,Premier Division ,2012,18/05/2012,19:45,Dundalk,Monaghan,1,2,A,2.48,3.35,3.09,2.54,3.35,3.15,2.41,3.1,2.86,,,,,,
Ireland,Premier Division ,2012,18/05/2012,19:45,Sligo Rovers,Shelbourne,3,0,H,1.5,4.11,8.86,1.53,4.25,8.86,1.48,3.9,6.78,,,,,,
Ireland,Premier Division ,2012,21/05/2012,19:45,Derry City,Bray,3,2,H,1.68,3.61,6.64,1.68,3.85,6.64,1.58,3.63,5.69,,,,,,
Ireland,Premier Division ,2012,21/05/2012,19:45,Drogheda,Cork City,1,1,D,2.69,3.34,2.82,2.69,3.48,2.94,2.53,3.17,2.68,,,,,,
Ireland,Premier Division ,2012,21/05/2012,19:45,St. Patricks,Dundalk,1,2,A,1.26,6.06,14.65,1.28,6.06,15,1.24,5.34,11.44,,,,,,
Ireland,Premier Division ,2012,21/05/2012,19:45,UC Dublin,Sligo Rovers,1,0,H,10.19,4.96,1.38,10.19,5.13,1.45,8.38,4.64,1.34,,,,,,
Ireland,Premier Division ,2012,21/05/2012,20:00,Monaghan,Shamrock Rovers,0,0,D,10.53,5.18,1.36,10.53,5.4,1.43,8.77,4.67,1.33,,,,,,
Ireland,Premier Division ,2012,21/05/2012,20:00,Shelbourne,Bohemians,1,2,A,2.25,3.25,3.63,2.25,3.25,4.17,2.12,3.12,3.45,,,,,,
Ireland,Premier Division ,2012,01/06/2012,19:05,Dundalk,Drogheda,1,2,A,3.24,3.31,2.41,3.5,3.45,2.44,3.16,3.2,2.2,,,,,,
Ireland,Premier Division ,2012,01/06/2012,19:45,Bohemians,Sligo Rovers,0,0,D,4.69,3.31,1.96,4.87,3.4,2,4.32,3.23,1.84,,,,,,
Ireland,Premier Division ,2012,01/06/2012,19:45,Bray,UC Dublin,3,1,H,2.35,3.41,3.24,2.39,3.61,3.5,2.18,3.26,3.16,,,,,,
Ireland,Premier Division ,2012,01/06/2012,19:45,Derry City,Shelbourne,0,1,A,1.82,3.48,5.31,1.85,3.63,5.31,1.77,3.42,4.45,,,,,,
Ireland,Premier Division ,2012,01/06/2012,20:00,Monaghan,St. Patricks,0,4,A,7.91,4.34,1.5,7.91,4.5,1.53,6.81,3.9,1.47,,,,,,
Ireland,Premier Division ,2012,01/06/2012,20:00,Shamrock Rovers,Cork City,1,1,D,1.5,4.28,8.01,1.53,4.47,8.01,1.49,3.88,6.53,,,,,,
Ireland,Premier Division ,2012,21/06/2012,20:00,Shelbourne,Shamrock Rovers,2,3,A,4.8,3.67,1.85,4.8,3.8,1.9,4.21,3.39,1.82,,,,,,
Ireland,Premier Division ,2012,22/06/2012,19:45,Cork City,Derry City,2,2,D,2.87,3.08,2.87,2.97,3.3,2.87,2.68,3.06,2.59,,,,,,
Ireland,Premier Division ,2012,22/06/2012,19:45,Drogheda,Bray,3,1,H,2.62,3.29,2.99,2.62,3.75,3.4,2.29,3.21,3,,,,,,
Ireland,Premier Division ,2012,22/06/2012,19:45,St. Patricks,Bohemians,2,1,H,1.75,3.56,5.96,1.75,3.75,6,1.65,3.41,5.42,,,,,,
Ireland,Premier Division ,2012,22/06/2012,19:45,UC Dublin,Dundalk,1,1,D,2.15,3.56,3.63,2.15,3.9,3.63,2.08,3.36,3.25,,,,,,
Ireland,Premier Division ,2012,29/06/2012,19:45,Bohemians,Shamrock Rovers,4,0,H,5.43,3.66,1.76,5.43,3.75,1.83,4.5,3.41,1.76,,,,,,
Ireland,Premier Division ,2012,29/06/2012,19:45,Bray,Cork City,0,3,A,2.77,3.47,2.66,2.9,3.8,2.66,2.75,3.24,2.43,,,,,,
Ireland,Premier Division ,2012,29/06/2012,19:45,Derry City,Drogheda,0,3,A,2.02,3.5,4.07,2.02,3.5,4.07,1.93,3.32,3.72,,,,,,
Ireland,Premier Division ,2012,29/06/2012,19:45,Dundalk,Sligo Rovers,1,2,A,7.9,4.43,1.49,9,4.75,1.49,7.81,4.15,1.4,,,,,,
Ireland,Premier Division ,2012,29/06/2012,19:45,St. Patricks,Shelbourne,1,0,H,1.69,3.78,5.9,1.75,3.9,5.9,1.67,3.55,4.97,,,,,,
Ireland,Premier Division ,2012,06/07/2012,19:45,UC Dublin,Derry City,0,1,A,4.25,3.78,1.91,4.25,3.83,2,3.77,3.45,1.89,,,,,,
Ireland,Premier Division ,2012,06/07/2012,20:00,Shelbourne,Dundalk,4,0,H,1.78,3.6,5.35,1.83,3.7,5.35,1.7,3.45,4.79,,,,,,
Ireland,Premier Division ,2012,07/07/2012,15:45,Sligo Rovers,Bray,1,1,D,1.28,6.19,13.25,1.29,6.19,13.25,1.25,5.46,10.45,,,,,,
Ireland,Premier Division ,2012,08/07/2012,15:00,Shamrock Rovers,St. Patricks,1,1,D,2.52,3.32,3.09,2.6,3.32,3.4,2.28,3.15,3.08,,,,,,
Ireland,Premier Division ,2012,08/07/2012,18:00,Cork City,Bohemians,1,1,D,2.06,3.39,4.13,2.1,3.4,4.15,2.01,3.15,3.7,,,,,,
Ireland,Premier Division ,2012,13/07/2012,19:05,Derry City,Sligo Rovers,1,2,A,4.3,3.39,2.02,4.3,3.4,2.12,3.64,3.21,2.01,,,,,,
Ireland,Premier Division ,2012,13/07/2012,19:45,Bray,Shelbourne,2,3,A,3.62,3.65,2.11,3.63,3.66,2.2,3.26,3.32,2.1,,,,,,
Ireland,Premier Division ,2012,13/07/2012,19:45,Dundalk,Shamrock Rovers,1,1,D,7.44,4.7,1.48,8,4.76,1.48,7.14,4.14,1.43,,,,,,
Ireland,Premier Division ,2012,15/07/2012,15:00,Bohemians,UC Dublin,1,0,H,2.18,3.39,3.76,2.29,3.39,3.84,2.1,3.19,3.4,,,,,,
Ireland,Premier Division ,2012,15/07/2012,15:00,St. Patricks,Drogheda,0,2,A,1.68,4.11,5.49,1.8,4.11,5.49,1.7,3.58,4.64,,,,,,
Ireland,Premier Division ,2012,20/07/2012,19:05,Shamrock Rovers,Bray,0,0,D,1.5,4.55,7.37,1.51,4.55,7.84,1.44,4.09,6.83,,,,,,
Ireland,Premier Division ,2012,20/07/2012,19:45,Dundalk,Derry City,1,1,D,4.59,3.65,1.89,4.59,3.65,1.9,4.17,3.37,1.82,,,,,,
Ireland,Premier Division ,2012,20/07/2012,20:00,Shelbourne,Drogheda,1,2,A,2.31,3.48,3.35,2.4,3.56,3.35,2.25,3.26,3.02,,,,,,
Ireland,Premier Division ,2012,22/07/2012,15:00,UC Dublin,St. Patricks,1,1,D,6.61,3.93,1.63,7.48,4.19,1.63,5.95,3.74,1.54,,,,,,
Ireland,Premier Division ,2012,22/07/2012,19:00,Sligo Rovers,Cork City,2,2,D,1.71,3.72,5.82,1.73,4.09,6.5,1.62,3.62,5.25,,,,,,
Ireland,Premier Division ,2012,27/07/2012,19:45,Bohemians,Dundalk,2,1,H,1.58,3.97,7.42,1.7,3.97,7.42,1.6,3.63,5.55,,,,,,
Ireland,Premier Division ,2012,27/07/2012,19:45,Cork City,Shelbourne,0,0,D,2.27,3.52,3.36,2.41,3.52,3.36,2.23,3.23,3.06,,,,,,
Ireland,Premier Division ,2012,27/07/2012,19:45,Derry City,Shamrock Rovers,0,1,A,3.33,3.4,2.31,3.36,3.4,2.31,3.08,3.19,2.22,,,,,,
Ireland,Premier Division ,2012,27/07/2012,19:45,Drogheda,UC Dublin,1,0,H,1.71,4.05,5.25,1.74,4.05,5.5,1.64,3.66,4.96,,,,,,
Ireland,Premier Division ,2012,03/08/2012,19:45,Bohemians,Bray,0,0,D,1.88,3.67,4.7,1.89,3.67,5,1.78,3.42,4.35,,,,,,
Ireland,Premier Division ,2012,03/08/2012,19:45,Dundalk,Cork City,1,1,D,4.37,3.7,1.92,4.37,3.7,1.96,3.88,3.38,1.88,,,,,,
Ireland,Premier Division ,2012,03/08/2012,19:45,UC Dublin,Shamrock Rovers,0,2,A,7.56,4.43,1.51,8.13,4.7,1.55,6.75,4.13,1.45,,,,,,
Ireland,Premier Division ,2012,04/08/2012,19:45,Sligo Rovers,Drogheda,4,1,H,1.57,4.25,6.69,1.67,4.25,6.7,1.59,3.78,5.32,,,,,,
Ireland,Premier Division ,2012,10/08/2012,19:45,Bray,Dundalk,1,1,D,2,3.64,4.01,2,3.64,4.05,1.93,3.4,3.67,,,,,,
Ireland,Premier Division ,2012,10/08/2012,19:45,Drogheda,Bohemians,1,0,H,2.39,3.36,3.3,2.48,3.37,3.5,2.25,3.19,3.09,,,,,,
Ireland,Premier Division ,2012,10/08/2012,20:00,Shelbourne,UC Dublin,1,2,A,1.69,3.97,5.61,1.69,4.03,6.19,1.6,3.67,5.37,,,,,,
Ireland,Premier Division ,2012,13/08/2012,19:45,Cork City,St. Patricks,0,1,A,3.84,3.38,2.15,3.84,3.38,2.22,3.35,3.19,2.13,,,,,,
Ireland,Premier Division ,2012,13/08/2012,20:00,Shamrock Rovers,Sligo Rovers,1,1,D,2.72,3.32,2.83,2.73,3.32,2.88,2.53,3.13,2.72,,,,,,
Ireland,Premier Division ,2012,17/08/2012,19:45,Derry City,Bohemians,2,0,H,2.36,3.21,3.51,2.36,3.4,3.8,2.14,3.16,3.34,,,,,,
Ireland,Premier Division ,2012,17/08/2012,19:45,St. Patricks,Bray,0,1,A,1.54,4.42,6.96,1.55,4.42,8,1.46,3.99,6.91,,,,,,
Ireland,Premier Division ,2012,17/08/2012,19:45,UC Dublin,Cork City,3,1,H,4.05,3.58,2,4.05,3.64,2.1,3.57,3.35,1.98,,,,,,
Ireland,Premier Division ,2012,17/08/2012,20:00,Drogheda,Shamrock Rovers,0,2,A,4.28,3.76,1.92,4.28,3.76,2,3.72,3.35,1.92,,,,,,
Ireland,Premier Division ,2012,17/08/2012,20:00,Shelbourne,Sligo Rovers,1,3,A,5.28,3.62,1.8,5.28,3.62,1.85,4.32,3.34,1.81,,,,,,
Ireland,Premier Division ,2012,20/08/2012,19:45,Bohemians,Shelbourne,2,2,D,2.68,3.11,3.03,2.69,3.25,3.03,2.52,3.1,2.74,,,,,,
Ireland,Premier Division ,2012,20/08/2012,19:45,Bray,Derry City,0,0,D,3.36,3.3,2.35,3.53,3.4,2.36,3.17,3.17,2.22,,,,,,
Ireland,Premier Division ,2012,20/08/2012,19:45,Cork City,Drogheda,3,2,H,2.7,3.4,2.78,2.73,3.42,3,2.46,3.21,2.75,,,,,,
Ireland,Premier Division ,2012,20/08/2012,19:45,Dundalk,St. Patricks,0,1,A,7.08,3.74,1.63,7.11,3.8,1.65,5.88,3.58,1.58,,,,,,
Ireland,Premier Division ,2012,20/08/2012,19:45,Sligo Rovers,UC Dublin,3,0,H,1.28,5.93,12.8,1.28,6.4,14.08,1.23,5.61,11.09,,,,,,
Ireland,Premier Division ,2012,24/08/2012,19:45,St. Patricks,Sligo Rovers,0,0,D,3.07,3.16,2.58,3.2,3.25,2.58,2.9,3.13,2.39,,,,,,
Ireland,Premier Division ,2012,31/08/2012,19:45,Cork City,Shamrock Rovers,1,2,A,5.05,3.86,1.76,5.73,4,1.76,4.77,3.59,1.69,,,,,,
Ireland,Premier Division ,2012,31/08/2012,19:45,Drogheda,Dundalk,3,2,H,1.72,3.6,6.03,1.8,3.75,6.03,1.69,3.5,4.93,,,,,,
Ireland,Premier Division ,2012,31/08/2012,19:45,UC Dublin,Bray,3,1,H,3.02,3.45,2.48,3.02,3.6,2.62,2.71,3.22,2.47,,,,,,
Ireland,Premier Division ,2012,31/08/2012,20:00,Shelbourne,Derry City,0,2,A,2.72,3.27,2.84,2.79,3.3,2.84,2.59,3.11,2.66,,,,,,
Ireland,Premier Division ,2012,03/09/2012,19:45,St. Patricks,Derry City,3,0,H,1.83,3.53,5.16,1.91,3.53,5.16,1.85,3.3,4.19,,,,,,
Ireland,Premier Division ,2012,03/09/2012,20:00,Sligo Rovers,Bohemians,3,1,H,1.38,4.68,11.63,1.45,4.68,11.63,1.4,4.07,8.27,,,,,,
Ireland,Premier Division ,2012,07/09/2012,19:45,Bohemians,St. Patricks,2,3,A,4.59,3.5,1.92,4.83,3.5,2,4.09,3.23,1.9,,,,,,
Ireland,Premier Division ,2012,07/09/2012,19:45,Bray,Drogheda,1,3,A,2.6,3.6,2.72,2.88,3.6,2.8,2.62,3.27,2.53,,,,,,
Ireland,Premier Division ,2012,07/09/2012,19:45,Derry City,Cork City,0,1,A,1.83,3.46,5.23,2.09,3.64,5.23,1.89,3.29,4.05,,,,,,
Ireland,Premier Division ,2012,07/09/2012,19:45,Dundalk,UC Dublin,1,2,A,2.33,3.64,3.11,2.4,3.64,3.15,2.3,3.25,2.92,,,,,,
Ireland,Premier Division ,2012,07/09/2012,20:00,Shamrock Rovers,Shelbourne,2,2,D,1.45,4.59,8.19,1.5,4.95,9.4,1.41,4.21,7.51,,,,,,
Ireland,Premier Division ,2012,10/09/2012,19:45,Cork City,Bray,2,0,H,1.99,3.54,4.15,2,3.62,4.34,1.86,3.41,3.99,,,,,,
Ireland,Premier Division ,2012,10/09/2012,19:45,Drogheda,Derry City,2,1,H,2.58,3.38,2.91,2.58,3.4,3.03,2.42,3.2,2.8,,,,,,
Ireland,Premier Division ,2012,10/09/2012,19:45,Sligo Rovers,Dundalk,3,0,H,1.17,7.75,20.5,1.18,8.35,21,1.16,6.75,14.49,,,,,,
Ireland,Premier Division ,2012,10/09/2012,20:00,Shamrock Rovers,Bohemians,0,1,A,1.5,4.34,7.71,1.55,4.34,8,1.48,3.89,6.67,,,,,,
Ireland,Premier Division ,2012,10/09/2012,20:00,Shelbourne,St. Patricks,0,2,A,4.72,3.7,1.84,4.72,3.75,2,3.96,3.38,1.88,,,,,,
Ireland,Premier Division ,2012,21/09/2012,19:05,Bray,Sligo Rovers,0,0,D,7.9,4.4,1.49,8,4.59,1.5,6.78,4.2,1.43,,,,,,
Ireland,Premier Division ,2012,21/09/2012,19:45,Bohemians,Cork City,1,1,D,2.66,3.26,2.93,2.66,3.3,3.05,2.43,3.12,2.84,,,,,,
Ireland,Premier Division ,2012,21/09/2012,19:45,Derry City,UC Dublin,1,2,A,1.69,4.09,5.26,1.74,4.09,5.5,1.66,3.62,4.83,,,,,,
Ireland,Premier Division ,2012,21/09/2012,19:45,Dundalk,Shelbourne,0,1,A,2.93,3.43,2.54,2.93,3.43,2.66,2.73,3.21,2.46,,,,,,
Ireland,Premier Division ,2012,25/09/2012,19:45,St. Patricks,Shamrock Rovers,2,1,H,2.21,3.12,3.92,2.25,3.3,3.92,2.16,3.14,3.33,,,,,,
Ireland,Premier Division ,2012,28/09/2012,19:05,Drogheda,St. Patricks,0,0,D,4.51,3.54,1.92,4.51,3.6,2.13,3.75,3.32,1.95,,,,,,
Ireland,Premier Division ,2012,28/09/2012,19:45,UC Dublin,Bohemians,2,2,D,3.1,3.38,2.45,3.2,3.4,2.54,2.81,3.21,2.41,,,,,,
Ireland,Premier Division ,2012,28/09/2012,20:00,Shamrock Rovers,Dundalk,7,0,H,1.27,6.14,13.79,1.27,6.5,13.79,1.23,5.66,10.8,,,,,,
Ireland,Premier Division ,2012,28/09/2012,20:00,Shelbourne,Bray,0,0,D,2.56,3.24,3.07,2.56,3.3,3.25,2.33,3.2,2.94,,,,,,
Ireland,Premier Division ,2012,29/09/2012,19:45,Sligo Rovers,Derry City,4,1,H,1.44,4.45,9.41,1.45,4.45,9.41,1.43,3.99,7.52,,,,,,
Ireland,Premier Division ,2012,01/10/2012,19:45,Drogheda,Shelbourne,2,1,H,1.83,3.77,4.53,1.85,3.77,5,1.75,3.51,4.47,,,,,,
Ireland,Premier Division ,2012,01/10/2012,19:45,St. Patricks,UC Dublin,5,0,H,1.53,4.45,6.84,1.53,4.59,8,1.44,4.11,6.87,,,,,,
Ireland,Premier Division ,2012,02/10/2012,19:45,Derry City,Dundalk,4,0,H,1.53,4.41,6.83,1.58,4.41,7,1.5,3.95,6.09,,,,,,
Ireland,Premier Division ,2012,05/10/2012,19:45,Bray,Shamrock Rovers,1,3,A,6.62,4.22,1.57,6.62,4.22,1.6,5.62,3.83,1.56,,,,,,
Ireland,Premier Division ,2012,05/10/2012,20:00,Cork City,Sligo Rovers,0,0,D,7.74,4.2,1.52,7.76,4.3,1.57,6.19,3.87,1.51,,,,,,
Ireland,Premier Division ,2012,13/10/2012,15:45,Sligo Rovers,St. Patricks,3,2,H,2.27,3.14,3.72,2.4,3.3,3.8,2.15,3.1,3.44,,,,,,
Ireland,Premier Division ,2012,13/10/2012,19:00,Dundalk,Bohemians,2,2,D,4.93,3.63,1.83,4.93,3.75,1.85,4.25,3.45,1.8,,,,,,
Ireland,Premier Division ,2012,13/10/2012,19:00,Shamrock Rovers,Derry City,1,3,A,1.6,4.12,6.2,1.6,4.45,7.5,1.5,3.95,6.11,,,,,,
Ireland,Premier Division ,2012,13/10/2012,19:45,UC Dublin,Drogheda,1,0,H,3.7,3.35,2.16,3.9,3.6,2.25,3.56,3.35,2,,,,,,
Ireland,Premier Division ,2012,13/10/2012,20:00,Shelbourne,Cork City,3,2,H,2.94,3.28,2.6,3.06,3.3,2.6,2.78,3.16,2.46,,,,,,
Ireland,Premier Division ,2012,19/10/2012,19:05,Drogheda,Sligo Rovers,2,1,H,3.55,3.48,2.2,3.65,3.5,2.29,3.19,3.31,2.15,,,,,,
Ireland,Premier Division ,2012,19/10/2012,19:45,Bray,Bohemians,1,4,A,3.28,3.29,2.41,3.28,3.35,2.41,2.93,3.22,2.32,,,,,,
Ireland,Premier Division ,2012,19/10/2012,19:45,Cork City,Dundalk,3,0,H,1.33,5.52,11.13,1.36,5.53,12,1.29,5.01,9.36,,,,,,
Ireland,Premier Division ,2012,19/10/2012,19:45,Derry City,St. Patricks,2,1,H,3.79,3.39,2.15,3.79,3.45,2.22,3.43,3.26,2.07,,,,,,
Ireland,Premier Division ,2012,19/10/2012,20:00,Shamrock Rovers,UC Dublin,2,1,H,1.36,5.33,9.86,1.38,5.33,9.86,1.34,4.65,8.46,,,,,,
Ireland,Premier Division ,2012,20/10/2012,19:30,Longford,Waterford,0,2,A,,,,3.16,3.3,2.6,2.87,3.18,2.38,,,,,,
Ireland,Premier Division ,2012,26/10/2012,19:45,Bohemians,Drogheda,1,4,A,2.45,3.34,3.14,2.69,3.35,3.14,2.53,3.15,2.71,,,,,,
Ireland,Premier Division ,2012,26/10/2012,19:45,Dundalk,Bray,2,1,H,4.17,3.64,1.96,4.51,3.77,2,3.84,3.5,1.87,,,,,,
Ireland,Premier Division ,2012,26/10/2012,19:45,Sligo Rovers,Shamrock Rovers,0,2,A,2.04,3.66,3.82,2.13,3.76,3.85,2.01,3.36,3.47,,,,,,
Ireland,Premier Division ,2012,26/10/2012,19:45,St. Patricks,Cork City,1,0,H,1.59,4.17,6.45,1.62,4.3,6.8,1.56,3.74,5.77,,,,,,
Ireland,Premier Division ,2012,26/10/2012,19:45,UC Dublin,Shelbourne,1,1,D,2.76,3.45,2.68,3,3.45,2.68,2.74,3.24,2.44,,,,,,
Ireland,Premier Division ,2012,26/10/2012,19:45,Waterford,Longford,1,1,D,2.06,3.94,3.47,2.1,4,4.05,1.91,3.5,3.63,,,,,,
Ireland,Premier Division ,2012,30/10/2012,19:45,Dundalk,Waterford,2,2,D,2.31,3.3,3.45,2.35,3.4,3.45,2.19,3.22,3.06,,,,,,
Ireland,Premier Division ,2012,02/11/2012,19:45,Waterford,Dundalk,0,2,A,2.29,3.38,3.39,2.29,3.5,3.69,2.08,3.27,3.32,,,,,,
Ireland,Premier Division ,2013,08/03/2013,19:45,Bohemians,UC Dublin,2,1,H,2.24,3.17,3.78,2.24,3.3,3.8,2.07,3.1,3.61,,,,,,
Ireland,Premier Division ,2013,08/03/2013,19:45,Bray,Shelbourne,1,0,H,2.41,3.16,3.4,2.75,3.35,3.4,2.51,3.11,2.78,,,,,,
Ireland,Premier Division ,2013,08/03/2013,19:45,Derry City,Sligo Rovers,0,1,A,4.49,3.18,2.04,4.49,3.25,2.2,3.65,3.08,2.07,,,,,,
Ireland,Premier Division ,2013,08/03/2013,19:45,Dundalk,Shamrock Rovers,0,0,D,7.29,4.38,1.52,8,4.38,1.62,6.07,3.81,1.53,,,,,,
Ireland,Premier Division ,2013,08/03/2013,19:45,St. Patricks,Drogheda,1,0,H,2.04,3.33,4.26,2.12,3.4,4.26,2.01,3.22,3.66,,,,,,
Ireland,Premier Division ,2013,10/03/2013,17:15,Limerick,Cork City,0,0,D,3.6,3.25,2.27,3.6,3.25,2.4,3.14,3.08,2.28,,,,,,
Ireland,Premier Division ,2013,15/03/2013,19:35,Shamrock Rovers,St. Patricks,3,0,H,2.47,3.23,3.22,2.52,3.25,3.6,2.3,3.08,3.11,,,,,,
Ireland,Premier Division ,2013,15/03/2013,19:45,Cork City,Bohemians,2,1,H,2.06,3.24,4.3,2.06,3.4,4.55,1.9,3.21,4.12,,,,,,
Ireland,Premier Division ,2013,15/03/2013,19:45,Drogheda,Limerick,2,2,D,2.12,3.35,3.91,2.13,3.4,4,2.02,3.2,3.62,,,,,,
Ireland,Premier Division ,2013,15/03/2013,19:45,UC Dublin,Derry City,0,6,A,3.99,3.34,2.1,3.99,3.34,2.25,3.4,3.18,2.12,,,,,,
Ireland,Premier Division ,2013,15/03/2013,20:00,Shelbourne,Dundalk,1,3,A,3.13,3.27,2.5,3.13,3.3,2.7,2.75,3.1,2.53,,,,,,
Ireland,Premier Division ,2013,16/03/2013,19:45,Sligo Rovers,Bray,3,0,H,1.36,5.16,10.26,1.36,5.52,12.53,1.28,4.93,10.06,,,,,,
Ireland,Premier Division ,2013,18/03/2013,14:00,Bohemians,Shamrock Rovers,0,0,D,5.71,3.8,1.7,6.2,3.8,1.73,5.05,3.5,1.66,,,,,,
Ireland,Premier Division ,2013,19/03/2013,19:45,Derry City,Drogheda,1,1,D,1.99,3.56,4.12,2.11,3.56,4.12,2.04,3.24,3.52,,,,,,
Ireland,Premier Division ,2013,19/03/2013,19:45,Dundalk,Sligo Rovers,1,3,A,5.3,3.81,1.74,6,4,1.75,5.2,3.61,1.63,,,,,,
Ireland,Premier Division ,2013,19/03/2013,19:45,Limerick,UC Dublin,3,1,H,1.93,3.48,4.59,1.93,3.61,4.9,1.83,3.34,4.23,,,,,,
Ireland,Premier Division ,2013,23/03/2013,19:45,Sligo Rovers,Limerick,2,1,H,1.54,4.17,7.4,1.55,4.3,8,1.5,3.87,6.36,,,,,,
Ireland,Premier Division ,2013,23/03/2013,19:45,UC Dublin,Dundalk,1,2,A,4.41,3.65,1.91,4.41,3.65,2.1,3.76,3.33,1.94,,,,,,
Ireland,Premier Division ,2013,24/03/2013,15:00,Drogheda,Bray,2,1,H,2.06,3.53,3.9,2.06,3.75,4.5,1.88,3.46,3.84,,,,,,
Ireland,Premier Division ,2013,24/03/2013,15:30,Cork City,Derry City,0,1,A,2.44,3.27,3.22,2.5,3.3,3.22,2.37,3.15,2.9,,,,,,
Ireland,Premier Division ,2013,24/03/2013,15:55,Shelbourne,Shamrock Rovers,0,0,D,6.46,4.13,1.59,7.5,4.25,1.59,6.11,3.83,1.52,,,,,,
Ireland,Premier Division ,2013,28/03/2013,19:45,Dundalk,Drogheda,2,2,D,2.63,3.15,3.07,2.63,3.35,3.07,2.45,3.15,2.78,,,,,,
Ireland,Premier Division ,2013,29/03/2013,19:05,Bohemians,Sligo Rovers,0,3,A,5.85,3.59,1.74,6.1,3.75,1.75,5.24,3.46,1.66,,,,,,
Ireland,Premier Division ,2013,29/03/2013,19:45,Bray,UC Dublin,2,2,D,2.02,3.58,3.95,2.02,3.6,4.5,1.87,3.37,4.03,,,,,,
Ireland,Premier Division ,2013,29/03/2013,19:45,Derry City,Shelbourne,4,0,H,1.56,4.01,7.41,1.57,4.05,7.41,1.51,3.7,6.65,,,,,,
Ireland,Premier Division ,2013,29/03/2013,20:00,Shamrock Rovers,Cork City,1,1,D,1.67,3.81,6.15,1.69,3.81,6.15,1.62,3.57,5.32,,,,,,
Ireland,Premier Division ,2013,30/03/2013,19:45,Limerick,St. Patricks,0,1,A,3.74,3.27,2.21,3.75,3.3,2.4,3.25,3.12,2.2,,,,,,
Ireland,Premier Division ,2013,01/04/2013,15:00,Derry City,Bray,2,0,H,1.56,4.13,6.98,1.57,4.33,7,1.51,3.86,6.21,,,,,,
Ireland,Premier Division ,2013,01/04/2013,15:00,Drogheda,Cork City,1,1,D,2.66,3.28,2.9,2.66,3.3,3.2,2.41,3.11,2.87,,,,,,
Ireland,Premier Division ,2013,01/04/2013,19:00,Shelbourne,Bohemians,0,1,A,2.88,3.09,2.82,2.88,3.25,2.94,2.55,3.04,2.76,,,,,,
Ireland,Premier Division ,2013,01/04/2013,19:45,UC Dublin,Sligo Rovers,0,3,A,12.28,5.38,1.32,12.28,5.5,1.36,9.84,4.85,1.29,,,,,,
Ireland,Premier Division ,2013,02/04/2013,19:45,Limerick,Shamrock Rovers,1,1,D,4.55,3.48,1.93,4.75,3.5,2,4,3.31,1.88,,,,,,
Ireland,Premier Division ,2013,02/04/2013,19:45,St. Patricks,Dundalk,1,2,A,1.6,4,6.6,1.7,4.15,6.6,1.62,3.66,5.2,,,,,,
Ireland,Premier Division ,2013,05/04/2013,19:05,Bohemians,Derry City,0,4,A,4.38,3.25,2.04,4.75,3.3,2.04,3.91,3.22,1.94,,,,,,
Ireland,Premier Division ,2013,05/04/2013,19:45,Bray,St. Patricks,0,1,A,5.77,3.7,1.72,5.77,3.75,1.78,4.81,3.46,1.71,,,,,,
Ireland,Premier Division ,2013,05/04/2013,19:45,Cork City,UC Dublin,2,1,H,1.51,4.37,7.44,1.53,4.55,10,1.4,4.16,8.09,,,,,,
Ireland,Premier Division ,2013,05/04/2013,19:45,Dundalk,Limerick,2,2,D,2.38,3.22,3.39,2.4,3.3,3.39,2.3,3.16,3.02,,,,,,
Ireland,Premier Division ,2013,05/04/2013,20:00,Shamrock Rovers,Drogheda,1,1,D,1.77,3.72,5.22,1.78,3.8,6,1.62,3.6,5.35,,,,,,
Ireland,Premier Division ,2013,06/04/2013,19:45,Sligo Rovers,Shelbourne,2,0,H,1.24,6.35,17.1,1.27,7,20,1.23,5.35,12.9,,,,,,
Ireland,Premier Division ,2013,12/04/2013,19:45,Dundalk,Derry City,1,3,A,3.68,3.55,2.12,3.68,3.55,2.2,3.37,3.22,2.11,,,,,,
Ireland,Premier Division ,2013,12/04/2013,19:45,UC Dublin,St. Patricks,0,1,A,8,4.19,1.51,8,4.33,1.54,6.81,3.83,1.49,,,,,,
Ireland,Premier Division ,2013,12/04/2013,20:00,Shamrock Rovers,Bray,7,0,H,1.4,4.83,9.78,1.4,4.84,10,1.36,4.43,8.46,,,,,,
Ireland,Premier Division ,2013,12/04/2013,20:00,Shelbourne,Drogheda,1,3,A,4.2,3.52,1.99,4.2,3.52,2.1,3.72,3.28,1.97,,,,,,
Ireland,Premier Division ,2013,13/04/2013,15:55,Sligo Rovers,Cork City,2,0,H,1.4,4.65,9.63,1.5,4.65,9.63,1.43,4.05,7.33,,,,,,
Ireland,Premier Division ,2013,15/04/2013,19:45,St. Patricks,Shelbourne,4,0,H,1.46,4.37,9.01,1.46,4.61,11,1.37,4.21,8.82,,,,,,
Ireland,Premier Division ,2013,16/04/2013,19:45,Limerick,Bohemians,2,1,H,1.88,3.44,5.01,1.95,3.5,5.01,1.88,3.28,4.1,,,,,,
Ireland,Premier Division ,2013,19/04/2013,19:05,St. Patricks,Sligo Rovers,2,0,H,3.7,3.2,2.25,3.7,3.3,2.31,3.24,3.06,2.24,,,,,,
Ireland,Premier Division ,2013,19/04/2013,19:45,Bohemians,Dundalk,0,2,A,3.59,3.34,2.24,3.59,3.5,2.4,3.15,3.16,2.23,,,,,,
Ireland,Premier Division ,2013,19/04/2013,19:45,Cork City,Shelbourne,1,1,D,1.59,4.08,6.65,1.6,4.09,7.2,1.51,3.8,6.36,,,,,,
Ireland,Premier Division ,2013,19/04/2013,19:45,Derry City,Shamrock Rovers,2,1,H,2.75,3.22,2.84,2.75,3.25,2.88,2.57,3.1,2.69,,,,,,
Ireland,Premier Division ,2013,19/04/2013,19:45,Drogheda,UC Dublin,3,2,H,1.51,4.55,6.95,1.51,4.55,8,1.45,4.1,6.84,,,,,,
Ireland,Premier Division ,2013,21/04/2013,15:00,Bray,Limerick,0,4,A,4.23,3.56,1.97,4.33,3.59,2,3.92,3.3,1.91,,,,,,
Ireland,Premier Division ,2013,26/04/2013,19:35,Dundalk,Cork City,2,0,H,2.4,3.42,3.16,2.4,3.42,3.3,2.26,3.18,3.07,,,,,,
Ireland,Premier Division ,2013,26/04/2013,19:45,Bohemians,Bray,3,2,H,2.29,3.19,3.62,2.31,3.4,4,2.09,3.16,3.52,,,,,,
Ireland,Premier Division ,2013,26/04/2013,19:45,St. Patricks,Derry City,1,1,D,2.62,3.01,3.23,2.62,3.2,3.45,2.32,3.02,3.13,,,,,,
Ireland,Premier Division ,2013,26/04/2013,19:45,UC Dublin,Shamrock Rovers,2,0,H,8.41,4.73,1.44,8.74,4.75,1.44,7.68,4.37,1.39,,,,,,
Ireland,Premier Division ,2013,27/04/2013,19:45,Limerick,Shelbourne,0,0,D,1.48,4.53,7.75,1.52,4.53,8,1.45,4.04,6.81,,,,,,
Ireland,Premier Division ,2013,27/04/2013,19:45,Sligo Rovers,Drogheda,2,2,D,1.55,4.33,6.65,1.56,4.33,8,1.5,3.85,6.49,,,,,,
Ireland,Premier Division ,2013,29/04/2013,19:45,Bray,Cork City,1,2,A,4.55,3.68,1.88,4.55,3.68,2,3.87,3.41,1.88,,,,,,
Ireland,Premier Division ,2013,29/04/2013,19:45,St. Patricks,Bohemians,1,1,D,1.37,4.82,11.37,1.5,4.82,11.37,1.38,4.29,8.33,,,,,,
Ireland,Premier Division ,2013,03/05/2013,19:45,Bray,Dundalk,0,1,A,5.18,3.88,1.74,5.18,3.88,1.8,4.48,3.48,1.75,,,,,,
Ireland,Premier Division ,2013,03/05/2013,19:45,Cork City,St. Patricks,0,2,A,4.28,3.37,2.02,4.28,3.37,2.17,3.59,3.19,2.04,,,,,,
Ireland,Premier Division ,2013,03/05/2013,19:45,Derry City,Limerick,2,1,H,1.67,3.93,5.78,1.75,3.94,5.8,1.68,3.51,4.99,,,,,,
Ireland,Premier Division ,2013,03/05/2013,19:45,Drogheda,Bohemians,2,2,D,1.63,3.97,6.4,1.72,3.97,6.4,1.64,3.54,5.33,,,,,,
Ireland,Premier Division ,2013,03/05/2013,20:00,Shamrock Rovers,Sligo Rovers,1,1,D,3.11,3.08,2.64,3.11,3.2,2.73,2.78,3.05,2.53,,,,,,
Ireland,Premier Division ,2013,03/05/2013,20:00,Shelbourne,UC Dublin,2,0,H,2.93,3.2,2.69,2.93,3.25,2.95,2.62,3.09,2.66,,,,,,
Ireland,Premier Division ,2013,06/05/2013,15:00,Drogheda,St. Patricks,1,2,A,3.8,3.41,2.13,4,3.41,2.15,3.48,3.23,2.05,,,,,,
Ireland,Premier Division ,2013,06/05/2013,15:30,Cork City,Limerick,2,3,A,3.06,3.25,2.54,3.1,3.25,2.75,2.81,3.06,2.5,,,,,,
Ireland,Premier Division ,2013,06/05/2013,17:00,Sligo Rovers,Derry City,3,0,H,2.15,3.3,3.92,2.17,3.3,3.92,2.07,3.19,3.5,,,,,,
Ireland,Premier Division ,2013,06/05/2013,19:00,Shamrock Rovers,Dundalk,1,0,H,1.74,3.7,5.55,1.75,3.85,5.55,1.69,3.54,4.84,,,,,,
Ireland,Premier Division ,2013,06/05/2013,19:00,Shelbourne,Bray,1,2,A,2.29,3.62,3.19,2.4,3.62,3.5,2.21,3.23,3.13,,,,,,
Ireland,Premier Division ,2013,07/05/2013,19:45,UC Dublin,Bohemians,1,0,H,3.2,3.42,2.38,3.23,3.42,2.6,2.88,3.15,2.4,,,,,,
Ireland,Premier Division ,2013,10/05/2013,19:45,Bohemians,Cork City,1,2,A,3.47,3.28,2.31,3.47,3.28,2.4,3.08,3.1,2.28,,,,,,
Ireland,Premier Division ,2013,10/05/2013,19:45,Bray,Sligo Rovers,0,0,D,12.11,5.68,1.3,12.11,6.01,1.31,10.5,5.23,1.26,,,,,,
Ireland,Premier Division ,2013,10/05/2013,19:45,Derry City,UC Dublin,2,4,A,1.29,6,12.2,1.3,6.07,13,1.26,5.24,10.75,,,,,,
Ireland,Premier Division ,2013,10/05/2013,19:45,Dundalk,Shelbourne,1,0,H,1.45,4.58,8.71,1.53,4.59,8.71,1.46,4.04,6.9,,,,,,
Ireland,Premier Division ,2013,14/05/2013,19:45,Limerick,Drogheda,0,1,A,2.23,3.35,3.58,2.29,3.44,3.65,2.18,3.22,3.19,,,,,,
Ireland,Premier Division ,2013,14/05/2013,19:45,St. Patricks,Shamrock Rovers,0,0,D,2.7,3.18,2.93,2.7,3.25,3,2.52,3.07,2.76,,,,,,
Ireland,Premier Division ,2013,17/05/2013,19:05,Shamrock Rovers,Bohemians,1,1,D,1.35,5,12,1.37,5.2,12,1.34,4.56,8.89,,,,,,
Ireland,Premier Division ,2013,17/05/2013,19:45,Cork City,Bray,1,3,A,1.63,3.9,6.42,1.68,4.17,6.42,1.62,3.61,5.36,,,,,,
Ireland,Premier Division ,2013,17/05/2013,19:45,Drogheda,Derry City,2,3,A,3.2,3.36,2.41,3.3,3.42,2.41,3.06,3.21,2.26,,,,,,
Ireland,Premier Division ,2013,17/05/2013,19:45,UC Dublin,Limerick,1,1,D,4.03,3.74,1.96,4.2,3.74,2,3.78,3.38,1.91,,,,,,
Ireland,Premier Division ,2013,17/05/2013,20:00,Shelbourne,St. Patricks,0,3,A,10.79,4.59,1.4,11.5,4.75,1.45,8.64,4.29,1.37,,,,,,
Ireland,Premier Division ,2013,24/05/2013,19:05,Limerick,Sligo Rovers,0,0,D,6.44,3.96,1.62,6.44,3.96,1.75,5.15,3.62,1.64,,,,,,
Ireland,Premier Division ,2013,24/05/2013,19:45,Bohemians,St. Patricks,0,2,A,8.65,4.21,1.49,9,4.21,1.51,7.37,3.79,1.46,,,,,,
Ireland,Premier Division ,2013,24/05/2013,19:45,Bray,Drogheda,3,2,H,4.8,3.86,1.79,5,3.86,1.9,4.1,3.54,1.8,,,,,,
Ireland,Premier Division ,2013,24/05/2013,19:45,Derry City,Cork City,1,1,D,1.84,3.54,5.03,1.84,3.75,5.5,1.69,3.53,4.83,,,,,,
Ireland,Premier Division ,2013,24/05/2013,19:45,Dundalk,UC Dublin,2,3,A,1.52,4.45,6.91,1.53,4.48,7,1.49,4,6.31,,,,,,
Ireland,Premier Division ,2013,24/05/2013,20:00,Shamrock Rovers,Shelbourne,1,0,H,1.26,6,16,1.26,7,19.89,1.2,5.92,12.68,,,,,,
Ireland,Premier Division ,2013,28/05/2013,19:45,Sligo Rovers,Dundalk,0,1,A,1.51,4.34,7.64,1.51,4.7,7.9,1.46,4.16,6.52,,,,,,
Ireland,Premier Division ,2013,28/05/2013,19:45,St. Patricks,UC Dublin,5,0,H,1.32,5.47,11.5,1.33,6.2,11.5,1.28,5.3,9.42,,,,,,
Ireland,Premier Division ,2013,08/06/2013,17:00,St. Patricks,Limerick,3,0,H,1.5,4.28,8.1,1.54,4.28,8.1,1.48,3.87,6.91,,,,,,
Ireland,Premier Division ,2013,08/06/2013,19:45,Sligo Rovers,Bohemians,0,0,D,1.43,4.59,9,1.46,5,10,1.38,4.36,8.19,,,,,,
Ireland,Premier Division ,2013,08/06/2013,19:45,UC Dublin,Bray,4,5,A,3.06,3.53,2.41,3.06,3.53,2.7,2.69,3.28,2.47,,,,,,
Ireland,Premier Division ,2013,08/06/2013,20:00,Shelbourne,Derry City,0,1,A,6.75,4.05,1.59,7.9,4.5,1.63,6.09,3.79,1.54,,,,,,
Ireland,Premier Division ,2013,09/06/2013,15:30,Cork City,Shamrock Rovers,1,2,A,4.36,3.52,1.95,4.42,3.52,2,3.86,3.37,1.91,,,,,,
Ireland,Premier Division ,2013,10/06/2013,20:00,Drogheda,Dundalk,0,1,A,2.43,3.33,3.19,2.5,3.43,3.19,2.37,3.21,2.88,,,,,,
Ireland,Premier Division ,2013,14/06/2013,19:45,Bohemians,Shelbourne,0,3,A,2.42,3.27,3.27,2.42,3.27,3.5,2.22,3.13,3.22,,,,,,
Ireland,Premier Division ,2013,14/06/2013,19:45,Bray,Derry City,2,3,A,5.2,4.09,1.7,5.26,4.09,1.75,4.81,3.71,1.66,,,,,,
Ireland,Premier Division ,2013,14/06/2013,19:45,Cork City,Drogheda,1,0,H,3.14,3.26,2.5,3.14,3.3,2.75,2.78,3.15,2.48,,,,,,
Ireland,Premier Division ,2013,14/06/2013,19:45,Dundalk,St. Patricks,2,1,H,4.87,3.66,1.83,5.05,3.66,1.83,4.46,3.43,1.77,,,,,,
Ireland,Premier Division ,2013,14/06/2013,20:00,Shamrock Rovers,Limerick,1,0,H,1.52,4.2,7.73,1.57,4.21,7.77,1.49,3.85,6.59,,,,,,
Ireland,Premier Division ,2013,15/06/2013,19:45,Sligo Rovers,UC Dublin,5,2,H,1.26,6.6,12.25,1.26,6.77,13,1.22,5.99,10.7,,,,,,
Ireland,Premier Division ,2013,28/06/2013,19:45,Derry City,Bohemians,2,1,H,1.44,4.75,8.35,1.44,4.84,9.5,1.38,4.39,8.07,,,,,,
Ireland,Premier Division ,2013,28/06/2013,19:45,Drogheda,Shamrock Rovers,0,3,A,4.3,3.75,1.9,4.97,3.75,1.9,4.35,3.51,1.77,,,,,,
Ireland,Premier Division ,2013,28/06/2013,19:45,St. Patricks,Bray,2,0,H,1.35,5.38,10.38,1.36,5.5,10.42,1.33,4.88,8.38,,,,,,
Ireland,Premier Division ,2013,28/06/2013,19:45,UC Dublin,Cork City,3,0,H,4.25,3.76,1.91,4.25,3.76,2.15,3.65,3.43,1.95,,,,,,
Ireland,Premier Division ,2013,28/06/2013,20:00,Shelbourne,Sligo Rovers,0,2,A,8.85,4.69,1.43,9.19,4.69,1.53,7.3,4.06,1.44,,,,,,
Ireland,Premier Division ,2013,29/06/2013,19:45,Limerick,Dundalk,3,2,H,3.05,3.36,2.5,3.14,3.36,2.7,2.82,3.12,2.46,,,,,,
Ireland,Premier Division ,2013,05/07/2013,19:45,Bohemians,Limerick,0,1,A,3.87,3.34,2.14,3.87,3.35,2.29,3.37,3.17,2.13,,,,,,
Ireland,Premier Division ,2013,05/07/2013,19:45,Bray,Shamrock Rovers,0,0,D,8.94,4.82,1.42,8.94,4.82,1.5,7.21,4.29,1.41,,,,,,
Ireland,Premier Division ,2013,05/07/2013,19:45,Cork City,Sligo Rovers,3,1,H,7.28,4.2,1.54,8,4.3,1.55,6.65,3.94,1.48,,,,,,
Ireland,Premier Division ,2013,05/07/2013,19:45,Derry City,Dundalk,0,1,A,1.88,3.64,4.55,1.88,3.75,4.59,1.78,3.52,4.26,,,,,,
Ireland,Premier Division ,2013,07/07/2013,15:00,Drogheda,Shelbourne,0,0,D,1.88,3.6,4.67,1.88,3.6,4.95,1.77,3.43,4.45,,,,,,
Ireland,Premier Division ,2013,09/07/2013,19:45,Limerick,Bray,4,4,D,2.04,3.5,4,2.1,3.75,4.33,1.9,3.39,3.86,,,,,,
Ireland,Premier Division ,2013,12/07/2013,19:45,Dundalk,Bohemians,3,0,H,1.62,3.8,6.92,1.62,3.85,6.92,1.55,3.69,6.03,,,,,,
Ireland,Premier Division ,2013,12/07/2013,20:00,Shamrock Rovers,Derry City,2,1,H,1.87,3.57,4.76,1.87,3.57,4.95,1.8,3.38,4.33,,,,,,
Ireland,Premier Division ,2013,12/07/2013,20:00,Shelbourne,Cork City,2,1,H,2.92,3.21,2.7,3.2,3.3,2.7,2.83,3.14,2.46,,,,,,
Ireland,Premier Division ,2013,14/07/2013,15:00,Sligo Rovers,St. Patricks,1,1,D,2.25,3.26,3.65,2.35,3.3,3.65,2.22,3.09,3.24,,,,,,
Ireland,Premier Division ,2013,14/07/2013,15:00,UC Dublin,Drogheda,2,2,D,4.94,3.91,1.77,4.94,3.91,2,3.73,3.47,1.9,,,,,,
Ireland,Premier Division ,2013,19/07/2013,19:45,Bray,Bohemians,1,3,A,2.27,3.48,3.37,2.36,3.51,3.45,2.19,3.29,3.1,,,,,,
Ireland,Premier Division ,2013,19/07/2013,20:00,Shamrock Rovers,UC Dublin,1,1,D,1.24,7.02,13.58,1.25,7.07,14.53,1.21,6.01,11.66,,,,,,
Ireland,Premier Division ,2013,19/07/2013,20:00,Shelbourne,Limerick,2,1,H,3.23,3.42,2.36,3.23,3.42,2.4,3.02,3.18,2.29,,,,,,
Ireland,Premier Division ,2013,19/07/2013,20:05,Cork City,Dundalk,2,2,D,3,3.24,2.61,3.25,3.34,2.61,2.96,3.18,2.33,,,,,,
Ireland,Premier Division ,2013,26/07/2013,19:45,Bohemians,Drogheda,1,1,D,4.44,3.69,1.89,4.5,3.69,2.1,3.75,3.38,1.93,,,,,,
Ireland,Premier Division ,2013,26/07/2013,19:45,Dundalk,Bray,1,0,H,1.53,4.63,6.35,1.57,4.63,6.9,1.52,4.04,5.72,,,,,,
Ireland,Premier Division ,2013,26/07/2013,19:45,St. Patricks,Cork City,2,1,H,1.48,4.38,8.4,1.48,4.38,8.5,1.43,4.04,7.4,,,,,,
Ireland,Premier Division ,2013,26/07/2013,19:45,UC Dublin,Shelbourne,1,2,A,2.88,3.6,2.5,2.96,3.6,2.6,2.76,3.26,2.43,,,,,,
Ireland,Premier Division ,2013,27/07/2013,19:45,Sligo Rovers,Shamrock Rovers,0,0,D,2.29,3.32,3.47,2.4,3.34,3.47,2.27,3.14,3.1,,,,,,
Ireland,Premier Division ,2013,28/07/2013,17:00,Limerick,Derry City,0,1,A,3.52,3.39,2.24,3.52,3.5,2.29,3.18,3.28,2.16,,,,,,
Ireland,Premier Division ,2013,02/08/2013,19:45,Bohemians,UC Dublin,1,3,A,2.25,3.56,3.32,2.25,3.56,3.57,2.1,3.29,3.31,,,,,,
Ireland,Premier Division ,2013,02/08/2013,19:45,Derry City,Sligo Rovers,1,2,A,3.52,3.41,2.22,3.52,3.41,2.33,3.18,3.23,2.19,,,,,,
Ireland,Premier Division ,2013,02/08/2013,19:45,Dundalk,Shamrock Rovers,3,1,H,3.38,3.41,2.29,3.5,3.41,2.29,3.28,3.24,2.13,,,,,,
Ireland,Premier Division ,2013,02/08/2013,19:45,Limerick,Cork City,2,1,H,2.58,3.34,2.93,2.67,3.35,3.2,2.39,3.16,2.88,,,,,,
Ireland,Premier Division ,2013,02/08/2013,19:45,St. Patricks,Drogheda,0,0,D,1.56,4.3,6.55,1.56,4.33,7,1.49,4.04,6.18,,,,,,
Ireland,Premier Division ,2013,04/08/2013,15:30,Bray,Shelbourne,1,1,D,2.45,3.42,3.08,2.7,3.42,3.08,2.43,3.2,2.76,,,,,,
Ireland,Premier Division ,2013,09/08/2013,19:45,Cork City,Bohemians,1,0,H,1.99,3.41,4.36,2,3.5,4.36,1.93,3.27,3.87,,,,,,
Ireland,Premier Division ,2013,09/08/2013,19:45,Drogheda,Limerick,3,0,H,1.81,3.8,4.76,2.15,3.8,5,1.86,3.45,3.95,,,,,,
Ireland,Premier Division ,2013,09/08/2013,19:45,UC Dublin,Derry City,1,3,A,5.22,4.12,1.69,5.5,4.12,1.75,4.64,3.71,1.68,,,,,,
Ireland,Premier Division ,2013,09/08/2013,20:00,Shamrock Rovers,St. Patricks,0,4,A,2.94,3.12,2.74,2.94,3.3,2.88,2.68,3.04,2.62,,,,,,
Ireland,Premier Division ,2013,09/08/2013,20:00,Shelbourne,Dundalk,1,2,A,4.26,3.44,1.98,4.26,3.5,2,3.86,3.33,1.9,,,,,,
Ireland,Premier Division ,2013,10/08/2013,19:45,Sligo Rovers,Bray,2,0,H,1.23,6.73,15.29,1.25,6.73,15.29,1.23,5.65,11.15,,,,,,
Ireland,Premier Division ,2013,16/08/2013,19:45,Bohemians,Shamrock Rovers,1,0,H,7.83,4.22,1.52,7.83,4.22,1.67,6.45,3.82,1.51,,,,,,
Ireland,Premier Division ,2013,16/08/2013,19:45,Bray,Cork City,1,2,A,2.71,3.39,2.77,2.88,3.42,2.77,2.68,3.21,2.52,,,,,,
Ireland,Premier Division ,2013,16/08/2013,19:45,Derry City,Drogheda,0,2,A,2.27,3.44,3.42,2.34,3.44,3.75,2.13,3.27,3.27,,,,,,
Ireland,Premier Division ,2013,16/08/2013,19:45,Dundalk,Sligo Rovers,2,0,H,3.88,3.28,2.16,3.88,3.3,2.25,3.31,3.19,2.14,,,,,,
Ireland,Premier Division ,2013,16/08/2013,19:45,Limerick,UC Dublin,1,3,A,2.02,3.69,3.85,2.09,3.78,4.5,1.89,3.52,3.73,,,,,,
Ireland,Premier Division ,2013,16/08/2013,19:45,St. Patricks,Shelbourne,1,0,H,1.38,5.09,9.8,1.39,5.09,11.35,1.31,4.71,9.61,,,,,,
Ireland,Premier Division ,2013,30/08/2013,19:45,Cork City,Derry City,4,1,H,3.15,3.47,2.37,3.22,3.47,2.42,3.03,3.22,2.27,,,,,,
Ireland,Premier Division ,2013,30/08/2013,19:45,Drogheda,Bray,2,0,H,1.61,4.29,5.84,1.65,4.29,6,1.58,3.77,5.5,,,,,,
Ireland,Premier Division ,2013,30/08/2013,19:45,St. Patricks,Bohemians,1,1,D,1.32,5.15,14.07,1.33,5.43,14.07,1.29,4.8,10.51,,,,,,
Ireland,Premier Division ,2013,30/08/2013,19:45,UC Dublin,Dundalk,0,2,A,6.01,4.43,1.58,6.01,4.43,1.7,4.95,3.85,1.62,,,,,,
Ireland,Premier Division ,2013,30/08/2013,20:00,Shelbourne,Shamrock Rovers,1,2,A,6.67,4.01,1.6,6.67,4.01,1.73,5.43,3.62,1.61,,,,,,
Ireland,Premier Division ,2013,31/08/2013,19:45,Sligo Rovers,Limerick,2,0,H,1.33,5.33,11.13,1.37,5.34,12,1.32,4.55,9.67,,,,,,
Ireland,Premier Division ,2013,03/09/2013,19:45,Derry City,St. Patricks,0,1,A,4.21,3.6,1.96,4.21,3.65,2.1,3.7,3.37,1.95,,,,,,
Ireland,Premier Division ,2013,03/09/2013,19:45,Drogheda,Sligo Rovers,1,1,D,3.55,3.66,2.13,3.61,3.66,2.24,3.39,3.35,2.05,,,,,,
Ireland,Premier Division ,2013,07/09/2013,19:00,Shamrock Rovers,Cork City,2,1,H,1.66,4.04,5.74,1.73,4.04,6.5,1.63,3.64,5.17,,,,,,
Ireland,Premier Division ,2013,07/09/2013,19:45,Bohemians,Sligo Rovers,0,2,A,6.59,4.27,1.56,8,4.5,1.57,6.72,3.92,1.48,,,,,,
Ireland,Premier Division ,2013,07/09/2013,19:45,Limerick,St. Patricks,0,0,D,8.52,4.48,1.46,9,4.48,1.5,7.64,3.9,1.44,,,,,,
Ireland,Premier Division ,2013,08/09/2013,15:00,Bray,UC Dublin,1,1,D,2.1,3.76,3.52,2.3,3.76,3.54,2.13,3.45,3.11,,,,,,
Ireland,Premier Division ,2013,08/09/2013,18:00,Dundalk,Drogheda,1,0,H,2.27,3.55,3.3,2.29,3.55,3.5,2.13,3.33,3.2,,,,,,
Ireland,Premier Division ,2013,20/09/2013,19:30,St. Patricks,Dundalk,2,0,H,1.96,3.51,4.37,2.1,3.51,4.37,1.97,3.3,3.69,,,,,,
Ireland,Premier Division ,2013,20/09/2013,19:45,Derry City,Bray,2,0,H,1.72,4.08,5.03,1.72,4.08,5.5,1.66,3.64,4.92,,,,,,
Ireland,Premier Division ,2013,20/09/2013,19:45,UC Dublin,Sligo Rovers,0,3,A,8.96,4.92,1.41,8.96,5,1.45,7.59,4.26,1.4,,,,,,
Ireland,Premier Division ,2013,20/09/2013,20:00,Shelbourne,Bohemians,0,3,A,2.95,3.27,2.63,2.95,3.27,3,2.57,3.09,2.72,,,,,,
Ireland,Premier Division ,2013,24/09/2013,19:45,Drogheda,Cork City,2,3,A,2.15,3.37,3.79,2.15,3.55,3.85,2.03,3.31,3.5,,,,,,
Ireland,Premier Division ,2013,24/09/2013,19:45,Limerick,Shamrock Rovers,2,0,H,7.13,4.08,1.56,7.13,4.08,1.63,5.78,3.69,1.57,,,,,,
Ireland,Premier Division ,2013,26/09/2013,20:00,Bray,St. Patricks,1,3,A,9.93,5.31,1.36,10,5.31,1.37,8.89,4.67,1.33,,,,,,
Ireland,Premier Division ,2013,27/09/2013,19:45,Bohemians,Derry City,2,0,H,3.12,3.25,2.51,3.25,3.4,2.59,2.94,3.19,2.35,,,,,,
Ireland,Premier Division ,2013,27/09/2013,19:45,Cork City,UC Dublin,2,0,H,1.62,4.22,5.77,1.75,4.35,5.79,1.63,3.81,4.91,,,,,,
Ireland,Premier Division ,2013,27/09/2013,19:45,Dundalk,Limerick,1,2,A,1.45,4.71,8.19,1.53,4.8,8.5,1.42,4.24,7.16,,,,,,
Ireland,Premier Division ,2013,27/09/2013,19:45,Sligo Rovers,Shelbourne,2,0,H,1.2,6.87,20.02,1.24,6.87,20.02,1.19,5.86,14.55,,,,,,
Ireland,Premier Division ,2013,27/09/2013,20:00,Shamrock Rovers,Drogheda,3,1,H,1.8,3.53,4.68,1.82,3.79,5,1.73,3.48,4.61,,,,,,
Ireland,Premier Division ,2013,30/09/2013,19:45,Dundalk,Derry City,3,0,H,1.78,3.64,5.34,1.81,3.64,5.34,1.75,3.51,4.39,,,,,,
Ireland,Premier Division ,2013,30/09/2013,19:45,Limerick,Bohemians,1,0,H,2.27,3.38,3.47,2.3,3.45,3.48,2.16,3.24,3.23,,,,,,
Ireland,Premier Division ,2013,30/09/2013,19:45,Sligo Rovers,Cork City,0,0,D,1.51,4.33,7.72,1.53,4.33,7.72,1.48,3.94,6.52,,,,,,
Ireland,Premier Division ,2013,30/09/2013,20:00,Shamrock Rovers,Bray,3,0,H,1.39,5.03,9.33,1.4,5.06,9.33,1.35,4.61,7.97,,,,,,
Ireland,Premier Division ,2013,30/09/2013,20:00,Shelbourne,Drogheda,2,2,D,2.95,3.56,2.47,3.05,3.57,2.55,2.84,3.26,2.35,,,,,,
Ireland,Premier Division ,2013,04/10/2013,19:45,Derry City,Shelbourne,3,1,H,1.8,3.75,4.94,1.8,3.75,4.98,1.75,3.53,4.45,,,,,,
Ireland,Premier Division ,2013,04/10/2013,19:45,UC Dublin,St. Patricks,1,3,A,13.88,5.51,1.22,13.88,5.86,1.33,10.32,5.26,1.26,,,,,,
Ireland,Premier Division ,2013,10/10/2013,20:00,Cork City,Shelbourne,5,3,H,1.73,3.61,4.63,1.73,4,5.5,1.63,3.81,4.8,,,,,,
Ireland,Premier Division ,2013,12/10/2013,17:00,Derry City,Shamrock Rovers,0,0,D,3.83,3.53,2.08,3.83,3.6,2.2,3.36,3.33,2.07,,,,,,
Ireland,Premier Division ,2013,12/10/2013,19:00,Drogheda,UC Dublin,1,1,D,2.01,3.59,4,2.01,3.67,4.4,1.91,3.46,3.73,,,,,,
Ireland,Premier Division ,2013,12/10/2013,19:45,Bohemians,Dundalk,1,1,D,3.72,3.53,2.11,4.2,3.6,2.15,3.67,3.38,1.95,,,,,,
Ireland,Premier Division ,2013,13/10/2013,15:00,Bray,Limerick,1,0,H,2.7,3.49,2.71,3,3.51,2.72,2.72,3.28,2.46,,,,,,
Ireland,Premier Division ,2013,13/10/2013,17:15,St. Patricks,Sligo Rovers,2,0,H,2.37,3.33,3.31,2.37,3.5,3.6,2.13,3.23,3.32,,,,,,
Ireland,Premier Division ,2013,16/10/2013,19:45,Limerick,Shelbourne,1,0,H,2.55,3.22,2.71,2.63,3.65,3.3,2.4,3.32,2.77,,,,,,
Ireland,Premier Division ,2013,18/10/2013,19:45,Bohemians,Bray,0,1,A,2.26,3.43,3.43,2.26,3.5,3.5,2.12,3.28,3.26,,,,,,
Ireland,Premier Division ,2013,18/10/2013,19:45,Dundalk,Cork City,4,0,H,1.84,3.76,4.64,1.85,3.8,4.75,1.8,3.53,4.18,,,,,,
Ireland,Premier Division ,2013,18/10/2013,19:45,Mervue,Longford,1,0,H,2.52,3.51,2.92,2.55,3.51,3.4,2.26,3.22,2.99,,,,,,
Ireland,Premier Division ,2013,18/10/2013,19:45,St. Patricks,Derry City,1,1,D,1.78,3.79,5.04,1.85,3.79,5.04,1.77,3.49,4.37,,,,,,
Ireland,Premier Division ,2013,18/10/2013,19:45,UC Dublin,Shamrock Rovers,1,4,A,6.18,4.12,1.61,6.18,4.12,1.75,4.93,3.71,1.65,,,,,,
Ireland,Premier Division ,2013,19/10/2013,19:45,Sligo Rovers,Drogheda,3,1,H,1.51,4.36,7.51,1.55,4.36,8,1.47,3.94,6.79,,,,,,
Ireland,Premier Division ,2013,25/10/2013,19:45,Bray,Dundalk,0,2,A,4.7,3.85,1.81,4.7,3.85,2,3.93,3.51,1.86,,,,,,
Ireland,Premier Division ,2013,25/10/2013,19:45,Cork City,St. Patricks,4,2,H,2.94,3.48,2.51,3,3.5,2.55,2.84,3.25,2.36,,,,,,
Ireland,Premier Division ,2013,25/10/2013,19:45,Derry City,Limerick,6,0,H,1.46,4.51,8.39,1.55,4.51,8.39,1.48,3.97,6.71,,,,,,
Ireland,Premier Division ,2013,25/10/2013,19:45,Drogheda,Bohemians,1,0,H,3.1,3.21,2.56,3.1,3.3,2.56,2.86,3.17,2.41,,,,,,
Ireland,Premier Division ,2013,25/10/2013,19:45,Longford,Mervue,2,1,H,1.97,3.59,4.18,2,3.6,4.18,1.94,3.37,3.66,,,,,,
Ireland,Premier Division ,2013,25/10/2013,19:45,Shamrock Rovers,Sligo Rovers,1,2,A,2.36,3.27,3.39,2.4,3.33,3.39,2.33,3.18,2.96,,,,,,
Ireland,Premier Division ,2013,25/10/2013,19:45,Shelbourne,UC Dublin,1,2,A,3.63,3.62,2.11,3.65,3.65,2.2,3.24,3.39,2.1,,,,,,
Ireland,Premier Division ,2013,28/10/2013,19:45,Bray,Longford,2,2,D,1.69,3.79,5.73,1.91,3.79,5.73,1.74,3.49,4.54,,,,,,
Ireland,Premier Division ,2013,01/11/2013,19:45,Longford,Bray,2,3,A,3.33,3.52,2.27,3.34,3.52,2.5,2.94,3.24,2.31,,,,,,
Ireland,Premier Division ,2014,07/03/2014,19:45,Cork City,St. Patricks,1,1,D,4.96,3.58,1.83,4.96,3.6,1.91,4.24,3.33,1.83,,,,,,
Ireland,Premier Division ,2014,07/03/2014,19:45,Drogheda,Dundalk,4,1,H,4.07,3.54,2.01,4.5,3.55,2.03,4.03,3.32,1.88,,,,,,
Ireland,Premier Division ,2014,07/03/2014,19:45,Limerick,Bray,0,0,D,1.63,4.11,6.02,1.63,4.11,6.3,1.58,3.73,5.53,,,,,,
Ireland,Premier Division ,2014,07/03/2014,19:45,UC Dublin,Bohemians,0,3,A,3.87,3.49,2.09,3.87,3.5,2.1,3.56,3.32,2,,,,,,
Ireland,Premier Division ,2014,08/03/2014,19:45,Sligo Rovers,Athlone,2,1,H,1.25,6.05,16.5,1.36,6.7,18,1.2,5.79,13.23,,,,,,
Ireland,Premier Division ,2014,09/03/2014,17:25,Shamrock Rovers,Derry City,1,1,D,1.89,3.66,4.49,1.91,3.66,4.87,1.8,3.43,4.26,,,,,,
Ireland,Premier Division ,2014,14/03/2014,19:45,Athlone,Shamrock Rovers,1,4,A,9.83,4.88,1.39,10,4.88,1.5,7.93,4.19,1.4,,,,,,
Ireland,Premier Division ,2014,14/03/2014,19:45,Bohemians,Drogheda,2,2,D,2.23,3.38,3.58,2.3,3.38,3.59,2.15,3.16,3.34,,,,,,
Ireland,Premier Division ,2014,14/03/2014,19:45,Bray,Sligo Rovers,1,0,H,10.35,4.92,1.38,11,5,1.45,8.94,4.38,1.36,,,,,,
Ireland,Premier Division ,2014,14/03/2014,19:45,Dundalk,Limerick,2,1,H,1.46,4.46,8.75,1.6,4.5,8.75,1.47,3.96,6.98,,,,,,
Ireland,Premier Division ,2014,14/03/2014,19:45,St. Patricks,UC Dublin,3,2,H,1.18,7.81,21.4,1.2,8.5,21.4,1.15,6.91,15.89,,,,,,
Ireland,Premier Division ,2014,16/03/2014,15:15,Derry City,Cork City,0,1,A,2,3.5,4.15,2.1,3.5,4.16,1.97,3.25,3.74,,,,,,
Ireland,Premier Division ,2014,21/03/2014,19:45,Bohemians,Shamrock Rovers,1,3,A,5.44,3.7,1.75,5.44,3.7,1.9,4.49,3.4,1.77,,,,,,
Ireland,Premier Division ,2014,21/03/2014,19:45,Cork City,Bray,3,1,H,1.57,4.19,6.66,1.6,4.25,6.66,1.53,3.89,5.85,,,,,,
Ireland,Premier Division ,2014,21/03/2014,19:45,Drogheda,Derry City,1,1,D,3.43,3.45,2.24,3.5,3.45,2.28,3.23,3.22,2.16,,,,,,
Ireland,Premier Division ,2014,21/03/2014,19:45,UC Dublin,Athlone,2,1,H,2.24,3.53,3.39,2.3,3.53,3.4,2.19,3.24,3.16,,,,,,
Ireland,Premier Division ,2014,22/03/2014,15:15,St. Patricks,Limerick,1,1,D,1.34,5,12.56,1.35,5.5,12.56,1.31,4.74,9.54,,,,,,
Ireland,Premier Division ,2014,22/03/2014,19:45,Sligo Rovers,Dundalk,0,1,A,1.91,3.72,4.31,1.96,3.72,4.33,1.87,3.38,3.97,,,,,,
Ireland,Premier Division ,2014,28/03/2014,19:05,Shamrock Rovers,Sligo Rovers,1,0,H,2.5,3.16,3.24,2.5,3.3,3.5,2.28,3.08,3.13,,,,,,
Ireland,Premier Division ,2014,28/03/2014,19:45,Athlone,Cork City,0,3,A,5.93,4.07,1.64,6.5,4.07,1.64,5.54,3.75,1.57,,,,,,
Ireland,Premier Division ,2014,28/03/2014,19:45,Bray,UC Dublin,3,5,A,2.19,3.69,3.36,2.23,3.69,3.63,2.1,3.31,3.28,,,,,,
Ireland,Premier Division ,2014,28/03/2014,19:45,Derry City,St. Patricks,0,0,D,3.83,3.27,2.18,3.83,3.4,2.21,3.41,3.16,2.11,,,,,,
Ireland,Premier Division ,2014,28/03/2014,19:45,Dundalk,Bohemians,1,1,D,1.69,3.91,5.6,1.7,3.91,6.16,1.62,3.62,5.27,,,,,,
Ireland,Premier Division ,2014,28/03/2014,19:45,Limerick,Drogheda,0,1,A,3.23,3.3,2.43,3.23,3.35,2.75,2.78,3.16,2.47,,,,,,
Ireland,Premier Division ,2014,04/04/2014,19:05,St. Patricks,Dundalk,1,4,A,2.18,3.35,3.7,2.25,3.4,3.7,2.13,3.18,3.34,,,,,,
Ireland,Premier Division ,2014,04/04/2014,19:45,Bohemians,Bray,1,1,D,1.65,3.99,5.98,1.73,4.15,5.98,1.63,3.66,5.19,,,,,,
Ireland,Premier Division ,2014,04/04/2014,19:45,Cork City,Shamrock Rovers,3,0,H,3.54,3.16,2.35,3.54,3.3,2.35,3.2,3.13,2.22,,,,,,
Ireland,Premier Division ,2014,04/04/2014,19:45,Derry City,Sligo Rovers,1,0,H,3.71,3.17,2.27,3.71,3.2,2.3,3.27,3.09,2.21,,,,,,
Ireland,Premier Division ,2014,04/04/2014,19:45,Drogheda,Athlone,3,2,H,1.54,4.36,6.85,1.55,4.36,6.85,1.51,3.95,6.06,,,,,,
Ireland,Premier Division ,2014,04/04/2014,19:45,UC Dublin,Limerick,1,1,D,2.86,3.44,2.6,2.86,3.44,2.69,2.63,3.21,2.56,,,,,,
Ireland,Premier Division ,2014,07/04/2014,19:45,Athlone,Bohemians,1,3,A,4.73,3.77,1.83,4.73,3.77,1.9,4.28,3.45,1.79,,,,,,
Ireland,Premier Division ,2014,07/04/2014,19:45,Bray,St. Patricks,1,3,A,8.92,4.78,1.42,8.92,4.78,1.5,7.08,4.27,1.42,,,,,,
Ireland,Premier Division ,2014,07/04/2014,19:45,Dundalk,Derry City,3,0,H,1.91,3.63,4.42,2,3.63,4.45,1.89,3.31,4,,,,,,
Ireland,Premier Division ,2014,07/04/2014,19:45,Sligo Rovers,Drogheda,1,1,D,1.65,3.78,6.42,1.7,3.88,6.42,1.61,3.65,5.34,,,,,,
Ireland,Premier Division ,2014,07/04/2014,20:00,Shamrock Rovers,UC Dublin,2,0,H,1.28,6.12,12.17,1.35,6.12,12.67,1.27,5.34,9.58,,,,,,
Ireland,Premier Division ,2014,11/04/2014,19:45,Bohemians,Limerick,0,1,A,2.08,3.35,4.07,2.08,3.5,4.5,1.93,3.22,3.98,,,,,,
Ireland,Premier Division ,2014,11/04/2014,19:45,Cork City,Sligo Rovers,1,1,D,2.52,3.24,3.13,2.52,3.32,3.25,2.35,3.18,2.92,,,,,,
Ireland,Premier Division ,2014,11/04/2014,19:45,Derry City,Athlone,3,2,H,1.34,5.31,10.92,1.36,5.5,10.92,1.31,4.77,9.11,,,,,,
Ireland,Premier Division ,2014,11/04/2014,19:45,Drogheda,Bray,0,2,A,1.49,4.59,7.32,1.55,4.59,7.32,1.49,4.07,6.21,,,,,,
Ireland,Premier Division ,2014,11/04/2014,19:45,St. Patricks,Shamrock Rovers,1,0,H,2.66,3.19,2.97,2.66,3.2,3,2.48,3.08,2.81,,,,,,
Ireland,Premier Division ,2014,11/04/2014,19:45,UC Dublin,Dundalk,1,4,A,8.98,5.08,1.4,8.98,5.1,1.44,7.73,4.48,1.37,,,,,,
Ireland,Premier Division ,2014,18/04/2014,17:00,Bray,Derry City,0,0,D,3.95,3.81,1.96,4.5,3.81,2.06,4.07,3.51,1.82,,,,,,
Ireland,Premier Division ,2014,18/04/2014,19:45,Cork City,Drogheda,3,1,H,1.69,3.99,5.4,1.72,3.99,5.4,1.67,3.61,4.87,,,,,,
Ireland,Premier Division ,2014,18/04/2014,19:45,Dundalk,Shamrock Rovers,2,2,D,2.4,3.33,3.24,2.42,3.33,3.35,2.26,3.17,3.08,,,,,,
Ireland,Premier Division ,2014,18/04/2014,19:45,Limerick,Athlone,2,1,H,1.78,3.69,5.27,1.83,3.75,5.27,1.73,3.51,4.55,,,,,,
Ireland,Premier Division ,2014,18/04/2014,19:45,Sligo Rovers,UC Dublin,5,0,H,1.2,7.44,18.13,1.25,7.44,18.13,1.2,6.09,12.35,,,,,,
Ireland,Premier Division ,2014,18/04/2014,19:45,St. Patricks,Bohemians,3,1,H,1.71,3.75,5.79,1.71,3.8,6.1,1.61,3.54,5.59,,,,,,
Ireland,Premier Division ,2014,21/04/2014,15:00,Bohemians,Sligo Rovers,0,2,A,7.49,3.83,1.59,7.49,3.95,1.65,5.83,3.64,1.58,,,,,,
Ireland,Premier Division ,2014,21/04/2014,15:00,Derry City,Limerick,0,0,D,1.91,3.51,4.61,1.93,3.76,5.25,1.77,3.41,4.51,,,,,,
Ireland,Premier Division ,2014,21/04/2014,15:00,UC Dublin,Cork City,0,1,A,6.35,4.74,1.52,8,4.74,1.52,6.17,4.17,1.47,,,,,,
Ireland,Premier Division ,2014,21/04/2014,17:00,Athlone,Dundalk,0,1,A,15,6.6,1.24,15,6.82,1.25,11.97,5.91,1.21,,,,,,
Ireland,Premier Division ,2014,21/04/2014,18:00,Drogheda,St. Patricks,0,4,A,5.52,3.72,1.74,5.58,3.75,1.8,4.69,3.4,1.74,,,,,,
Ireland,Premier Division ,2014,21/04/2014,19:00,Shamrock Rovers,Bray,2,1,H,1.38,5.18,9.67,1.38,5.95,12,1.3,5.1,9.07,,,,,,
Ireland,Premier Division ,2014,25/04/2014,19:45,Bray,Dundalk,1,0,H,7,4.41,1.53,7,4.51,1.53,6.31,4.15,1.47,,,,,,
Ireland,Premier Division ,2014,25/04/2014,19:45,Cork City,Bohemians,1,1,D,1.7,3.81,5.69,1.72,3.81,5.95,1.64,3.61,5.16,,,,,,
Ireland,Premier Division ,2014,25/04/2014,19:45,Derry City,UC Dublin,1,1,D,1.56,4.25,6.69,1.57,4.25,7.3,1.49,3.94,6.33,,,,,,
Ireland,Premier Division ,2014,25/04/2014,19:45,Drogheda,Shamrock Rovers,2,3,A,6.16,3.87,1.65,6.5,3.87,1.67,5.55,3.64,1.6,,,,,,
Ireland,Premier Division ,2014,25/04/2014,19:45,Limerick,Sligo Rovers,0,3,A,7.36,4.04,1.56,7.66,4.04,1.6,6.87,3.7,1.5,,,,,,
Ireland,Premier Division ,2014,25/04/2014,19:45,St. Patricks,Athlone,4,0,H,1.14,9,24.4,1.18,9,25.05,1.13,7.27,16.56,,,,,,
Ireland,Premier Division ,2014,02/05/2014,19:45,Athlone,Bray,0,0,D,3.4,3.62,2.2,3.55,3.63,2.2,3.29,3.36,2.08,,,,,,
Ireland,Premier Division ,2014,02/05/2014,19:45,Bohemians,Derry City,1,1,D,2.87,3.14,2.78,2.87,3.3,2.78,2.66,3.09,2.61,,,,,,
Ireland,Premier Division ,2014,02/05/2014,19:45,Dundalk,Cork City,4,0,H,2.06,3.67,3.74,2.09,3.67,4,1.98,3.33,3.63,,,,,,
Ireland,Premier Division ,2014,02/05/2014,19:45,UC Dublin,Drogheda,2,1,H,3.92,3.99,1.93,4,3.99,2.1,3.66,3.56,1.9,,,,,,
Ireland,Premier Division ,2014,02/05/2014,20:00,Shamrock Rovers,Limerick,1,1,D,1.39,4.76,10.36,1.4,4.89,11.17,1.36,4.33,9,,,,,,
Ireland,Premier Division ,2014,03/05/2014,19:45,Sligo Rovers,St. Patricks,2,2,D,2.36,3.34,3.33,2.45,3.4,3.33,2.31,3.15,3,,,,,,
Ireland,Premier Division ,2014,09/05/2014,19:45,Bohemians,UC Dublin,0,0,D,1.7,4.18,5.02,1.7,4.18,5.5,1.65,3.77,4.8,,,,,,
Ireland,Premier Division ,2014,09/05/2014,19:45,Bray,Limerick,1,0,H,2.23,3.51,3.45,2.28,3.51,3.45,2.19,3.23,3.18,,,,,,
Ireland,Premier Division ,2014,09/05/2014,19:45,Derry City,Shamrock Rovers,0,1,A,5.45,3.63,1.77,5.45,3.65,1.91,4.37,3.4,1.8,,,,,,
Ireland,Premier Division ,2014,09/05/2014,19:45,St. Patricks,Cork City,3,2,H,1.68,4.01,5.49,1.72,4.01,5.62,1.66,3.62,4.95,,,,,,
Ireland,Premier Division ,2014,16/05/2014,19:45,Cork City,Derry City,2,0,H,1.94,3.67,4.2,2.05,3.67,4.3,1.95,3.29,3.79,,,,,,
Ireland,Premier Division ,2014,16/05/2014,19:45,Drogheda,Bohemians,1,0,H,2.91,3.38,2.59,2.94,3.38,2.8,2.68,3.17,2.56,,,,,,
Ireland,Premier Division ,2014,16/05/2014,19:45,Limerick,Dundalk,1,2,A,5.68,4.24,1.63,6.55,4.24,1.63,5.99,3.81,1.53,,,,,,
Ireland,Premier Division ,2014,16/05/2014,19:45,UC Dublin,St. Patricks,1,1,D,12.82,6.65,1.26,13,6.65,1.29,10.78,5.41,1.25,,,,,,
Ireland,Premier Division ,2014,17/05/2014,19:00,Shamrock Rovers,Athlone,1,0,H,1.22,6.88,16.19,1.25,7.5,17.65,1.19,6.21,13.08,,,,,,
Ireland,Premier Division ,2014,17/05/2014,19:45,Sligo Rovers,Bray,3,0,H,1.36,5.25,10.18,1.38,5.25,10.5,1.3,4.82,9.68,,,,,,
Ireland,Premier Division ,2014,20/05/2014,19:45,Athlone,Sligo Rovers,0,2,A,10.4,5.38,1.34,12,5.38,1.35,9.39,4.67,1.32,,,,,,
Ireland,Premier Division ,2014,20/05/2014,19:45,Dundalk,Drogheda,7,0,H,1.51,4.5,7.04,1.51,4.51,7.47,1.45,4.13,6.71,,,,,,
Ireland,Premier Division ,2014,20/05/2014,19:45,Limerick,Cork City,1,2,A,3.87,3.44,2.1,3.87,3.44,2.2,3.52,3.2,2.07,,,,,,
Ireland,Premier Division ,2014,23/05/2014,19:45,Athlone,UC Dublin,2,0,H,2.7,3.48,2.72,2.8,3.48,2.8,2.63,3.17,2.59,,,,,,
Ireland,Premier Division ,2014,23/05/2014,19:45,Bray,Cork City,0,2,A,3.7,3.59,2.1,3.7,3.59,2.2,3.35,3.36,2.07,,,,,,
Ireland,Premier Division ,2014,23/05/2014,19:45,Derry City,Drogheda,2,0,H,1.71,4.16,5,1.73,4.22,6,1.66,3.67,4.85,,,,,,
Ireland,Premier Division ,2014,23/05/2014,19:45,Dundalk,Sligo Rovers,3,0,H,2.25,3.36,3.54,2.38,3.4,3.54,2.2,3.16,3.23,,,,,,
Ireland,Premier Division ,2014,23/05/2014,19:45,Limerick,St. Patricks,2,0,H,7.82,4.34,1.5,8.46,4.37,1.5,7.19,3.94,1.46,,,,,,
Ireland,Premier Division ,2014,23/05/2014,20:00,Shamrock Rovers,Bohemians,0,0,D,1.6,4.08,6.48,1.6,4.25,7.5,1.51,3.84,6.32,,,,,,
Ireland,Premier Division ,2014,30/05/2014,19:45,Bohemians,Dundalk,0,2,A,6.93,4.02,1.58,6.93,4.2,1.67,5.46,3.77,1.58,,,,,,
Ireland,Premier Division ,2014,30/05/2014,19:45,Cork City,Athlone,1,0,H,1.4,5,9.25,1.47,5,9.25,1.39,4.39,7.41,,,,,,
Ireland,Premier Division ,2014,30/05/2014,19:45,Drogheda,Limerick,1,4,A,2.91,3.28,2.66,2.91,3.3,2.8,2.63,3.13,2.61,,,,,,
Ireland,Premier Division ,2014,30/05/2014,19:45,St. Patricks,Derry City,5,2,H,1.59,4.03,6.77,1.59,4.33,7.84,1.5,3.93,6.29,,,,,,
Ireland,Premier Division ,2014,30/05/2014,19:45,UC Dublin,Bray,0,0,D,2.88,3.58,2.51,2.91,3.58,2.65,2.71,3.27,2.46,,,,,,
Ireland,Premier Division ,2014,01/06/2014,15:00,Sligo Rovers,Shamrock Rovers,0,1,A,2.41,3.21,3.34,2.41,3.4,3.38,2.27,3.16,3.07,,,,,,
Ireland,Premier Division ,2014,02/06/2014,19:45,Dundalk,UC Dublin,5,2,H,1.23,6.75,16,1.25,7.12,20,1.18,6.24,14.49,,,,,,
Ireland,Premier Division ,2014,02/06/2014,19:45,St. Patricks,Drogheda,6,0,H,1.26,6.5,13.2,1.3,6.5,13.95,1.24,5.4,11.31,,,,,,
Ireland,Premier Division ,2014,13/06/2014,19:45,Athlone,Drogheda,6,0,H,2.71,3.45,2.73,2.71,3.45,2.8,2.54,3.18,2.67,,,,,,
Ireland,Premier Division ,2014,13/06/2014,19:45,Bray,Bohemians,0,5,A,3.32,3.39,2.33,3.32,3.39,2.4,3.06,3.13,2.29,,,,,,
Ireland,Premier Division ,2014,13/06/2014,19:45,Dundalk,St. Patricks,0,0,D,2.27,3.48,3.36,2.31,3.48,3.4,2.2,3.22,3.16,,,,,,
Ireland,Premier Division ,2014,13/06/2014,19:45,Limerick,UC Dublin,2,1,H,1.63,4.19,5.89,1.7,4.19,5.89,1.63,3.72,5.1,,,,,,
Ireland,Premier Division ,2014,13/06/2014,19:45,Sligo Rovers,Derry City,2,2,D,1.7,3.79,5.73,1.74,3.8,5.73,1.66,3.54,5.05,,,,,,
Ireland,Premier Division ,2014,13/06/2014,20:00,Shamrock Rovers,Cork City,0,2,A,1.99,3.61,4.07,1.99,3.61,4.1,1.9,3.33,3.92,,,,,,
Ireland,Premier Division ,2014,27/06/2014,19:45,Bohemians,Athlone,2,2,D,1.68,3.91,5.74,1.75,3.91,5.74,1.67,3.6,4.93,,,,,,
Ireland,Premier Division ,2014,27/06/2014,19:45,Cork City,Limerick,3,0,H,1.63,4.06,5.94,1.75,4.06,5.94,1.66,3.61,4.89,,,,,,
Ireland,Premier Division ,2014,27/06/2014,19:45,Derry City,Dundalk,2,2,D,5.04,3.86,1.76,5.7,3.86,1.76,4.8,3.57,1.69,,,,,,
Ireland,Premier Division ,2014,27/06/2014,19:45,Drogheda,Sligo Rovers,1,2,A,5.43,4.52,1.61,7,4.52,1.64,5.27,4.09,1.55,,,,,,
Ireland,Premier Division ,2014,27/06/2014,19:45,St. Patricks,Bray,3,2,H,1.23,6.68,15.71,1.25,6.68,19,1.2,5.87,12.99,,,,,,
Ireland,Premier Division ,2014,27/06/2014,19:45,UC Dublin,Shamrock Rovers,0,2,A,8.84,5.07,1.4,8.84,5.07,1.42,7.68,4.54,1.37,,,,,,
Ireland,Premier Division ,2014,04/07/2014,19:45,Bray,Drogheda,1,3,A,2.2,3.58,3.43,2.25,3.62,3.43,2.15,3.33,3.16,,,,,,
Ireland,Premier Division ,2014,04/07/2014,19:45,Limerick,Bohemians,1,2,A,3.13,3.24,2.52,3.13,3.25,2.7,2.8,3.07,2.51,,,,,,
Ireland,Premier Division ,2014,05/07/2014,19:00,Shamrock Rovers,St. Patricks,2,1,H,2.91,3.4,2.58,2.91,3.4,2.7,2.73,3.08,2.55,,,,,,
Ireland,Premier Division ,2014,06/07/2014,16:00,Athlone,Derry City,0,1,A,4.87,4.01,1.75,4.87,4.01,1.95,4.15,3.51,1.81,,,,,,
Ireland,Premier Division ,2014,06/07/2014,19:00,Sligo Rovers,Cork City,0,0,D,2.16,3.59,3.52,2.3,3.59,3.6,2.12,3.31,3.26,,,,,,
Ireland,Premier Division ,2014,11/07/2014,19:45,Athlone,Limerick,3,0,H,2.51,3.47,2.95,2.8,3.47,2.95,2.58,3.21,2.62,,,,,,
Ireland,Premier Division ,2014,11/07/2014,19:45,Drogheda,Cork City,0,1,A,5.43,4.22,1.65,5.5,4.22,1.66,5.01,3.86,1.61,,,,,,
Ireland,Premier Division ,2014,11/07/2014,20:00,Bohemians,St. Patricks,1,1,D,5.9,4.01,1.65,5.9,4.01,1.75,5.06,3.63,1.65,,,,,,
Ireland,Premier Division ,2014,13/07/2014,15:00,UC Dublin,Sligo Rovers,1,0,H,9.07,5.06,1.39,9.07,5.06,1.5,7.33,4.35,1.4,,,,,,
Ireland,Premier Division ,2014,13/07/2014,16:00,Shamrock Rovers,Dundalk,0,1,A,3,3.45,2.48,3,3.45,2.65,2.72,3.21,2.49,,,,,,
Ireland,Premier Division ,2014,13/07/2014,17:00,Derry City,Bray,5,0,H,1.53,4.35,7.12,1.55,4.35,7.29,1.5,3.85,6.36,,,,,,
Ireland,Premier Division ,2014,18/07/2014,19:45,Bray,Shamrock Rovers,0,3,A,9.54,4.76,1.41,10,5,1.45,8.41,4.45,1.36,,,,,,
Ireland,Premier Division ,2014,18/07/2014,20:05,Cork City,UC Dublin,2,1,H,1.25,6.43,14.02,1.27,6.45,14.11,1.24,5.42,11.2,,,,,,
Ireland,Premier Division ,2014,20/07/2014,19:00,Dundalk,Athlone,2,0,H,1.22,7.34,14,1.25,7.57,17,1.18,6.69,12,,,,,,
Ireland,Premier Division ,2014,25/07/2014,20:00,Bohemians,Cork City,2,0,H,3.22,3.34,2.41,3.6,3.4,2.42,3.18,3.18,2.21,,,,,,
Ireland,Premier Division ,2014,25/07/2014,20:00,Shamrock Rovers,Drogheda,0,1,A,1.39,5.24,8.84,1.39,5.25,9.9,1.34,4.65,8.4,,,,,,
Ireland,Premier Division ,2014,26/07/2014,19:45,Athlone,St. Patricks,0,2,A,6.3,4.67,1.53,7.1,4.67,1.53,6.5,4.16,1.46,,,,,,
Ireland,Premier Division ,2014,27/07/2014,17:00,UC Dublin,Derry City,1,6,A,6.77,4.24,1.56,6.77,4.25,1.7,5.48,3.81,1.58,,,,,,
Ireland,Premier Division ,2014,27/07/2014,19:00,Dundalk,Bray,5,1,H,1.23,7.13,13.8,1.23,7.13,19.5,1.18,6.3,14.17,,,,,,
Ireland,Premier Division ,2014,27/07/2014,19:00,Sligo Rovers,Limerick,2,0,H,1.57,4.28,6.41,1.63,4.28,6.41,1.57,3.76,5.61,,,,,,
Ireland,Premier Division ,2014,01/08/2014,19:45,Bray,Athlone,1,1,D,2.96,3.34,2.58,2.96,3.4,2.65,2.75,3.14,2.49,,,,,,
Ireland,Premier Division ,2014,01/08/2014,19:45,Derry City,Bohemians,4,0,H,2.14,3.57,3.6,2.18,3.57,3.9,2.08,3.29,3.35,,,,,,
Ireland,Premier Division ,2014,01/08/2014,19:45,Drogheda,UC Dublin,4,0,H,1.5,4.73,6.9,1.6,4.73,7.3,1.5,4.12,5.85,,,,,,
Ireland,Premier Division ,2014,01/08/2014,19:45,Limerick,Shamrock Rovers,4,1,H,4.95,3.91,1.76,5,3.91,1.9,4.36,3.49,1.77,,,,,,
Ireland,Premier Division ,2014,01/08/2014,19:45,St. Patricks,Sligo Rovers,1,0,H,1.78,3.79,4.98,1.8,3.8,5.01,1.75,3.53,4.42,,,,,,
Ireland,Premier Division ,2014,01/08/2014,20:00,Cork City,Dundalk,1,2,A,4.27,3.63,1.94,4.27,3.63,2.05,3.75,3.35,1.94,,,,,,
Ireland,Premier Division ,2014,07/08/2014,19:45,Limerick,Bray,4,1,H,1.54,4.61,6.28,1.55,4.61,7.2,1.48,4.12,6.2,,,,,,
Ireland,Premier Division ,2014,08/08/2014,19:45,Cork City,St. Patricks,1,0,H,3.8,3.57,2.08,3.8,3.57,2.2,3.4,3.25,2.08,,,,,,
Ireland,Premier Division ,2014,08/08/2014,19:45,UC Dublin,Bohemians,0,0,D,7.95,5.15,1.42,8.09,5.15,1.57,6.73,4.31,1.43,,,,,,
Ireland,Premier Division ,2014,08/08/2014,20:00,Drogheda,Dundalk,1,1,D,8.09,5.35,1.4,8.09,5.35,1.5,6.78,4.28,1.43,,,,,,
Ireland,Premier Division ,2014,08/08/2014,20:00,Shamrock Rovers,Derry City,2,0,H,1.99,3.43,4.31,2,3.5,4.33,1.91,3.35,3.88,,,,,,
Ireland,Premier Division ,2014,09/08/2014,19:45,Sligo Rovers,Athlone,3,1,H,1.43,4.6,9.17,1.5,4.65,9.17,1.43,4.15,7.18,,,,,,
Ireland,Premier Division ,2014,15/08/2014,19:45,Athlone,Shamrock Rovers,1,1,D,8.02,4.34,1.49,8.4,4.4,1.5,7.17,4.03,1.45,,,,,,
Ireland,Premier Division ,2014,15/08/2014,19:45,Bohemians,Drogheda,2,1,H,2.11,3.54,3.72,2.15,3.54,3.72,2.06,3.33,3.37,,,,,,
Ireland,Premier Division ,2014,15/08/2014,19:45,Bray,Sligo Rovers,0,1,A,7.31,4.59,1.49,8,4.6,1.49,7.23,4.33,1.41,,,,,,
Ireland,Premier Division ,2014,15/08/2014,19:45,Derry City,Cork City,0,1,A,2.22,3.41,3.55,2.35,3.42,3.56,2.18,3.24,3.21,,,,,,
Ireland,Premier Division ,2014,15/08/2014,19:45,Dundalk,Limerick,1,0,H,1.34,5.79,9.4,1.4,5.79,10,1.33,4.85,8.33,,,,,,
Ireland,Premier Division ,2014,15/08/2014,20:00,St. Patricks,UC Dublin,3,2,H,1.14,9.48,23.45,1.15,9.48,27,1.12,7.89,18.32,,,,,,
Ireland,Premier Division ,2014,18/08/2014,19:45,Cork City,Bray,1,1,D,1.27,6.14,12.9,1.28,6.5,13.95,1.23,5.64,10.98,,,,,,
Ireland,Premier Division ,2014,18/08/2014,19:45,Drogheda,Derry City,1,0,H,4.32,3.64,1.93,4.32,3.75,2.1,3.73,3.42,1.92,,,,,,
Ireland,Premier Division ,2014,18/08/2014,19:45,Sligo Rovers,Dundalk,1,1,D,4.16,3.68,1.95,4.16,3.68,2.07,3.69,3.35,1.95,,,,,,
Ireland,Premier Division ,2014,18/08/2014,19:45,St. Patricks,Limerick,0,1,A,1.47,4.74,7.48,1.47,4.82,8.03,1.42,4.28,7.04,,,,,,
Ireland,Premier Division ,2014,18/08/2014,19:45,UC Dublin,Athlone,1,1,D,3.39,3.53,2.25,3.39,3.55,2.25,3.19,3.26,2.16,,,,,,
Ireland,Premier Division ,2014,25/08/2014,19:45,Limerick,Derry City,0,4,A,2.78,3.26,2.8,2.82,3.3,2.8,2.59,3.17,2.62,,,,,,
Ireland,Premier Division ,2014,29/08/2014,19:45,Athlone,Cork City,2,2,D,5.5,3.87,1.71,5.75,3.88,1.72,5.04,3.61,1.65,,,,,,
Ireland,Premier Division ,2014,29/08/2014,19:45,Bray,UC Dublin,2,0,H,2.01,3.72,3.89,2.05,3.75,4,1.93,3.43,3.66,,,,,,
Ireland,Premier Division ,2014,29/08/2014,19:45,Derry City,St. Patricks,0,1,A,3.21,3.34,2.42,3.35,3.4,2.42,3.06,3.2,2.26,,,,,,
Ireland,Premier Division ,2014,29/08/2014,19:45,Dundalk,Bohemians,3,2,H,1.34,5.13,11.64,1.5,5.14,11.71,1.34,4.53,8.89,,,,,,
Ireland,Premier Division ,2014,29/08/2014,19:45,Limerick,Drogheda,0,3,A,2.73,3.56,2.65,2.73,3.56,3.3,2.44,3.28,2.74,,,,,,
Ireland,Premier Division ,2014,29/08/2014,20:00,Shamrock Rovers,Sligo Rovers,1,0,H,2.62,3.23,2.99,2.62,3.25,3.61,2.36,3.1,2.96,,,,,,
Ireland,Premier Division ,2014,05/09/2014,19:05,St. Patricks,Dundalk,1,0,H,2.77,3.27,2.8,2.86,3.4,2.82,2.66,3.2,2.56,,,,,,
Ireland,Premier Division ,2014,05/09/2014,19:45,Bohemians,Bray,2,1,H,1.54,4.22,7.19,1.54,4.33,7.23,1.48,3.96,6.68,,,,,,
Ireland,Premier Division ,2014,05/09/2014,19:45,Cork City,Shamrock Rovers,1,0,H,2.97,3.27,2.61,3.2,3.4,2.61,2.98,3.11,2.37,,,,,,
Ireland,Premier Division ,2014,05/09/2014,19:45,Derry City,Sligo Rovers,2,1,H,2.23,3.41,3.53,2.45,3.41,3.6,2.22,3.18,3.19,,,,,,
Ireland,Premier Division ,2014,05/09/2014,19:45,Drogheda,Athlone,1,1,D,1.81,4.26,4.22,1.82,4.26,4.6,1.74,3.76,4.2,,,,,,
Ireland,Premier Division ,2014,05/09/2014,19:45,UC Dublin,Limerick,1,3,A,5.13,4.03,1.72,5.13,4.33,1.83,4.29,3.72,1.73,,,,,,
Ireland,Premier Division ,2014,08/09/2014,19:45,Dundalk,Derry City,5,0,H,1.49,4.71,6.98,1.53,4.71,7,1.48,4.14,6.24,,,,,,
Ireland,Premier Division ,2014,08/09/2014,19:45,Sligo Rovers,Bohemians,3,2,H,1.9,3.64,4.45,2,3.75,4.46,1.87,3.38,3.98,,,,,,
Ireland,Premier Division ,2014,19/09/2014,19:05,Bray,St. Patricks,2,4,A,8.26,5.03,1.42,8.5,5.2,1.42,7.5,4.43,1.39,,,,,,
Ireland,Premier Division ,2014,19/09/2014,19:45,Athlone,Bohemians,0,0,D,3.44,3.49,2.24,3.44,3.5,2.4,3.11,3.26,2.22,,,,,,
Ireland,Premier Division ,2014,20/09/2014,19:45,Sligo Rovers,Drogheda,0,2,A,1.56,4.43,6.34,1.67,4.43,6.34,1.57,3.86,5.4,,,,,,
Ireland,Premier Division ,2014,21/09/2014,17:30,Limerick,Cork City,0,1,A,4.18,3.59,1.97,4.33,3.65,2.1,3.8,3.37,1.92,,,,,,
Ireland,Premier Division ,2014,23/09/2014,19:45,Bohemians,Shamrock Rovers,1,1,D,4.55,3.46,1.93,4.55,3.65,2.15,3.75,3.28,1.97,,,,,,
Ireland,Premier Division ,2014,26/09/2014,19:05,Cork City,Sligo Rovers,2,1,H,1.81,3.8,4.8,1.81,4,7,1.7,3.61,4.77,,,,,,
Ireland,Premier Division ,2014,26/09/2014,19:45,Bohemians,Limerick,2,0,H,1.78,3.84,4.99,1.93,3.84,4.99,1.78,3.55,4.26,,,,,,
Ireland,Premier Division ,2014,26/09/2014,19:45,Derry City,Athlone,1,1,D,1.6,4.67,5.35,1.67,4.67,5.5,1.6,3.93,5.01,,,,,,
Ireland,Premier Division ,2014,26/09/2014,19:45,Drogheda,Bray,1,1,D,1.78,3.95,4.74,1.82,4,5.8,1.68,3.75,4.59,,,,,,
Ireland,Premier Division ,2014,26/09/2014,19:45,St. Patricks,Shamrock Rovers,1,1,D,2.26,3.38,3.49,2.26,3.5,3.71,2.08,3.26,3.44,,,,,,
Ireland,Premier Division ,2014,26/09/2014,19:45,UC Dublin,Dundalk,0,2,A,14.98,7.58,1.21,17,7.65,1.22,12.59,6.46,1.18,,,,,,
Ireland,Premier Division ,2014,30/09/2014,19:45,Bray,Derry City,1,1,D,3.68,3.55,2.12,3.75,3.55,2.21,3.34,3.29,2.11,,,,,,
Ireland,Premier Division ,2014,30/09/2014,19:45,St. Patricks,Bohemians,3,1,H,1.76,3.87,5,1.78,3.87,5.6,1.72,3.56,4.65,,,,,,
Ireland,Premier Division ,2014,30/09/2014,20:00,Shamrock Rovers,UC Dublin,3,0,H,1.2,7.53,16.58,1.22,8.3,17,1.18,6.38,12.78,,,,,,
Ireland,Premier Division ,2014,03/10/2014,19:45,Limerick,Athlone,4,2,H,2.07,3.61,3.77,2.1,3.61,3.85,2.01,3.33,3.53,,,,,,
Ireland,Premier Division ,2014,03/10/2014,20:00,Cork City,Drogheda,2,1,H,1.5,4.81,6.74,1.55,4.81,7.3,1.47,4.14,6.35,,,,,,
Ireland,Premier Division ,2014,04/10/2014,19:45,Sligo Rovers,UC Dublin,4,0,H,1.3,5.8,11.9,1.33,5.81,11.9,1.3,5.08,9.22,,,,,,
Ireland,Premier Division ,2014,10/10/2014,19:45,Athlone,Dundalk,0,3,A,8.76,5.27,1.39,10,6.1,1.39,8.35,5.07,1.32,,,,,,
Ireland,Premier Division ,2014,10/10/2014,19:45,Bohemians,Sligo Rovers,2,2,D,2.75,3.3,2.79,2.86,3.45,2.91,2.56,3.16,2.69,,,,,,
Ireland,Premier Division ,2014,10/10/2014,19:45,Derry City,Limerick,1,2,A,1.83,3.92,4.47,2.1,3.92,4.47,1.95,3.46,3.57,,,,,,
Ireland,Premier Division ,2014,10/10/2014,19:45,Drogheda,St. Patricks,2,3,A,6.11,4.31,1.59,6.32,4.5,1.7,5.43,3.92,1.57,,,,,,
Ireland,Premier Division ,2014,10/10/2014,19:45,UC Dublin,Cork City,0,4,A,13.69,6.65,1.25,14.41,7.5,1.29,11.38,6,1.22,,,,,,
Ireland,Premier Division ,2014,10/10/2014,20:00,Shamrock Rovers,Bray,1,0,H,1.35,5.54,9.83,1.35,6.3,10.18,1.3,5.16,8.9,,,,,,
Ireland,Premier Division ,2014,13/10/2014,19:05,Dundalk,Shamrock Rovers,0,0,D,1.63,3.97,6.33,1.69,4,6.33,1.61,3.66,5.48,,,,,,
Ireland,Premier Division ,2014,17/10/2014,19:45,Bray,Dundalk,1,1,D,12.4,6.4,1.27,13.02,7.4,1.27,10.85,5.96,1.23,,,,,,
Ireland,Premier Division ,2014,17/10/2014,19:45,Cork City,Bohemians,1,0,H,1.6,4.54,5.58,1.63,4.95,7,1.5,4.22,5.82,,,,,,
Ireland,Premier Division ,2014,17/10/2014,19:45,Derry City,UC Dublin,0,1,A,1.38,5.42,8.75,1.38,6.2,10,1.32,5.03,8.33,,,,,,
Ireland,Premier Division ,2014,17/10/2014,19:45,Drogheda,Shamrock Rovers,0,2,A,5.13,3.85,1.75,5.5,3.85,1.9,4.4,3.47,1.78,,,,,,
Ireland,Premier Division ,2014,17/10/2014,19:45,Galway,Shelbourne,2,0,H,2.08,3.42,3.97,2.12,3.47,3.97,2.04,3.26,3.5,,,,,,
Ireland,Premier Division ,2014,17/10/2014,19:45,Limerick,Sligo Rovers,1,0,H,3.02,3.59,2.41,3.2,3.6,2.6,2.78,3.31,2.4,,,,,,
Ireland,Premier Division ,2014,17/10/2014,19:45,St. Patricks,Athlone,0,2,A,1.43,5.27,7.32,1.43,5.6,9,1.35,4.83,7.75,,,,,,
Ireland,Premier Division ,2014,24/10/2014,19:45,Athlone,Bray,1,1,D,1.56,4.39,6.43,1.62,4.39,6.5,1.54,3.95,5.7,,,,,,
Ireland,Premier Division ,2014,24/10/2014,19:45,Bohemians,Derry City,2,1,H,2.07,3.59,3.8,2.3,3.65,3.8,2.07,3.35,3.38,,,,,,
Ireland,Premier Division ,2014,24/10/2014,19:45,Dundalk,Cork City,2,0,H,1.74,4.14,4.83,1.91,4.14,5.5,1.72,3.65,4.5,,,,,,
Ireland,Premier Division ,2014,24/10/2014,19:45,Shamrock Rovers,Limerick,1,0,H,1.58,4.12,6.65,1.62,4.25,7.08,1.54,3.87,5.89,,,,,,
Ireland,Premier Division ,2014,24/10/2014,19:45,Sligo Rovers,St. Patricks,1,4,A,3.21,3.49,2.34,3.26,3.5,2.68,2.88,3.3,2.34,,,,,,
Ireland,Premier Division ,2014,24/10/2014,19:45,UC Dublin,Drogheda,1,0,H,2.41,3.74,2.91,2.5,3.8,2.98,2.38,3.4,2.75,,,,,,
Ireland,Premier Division ,2014,24/10/2014,20:00,Shelbourne,Galway,1,2,A,2.83,3.35,2.68,2.83,3.5,2.88,2.57,3.19,2.64,,,,,,
Ireland,Premier Division ,2014,27/10/2014,19:45,UC Dublin,Galway,1,2,A,4.77,3.59,1.86,4.77,3.8,2,3.94,3.44,1.87,,,,,,
Ireland,Premier Division ,2014,31/10/2014,19:45,Galway,UC Dublin,3,0,H,1.8,3.47,5.51,1.8,4.15,5.51,1.71,3.63,4.53,,,,,,
Ireland,Premier Division ,2015,06/03/2015,19:45,Dundalk,Longford,1,0,H,1.38,5.01,9.74,1.42,5.01,9.74,1.38,4.48,7.9,,,,,,
Ireland,Premier Division ,2015,06/03/2015,19:45,Galway,Derry City,1,2,A,2.5,3.28,3.13,2.5,3.28,3.3,2.39,3.13,2.93,,,,,,
Ireland,Premier Division ,2015,06/03/2015,19:45,Shamrock Rovers,St. Patricks,1,0,H,3.07,3.2,2.59,3.07,3.25,2.7,2.81,3.06,2.53,,,,,,
Ireland,Premier Division ,2015,07/03/2015,17:45,Bray,Drogheda,0,1,A,2.72,3.19,2.91,2.72,3.3,3.05,2.47,3.13,2.81,,,,,,
Ireland,Premier Division ,2015,07/03/2015,18:30,Limerick,Bohemians,0,3,A,3.45,3.29,2.32,3.5,3.35,2.32,3.21,3.15,2.23,,,,,,
Ireland,Premier Division ,2015,07/03/2015,19:45,Sligo Rovers,Cork City,1,1,D,2.45,3.2,3.29,2.45,3.35,3.35,2.26,3.14,3.14,,,,,,
Ireland,Premier Division ,2015,13/03/2015,19:45,Bohemians,Galway,2,0,H,1.83,3.52,5.11,1.99,3.6,5.11,1.83,3.32,4.35,,,,,,
Ireland,Premier Division ,2015,13/03/2015,19:45,Cork City,Limerick,5,0,H,1.37,4.99,10.54,1.4,5.1,11,1.34,4.61,8.6,,,,,,
Ireland,Premier Division ,2015,13/03/2015,19:45,Derry City,Dundalk,0,1,A,4.1,3.3,2.09,4.14,3.5,2.2,3.75,3.22,2,,,,,,
Ireland,Premier Division ,2015,13/03/2015,19:45,Drogheda,Sligo Rovers,3,2,H,4.68,3.81,1.82,4.75,3.81,1.88,4.44,3.42,1.79,,,,,,
Ireland,Premier Division ,2015,13/03/2015,19:45,St. Patricks,Bray,3,0,H,1.26,6.28,14.03,1.26,6.5,15.81,1.23,5.63,12.26,,,,,,
Ireland,Premier Division ,2015,14/03/2015,19:30,Longford,Shamrock Rovers,0,2,A,4.95,3.48,1.88,4.95,3.5,2,4.06,3.29,1.9,,,,,,
Ireland,Premier Division ,2015,20/03/2015,19:45,Dundalk,St. Patricks,3,0,H,2.05,3.49,4,2.3,3.5,4.02,2.09,3.22,3.49,,,,,,
Ireland,Premier Division ,2015,20/03/2015,19:45,Galway,Drogheda,1,0,H,2.57,3.33,2.98,2.62,3.33,3.05,2.43,3.13,2.87,,,,,,
Ireland,Premier Division ,2015,20/03/2015,20:00,Shamrock Rovers,Cork City,0,0,D,2.26,3.23,3.67,2.27,3.45,3.67,2.15,3.16,3.35,,,,,,
Ireland,Premier Division ,2015,21/03/2015,17:45,Bray,Bohemians,0,1,A,6.1,3.71,1.69,6.1,3.71,1.9,4.8,3.46,1.73,,,,,,
Ireland,Premier Division ,2015,21/03/2015,18:30,Limerick,Longford,2,2,D,5.33,3.53,1.81,5.33,3.6,1.95,4.36,3.35,1.82,,,,,,
Ireland,Premier Division ,2015,21/03/2015,19:45,Sligo Rovers,Derry City,1,1,D,1.93,3.54,4.49,2.02,3.6,4.98,1.8,3.37,4.47,,,,,,
Ireland,Premier Division ,2015,24/03/2015,19:45,Bohemians,Dundalk,0,3,A,4.9,3.49,1.88,4.9,3.6,1.92,4.3,3.32,1.85,,,,,,
Ireland,Premier Division ,2015,24/03/2015,19:45,Cork City,Galway,2,0,H,1.41,4.8,9.31,1.42,4.98,9.4,1.38,4.35,8.35,,,,,,
Ireland,Premier Division ,2015,24/03/2015,19:45,Drogheda,Limerick,1,1,D,1.66,3.93,5.97,1.69,3.93,6.11,1.62,3.62,5.43,,,,,,
Ireland,Premier Division ,2015,24/03/2015,19:45,Sligo Rovers,Shamrock Rovers,1,2,A,2.75,3.13,2.91,2.9,3.2,2.91,2.7,3.05,2.64,,,,,,
Ireland,Premier Division ,2015,24/03/2015,19:45,St. Patricks,Derry City,2,0,H,1.68,3.74,6.08,1.75,3.75,6.3,1.67,3.54,5.21,,,,,,
Ireland,Premier Division ,2015,24/03/2015,20:00,Longford,Bray,2,0,H,1.7,3.79,5.77,1.73,4.05,5.89,1.66,3.58,5.21,,,,,,
Ireland,Premier Division ,2015,27/03/2015,19:35,Dundalk,Sligo Rovers,3,0,H,1.68,4.04,5.46,1.68,4.2,6.27,1.59,3.87,5.32,,,,,,
Ireland,Premier Division ,2015,27/03/2015,19:45,Derry City,Drogheda,3,0,H,1.83,3.73,4.72,2,3.73,4.72,1.87,3.41,4.02,,,,,,
Ireland,Premier Division ,2015,27/03/2015,19:45,Galway,Longford,1,2,A,3.13,3.29,2.49,3.13,3.3,2.65,2.83,3.11,2.49,,,,,,
Ireland,Premier Division ,2015,27/03/2015,20:00,Shamrock Rovers,Bohemians,0,0,D,1.8,3.63,5.13,1.81,3.7,5.81,1.72,3.46,4.85,,,,,,
Ireland,Premier Division ,2015,28/03/2015,17:45,Bray,Cork City,0,1,A,7.81,4.7,1.46,9,4.75,1.46,7.88,4.2,1.4,,,,,,
Ireland,Premier Division ,2015,28/03/2015,18:30,Limerick,St. Patricks,1,2,A,8.6,4.8,1.43,10,5.3,1.43,8.54,4.52,1.35,,,,,,
Ireland,Premier Division ,2015,03/04/2015,17:45,Sligo Rovers,Bray,1,3,A,1.25,6.08,15.75,1.29,6.08,15.75,1.24,5.38,12.37,,,,,,
Ireland,Premier Division ,2015,03/04/2015,19:45,Cork City,Derry City,3,0,H,1.98,3.54,4.2,2.01,3.65,5,1.85,3.4,4.17,,,,,,
Ireland,Premier Division ,2015,03/04/2015,19:45,Drogheda,Bohemians,0,1,A,4.53,3.42,1.95,4.53,3.5,2.05,3.87,3.27,1.94,,,,,,
Ireland,Premier Division ,2015,03/04/2015,20:00,Shamrock Rovers,Galway,3,0,H,1.34,5.06,12.7,1.34,5.8,15,1.29,4.74,11.09,,,,,,
Ireland,Premier Division ,2015,04/04/2015,18:30,Limerick,Dundalk,1,1,D,14.7,6.22,1.26,15,6.36,1.28,12.15,5.63,1.23,,,,,,
Ireland,Premier Division ,2015,04/04/2015,19:30,Longford,St. Patricks,2,2,D,6.17,3.96,1.64,6.17,3.96,1.9,4.93,3.57,1.69,,,,,,
Ireland,Premier Division ,2015,10/04/2015,19:45,Bohemians,Longford,2,0,H,1.66,3.89,6.05,1.73,4.05,6.05,1.65,3.6,5.18,,,,,,
Ireland,Premier Division ,2015,10/04/2015,19:45,Derry City,Shamrock Rovers,0,0,D,3.79,3.33,2.17,4.05,3.4,2.17,3.66,3.18,2.04,,,,,,
Ireland,Premier Division ,2015,10/04/2015,19:45,Dundalk,Drogheda,1,0,H,1.25,6.55,14.5,1.29,6.9,16.72,1.22,5.79,12.11,,,,,,
Ireland,Premier Division ,2015,10/04/2015,19:45,Galway,Sligo Rovers,0,1,A,4.23,3.46,2,4.23,3.6,2.05,3.85,3.38,1.91,,,,,,
Ireland,Premier Division ,2015,10/04/2015,19:45,St. Patricks,Cork City,0,0,D,2.28,3.47,3.35,2.63,3.47,3.36,2.26,3.21,3.07,,,,,,
Ireland,Premier Division ,2015,11/04/2015,17:45,Bray,Limerick,4,0,H,2.61,3.34,2.92,2.77,3.4,2.92,2.53,3.19,2.69,,,,,,
Ireland,Premier Division ,2015,17/04/2015,19:45,Bohemians,St. Patricks,0,1,A,3.59,3.32,2.26,3.72,3.35,2.31,3.3,3.16,2.19,,,,,,
Ireland,Premier Division ,2015,17/04/2015,19:45,Derry City,Bray,0,0,D,1.49,4.14,8.59,1.55,4.14,8.59,1.48,3.9,6.96,,,,,,
Ireland,Premier Division ,2015,17/04/2015,19:45,Drogheda,Cork City,1,2,A,4.97,3.64,1.82,6.25,3.85,1.84,5.26,3.49,1.67,,,,,,
Ireland,Premier Division ,2015,17/04/2015,19:45,Galway,Limerick,3,2,H,1.95,3.49,4.41,2.1,3.51,4.41,1.96,3.26,3.86,,,,,,
Ireland,Premier Division ,2015,17/04/2015,19:45,Longford,Sligo Rovers,1,1,D,3.63,3.41,2.19,3.63,3.41,2.39,3.2,3.2,2.2,,,,,,
Ireland,Premier Division ,2015,17/04/2015,20:00,Shamrock Rovers,Dundalk,2,2,D,3.01,3.07,2.73,3.2,3.26,2.73,2.9,3.03,2.48,,,,,,
Ireland,Premier Division ,2015,20/04/2015,19:45,Bray,Shamrock Rovers,0,3,A,7.18,4.41,1.52,8.08,4.41,1.52,7.15,4.01,1.45,,,,,,
Ireland,Premier Division ,2015,20/04/2015,19:45,Cork City,Longford,2,0,H,1.35,5.05,11.29,1.4,5.2,11.5,1.33,4.55,9.54,,,,,,
Ireland,Premier Division ,2015,20/04/2015,19:45,Dundalk,Galway,3,0,H,1.21,7.07,18.2,1.23,7.07,23,1.2,5.95,14.25,,,,,,
Ireland,Premier Division ,2015,20/04/2015,19:45,Limerick,Derry City,0,2,A,6.42,3.89,1.63,6.5,3.9,1.7,5.69,3.63,1.6,,,,,,
Ireland,Premier Division ,2015,20/04/2015,19:45,Sligo Rovers,Bohemians,0,0,D,2.3,3.32,3.46,2.5,3.32,3.46,2.3,3.12,3.08,,,,,,
Ireland,Premier Division ,2015,20/04/2015,19:45,St. Patricks,Drogheda,2,2,D,1.3,5.77,11.82,1.37,5.77,15,1.3,4.87,9.9,,,,,,
Ireland,Premier Division ,2015,24/04/2015,19:35,Cork City,Dundalk,1,2,A,3.23,3.12,2.53,3.23,3.2,2.61,2.94,3.03,2.44,,,,,,
Ireland,Premier Division ,2015,24/04/2015,19:45,Derry City,Bohemians,1,2,A,2.59,3.11,3.16,2.6,3.11,3.27,2.46,3,2.96,,,,,,
Ireland,Premier Division ,2015,24/04/2015,19:45,Drogheda,Longford,0,3,A,2.69,3.43,2.77,2.69,3.43,2.92,2.56,3.16,2.69,,,,,,
Ireland,Premier Division ,2015,24/04/2015,19:45,St. Patricks,Sligo Rovers,3,0,H,1.72,3.82,5.49,1.75,4.05,6.78,1.6,3.68,5.65,,,,,,
Ireland,Premier Division ,2015,25/04/2015,17:45,Bray,Galway,0,5,A,2.88,3.25,2.7,2.92,3.26,2.71,2.77,3.09,2.54,,,,,,
Ireland,Premier Division ,2015,25/04/2015,18:30,Limerick,Shamrock Rovers,1,1,D,11.61,5.27,1.33,12.02,5.4,1.35,10.21,4.8,1.3,,,,,,
Ireland,Premier Division ,2015,01/05/2015,19:45,Galway,St. Patricks,1,4,A,6.08,4.06,1.63,6.5,4.06,1.64,5.85,3.75,1.57,,,,,,
Ireland,Premier Division ,2015,01/05/2015,20:00,Shamrock Rovers,Drogheda,1,0,H,1.24,6.45,16,1.26,6.7,18.57,1.22,5.71,13.16,,,,,,
Ireland,Premier Division ,2015,02/05/2015,19:30,Longford,Derry City,0,0,D,2.67,3.28,2.9,2.75,3.28,2.97,2.6,3.07,2.72,,,,,,
Ireland,Premier Division ,2015,02/05/2015,19:45,Sligo Rovers,Limerick,1,1,D,1.53,4.47,6.71,1.55,4.55,8,1.46,4.18,6.64,,,,,,
Ireland,Premier Division ,2015,04/05/2015,15:00,Dundalk,Bray,8,1,H,1.13,9.55,28,1.13,10,36,1.11,8.03,23.08,,,,,,
Ireland,Premier Division ,2015,04/05/2015,17:10,Bohemians,Cork City,1,1,D,3.33,3.25,2.4,3.43,3.3,2.41,3.18,3.03,2.31,,,,,,
Ireland,Premier Division ,2015,08/05/2015,19:45,Bohemians,Limerick,2,1,H,1.34,5.18,11.29,1.4,5.26,11.71,1.32,4.67,9.51,,,,,,
Ireland,Premier Division ,2015,08/05/2015,19:45,Cork City,Sligo Rovers,3,2,H,1.56,3.94,7.78,1.62,4.1,7.86,1.54,3.68,6.44,,,,,,
Ireland,Premier Division ,2015,08/05/2015,19:45,Derry City,Galway,0,2,A,1.57,3.97,7.24,1.65,4,7.24,1.57,3.67,5.92,,,,,,
Ireland,Premier Division ,2015,08/05/2015,19:45,Drogheda,Bray,4,2,H,1.64,3.97,6.1,1.69,3.97,6.2,1.6,3.67,5.57,,,,,,
Ireland,Premier Division ,2015,09/05/2015,19:30,Longford,Dundalk,0,2,A,8.02,4.59,1.47,8.02,4.59,1.53,6.92,4.14,1.45,,,,,,
Ireland,Premier Division ,2015,11/05/2015,19:45,Cork City,Drogheda,4,1,H,1.27,6,14,1.28,6,17.18,1.23,5.53,12.75,,,,,,
Ireland,Premier Division ,2015,11/05/2015,19:45,St. Patricks,Shamrock Rovers,0,0,D,2.72,3.15,2.94,2.72,3.2,3.15,2.43,3.03,2.99,,,,,,
Ireland,Premier Division ,2015,15/05/2015,19:45,Dundalk,Derry City,1,0,H,1.29,5.66,13.93,1.29,7,20.8,1.22,5.54,13.2,,,,,,
Ireland,Premier Division ,2015,15/05/2015,19:45,Galway,Bohemians,5,3,H,4.4,3.61,1.92,4.4,3.61,1.95,4.06,3.36,1.87,,,,,,
Ireland,Premier Division ,2015,15/05/2015,20:00,Shamrock Rovers,Longford,3,2,H,1.38,4.8,11.31,1.4,5,11.31,1.34,4.49,9.37,,,,,,
Ireland,Premier Division ,2015,16/05/2015,17:45,Bray,St. Patricks,1,0,H,14.75,6.35,1.25,15.12,6.5,1.26,11.78,5.59,1.23,,,,,,
Ireland,Premier Division ,2015,16/05/2015,18:30,Limerick,Cork City,0,1,A,9.73,4.84,1.4,10,4.9,1.43,8.56,4.41,1.36,,,,,,
Ireland,Premier Division ,2015,16/05/2015,19:45,Sligo Rovers,Drogheda,2,0,H,1.43,4.68,8.98,1.49,4.75,9.11,1.41,4.28,7.6,,,,,,
Ireland,Premier Division ,2015,22/05/2015,19:45,Bohemians,Bray,0,0,D,1.58,4.14,6.59,1.63,4.5,9,1.5,3.96,6.44,,,,,,
Ireland,Premier Division ,2015,22/05/2015,19:45,Cork City,Shamrock Rovers,0,0,D,2.66,3.07,3.09,2.66,3.1,3.35,2.43,2.98,3.04,,,,,,
Ireland,Premier Division ,2015,22/05/2015,19:45,Derry City,Sligo Rovers,1,1,D,2.85,3.23,2.74,3,3.23,2.84,2.73,3.04,2.61,,,,,,
Ireland,Premier Division ,2015,22/05/2015,19:45,Drogheda,Galway,2,0,H,3,3.39,2.52,3,3.4,2.66,2.8,3.16,2.46,,,,,,
Ireland,Premier Division ,2015,22/05/2015,19:45,St. Patricks,Dundalk,0,2,A,3.01,3.19,2.64,3.5,3.3,2.64,2.99,3.07,2.4,,,,,,
Ireland,Premier Division ,2015,23/05/2015,19:30,Longford,Limerick,1,0,H,1.75,3.75,5.36,1.78,3.85,6,1.65,3.62,5.18,,,,,,
Ireland,Premier Division ,2015,05/06/2015,19:45,Bray,Longford,0,1,A,3.28,3.43,2.33,3.28,3.43,2.53,3.07,3.23,2.25,,,,,,
Ireland,Premier Division ,2015,05/06/2015,19:45,Derry City,St. Patricks,0,3,A,5.05,3.56,1.83,5.05,3.75,1.91,4.43,3.41,1.8,,,,,,
Ireland,Premier Division ,2015,05/06/2015,19:45,Dundalk,Bohemians,1,2,A,1.28,5.88,13.78,1.33,5.88,13.78,1.27,5.17,10.92,,,,,,
Ireland,Premier Division ,2015,05/06/2015,19:45,Galway,Cork City,1,3,A,6.54,3.95,1.61,6.56,4.15,1.73,5.55,3.77,1.58,,,,,,
Ireland,Premier Division ,2015,05/06/2015,19:45,Limerick,Drogheda,1,2,A,2.64,3.43,2.82,2.8,3.43,2.82,2.61,3.23,2.61,,,,,,
Ireland,Premier Division ,2015,05/06/2015,20:00,Shamrock Rovers,Sligo Rovers,5,1,H,1.69,3.69,6.19,1.69,4.05,7.1,1.58,3.62,5.97,,,,,,
Ireland,Premier Division ,2015,08/06/2015,20:00,Shamrock Rovers,Derry City,4,1,H,1.45,4.13,10.57,1.48,4.42,10.57,1.43,3.98,8.15,,,,,,
Ireland,Premier Division ,2015,09/06/2015,19:45,St. Patricks,Bohemians,3,1,H,1.62,3.87,6.71,1.62,4.25,7,1.56,3.7,6.05,,,,,,
Ireland,Premier Division ,2015,12/06/2015,19:35,Bohemians,Shamrock Rovers,3,1,H,4.34,3.39,2,4.7,3.4,2,4.03,3.24,1.92,,,,,,
Ireland,Premier Division ,2015,12/06/2015,19:45,Cork City,Bray,1,0,H,1.21,7.25,17.2,1.25,7.38,18.57,1.18,6.38,14.23,,,,,,
Ireland,Premier Division ,2015,12/06/2015,19:45,Drogheda,Derry City,1,1,D,2.76,3.35,2.75,3.1,3.55,2.75,2.72,3.18,2.54,,,,,,
Ireland,Premier Division ,2015,12/06/2015,19:45,Longford,Galway,0,1,A,2.43,3.42,3.1,2.46,3.45,3.3,2.31,3.23,2.99,,,,,,
Ireland,Premier Division ,2015,12/06/2015,19:45,Sligo Rovers,Dundalk,1,2,A,7.57,4.23,1.52,7.57,4.27,1.62,6.42,3.89,1.51,,,,,,
Ireland,Premier Division ,2015,12/06/2015,19:45,St. Patricks,Limerick,3,1,H,1.19,7.72,18.28,1.22,7.9,22.27,1.15,6.94,15.79,,,,,,
Ireland,Premier Division ,2015,26/06/2015,19:45,Bohemians,Drogheda,0,1,A,1.54,4.23,7.07,1.58,4.35,8,1.5,3.91,6.45,,,,,,
Ireland,Premier Division ,2015,26/06/2015,19:45,Derry City,Cork City,0,2,A,5.27,3.65,1.78,6.8,3.85,1.8,5.08,3.49,1.69,,,,,,
Ireland,Premier Division ,2015,26/06/2015,19:45,Dundalk,Limerick,6,2,H,1.11,11,28.36,1.12,12.5,34,1.09,9.24,21.24,,,,,,
Ireland,Premier Division ,2015,26/06/2015,19:45,Galway,Shamrock Rovers,1,2,A,6.21,3.89,1.65,7,3.98,1.66,5.68,3.73,1.58,,,,,,
Ireland,Premier Division ,2015,26/06/2015,20:00,St. Patricks,Longford,3,0,H,1.48,4.45,7.99,1.5,5,12,1.4,4.33,7.87,,,,,,
Ireland,Premier Division ,2015,27/06/2015,17:45,Bray,Sligo Rovers,1,0,H,4.28,3.55,1.96,4.28,3.62,2.02,3.83,3.39,1.92,,,,,,
Ireland,Premier Division ,2015,03/07/2015,20:05,Drogheda,Dundalk,1,2,A,17.1,6.86,1.22,17.1,6.86,1.3,12.03,5.6,1.23,,,,,,
Ireland,Premier Division ,2015,04/07/2015,18:30,Limerick,Bray,0,1,A,2.08,3.66,3.7,2.25,3.66,3.7,2.14,3.34,3.25,,,,,,
Ireland,Premier Division ,2015,04/07/2015,19:30,Longford,Bohemians,2,1,H,3.71,3.41,2.16,3.78,3.41,2.25,3.39,3.24,2.12,,,,,,
Ireland,Premier Division ,2015,04/07/2015,19:45,Sligo Rovers,Galway,1,1,D,2.23,3.51,3.42,2.23,3.55,4,2.09,3.3,3.41,,,,,,
Ireland,Premier Division ,2015,07/07/2015,19:45,Galway,Dundalk,2,4,A,7.93,4.92,1.44,8.7,5,1.45,7.34,4.5,1.4,,,,,,
Ireland,Premier Division ,2015,11/07/2015,17:45,Bray,Derry City,1,0,H,3.9,3.23,2.18,3.9,3.4,2.22,3.47,3.21,2.09,,,,,,
Ireland,Premier Division ,2015,11/07/2015,18:30,Limerick,Galway,2,4,A,4.07,4.04,1.88,4.33,4.04,1.89,3.99,3.61,1.82,,,,,,
Ireland,Premier Division ,2015,11/07/2015,19:45,Sligo Rovers,Longford,3,2,H,2.33,3.46,3.26,2.34,3.46,3.5,2.18,3.26,3.22,,,,,,
Ireland,Premier Division ,2015,17/07/2015,19:45,Derry City,Limerick,0,0,D,1.63,4.12,5.99,1.67,4.12,6,1.59,3.81,5.34,,,,,,
Ireland,Premier Division ,2015,17/07/2015,19:45,Drogheda,St. Patricks,0,2,A,8.52,4.86,1.42,8.52,4.86,1.48,7.1,4.38,1.42,,,,,,
Ireland,Premier Division ,2015,17/07/2015,20:05,Bohemians,Sligo Rovers,1,0,H,2.37,3.43,3.21,2.43,3.45,3.75,2.28,3.23,3.03,,,,,,
Ireland,Premier Division ,2015,18/07/2015,19:30,Longford,Cork City,1,4,A,4.17,3.75,1.93,4.75,3.75,1.94,4.12,3.5,1.83,,,,,,
Ireland,Premier Division ,2015,24/07/2015,19:45,Bohemians,Derry City,4,2,H,1.95,3.51,4.39,2.02,3.65,4.87,1.84,3.33,4.29,,,,,,
Ireland,Premier Division ,2015,24/07/2015,19:45,Galway,Bray,0,1,A,1.75,4.22,4.64,1.78,4.22,5.25,1.71,3.79,4.39,,,,,,
Ireland,Premier Division ,2015,24/07/2015,20:00,Sligo Rovers,St. Patricks,0,3,A,6.16,4.09,1.62,6.5,4.2,1.64,5.76,3.86,1.55,,,,,,
Ireland,Premier Division ,2015,25/07/2015,19:30,Longford,Drogheda,1,1,D,2.1,3.71,3.59,2.25,3.71,4,2.05,3.38,3.37,,,,,,
Ireland,Premier Division ,2015,26/07/2015,16:00,Shamrock Rovers,Limerick,4,1,H,1.29,6,12.2,1.29,6.5,17,1.23,5.73,11.82,,,,,,
Ireland,Premier Division ,2015,26/07/2015,18:00,Dundalk,Cork City,1,1,D,1.75,3.82,5.22,1.83,3.82,5.22,1.74,3.54,4.55,,,,,,
Ireland,Premier Division ,2015,31/07/2015,19:45,Bray,Dundalk,0,1,A,10.85,5.85,1.31,12,6,1.31,9.8,5.32,1.27,,,,,,
Ireland,Premier Division ,2015,31/07/2015,19:45,Derry City,Longford,3,0,H,2.03,3.5,4.04,2.12,3.5,4.04,1.98,3.29,3.72,,,,,,
Ireland,Premier Division ,2015,31/07/2015,19:45,Drogheda,Shamrock Rovers,0,1,A,8.98,4.52,1.44,8.98,4.52,1.48,7.89,4.16,1.41,,,,,,
Ireland,Premier Division ,2015,31/07/2015,19:45,St. Patricks,Galway,3,1,H,1.24,6.75,14.35,1.25,6.75,15,1.22,5.83,12.18,,,,,,
Ireland,Premier Division ,2015,31/07/2015,20:00,Cork City,Bohemians,4,0,H,1.62,4.14,6.01,1.62,4.14,7.9,1.51,3.84,6.53,,,,,,
Ireland,Premier Division ,2015,01/08/2015,18:30,Limerick,Sligo Rovers,3,2,H,3.13,3.52,2.37,3.2,3.7,2.52,2.88,3.33,2.32,,,,,,
Ireland,Premier Division ,2015,07/08/2015,19:45,Dundalk,Longford,0,0,D,1.2,7.49,18,1.2,8.7,21.35,1.16,6.83,15.91,,,,,,
Ireland,Premier Division ,2015,07/08/2015,19:45,Galway,Derry City,0,4,A,3.96,3.6,2.02,3.96,3.66,2.38,3.54,3.4,2.01,,,,,,
Ireland,Premier Division ,2015,07/08/2015,20:00,Shamrock Rovers,St. Patricks,0,2,A,2.61,3.25,2.99,2.67,3.25,3.04,2.51,3.07,2.83,,,,,,
Ireland,Premier Division ,2015,08/08/2015,17:45,Bray,Drogheda,1,0,H,2.44,3.32,3.18,2.47,3.32,3.28,2.35,3.1,3.04,,,,,,
Ireland,Premier Division ,2015,08/08/2015,18:30,Limerick,Bohemians,4,3,H,3.32,3.58,2.25,4,3.6,2.38,3.05,3.42,2.19,,,,,,
Ireland,Premier Division ,2015,08/08/2015,19:45,Sligo Rovers,Cork City,0,2,A,5.88,3.92,1.67,6.36,4.15,1.67,5.61,3.8,1.58,,,,,,
Ireland,Premier Division ,2015,14/08/2015,19:45,Bohemians,Galway,3,0,H,1.99,3.73,3.94,1.99,3.75,5,1.88,3.54,3.83,,,,,,
Ireland,Premier Division ,2015,14/08/2015,19:45,Cork City,Limerick,2,3,A,1.22,7.3,15,1.22,7.5,16.26,1.19,6.34,13.16,,,,,,
Ireland,Premier Division ,2015,14/08/2015,19:45,Derry City,Dundalk,0,2,A,5.09,3.67,1.8,6,4,1.8,5.22,3.63,1.64,,,,,,
Ireland,Premier Division ,2015,14/08/2015,19:45,Drogheda,Sligo Rovers,0,4,A,3.34,3.52,2.26,3.4,3.56,2.4,3.09,3.31,2.22,,,,,,
Ireland,Premier Division ,2015,14/08/2015,19:45,St. Patricks,Bray,1,0,H,1.2,7.28,17.51,1.23,7.28,17.51,1.19,6.06,14.23,,,,,,
Ireland,Premier Division ,2015,14/08/2015,20:00,Longford,Shamrock Rovers,1,3,A,6.5,3.99,1.61,6.5,4.1,1.62,5.76,3.86,1.55,,,,,,
Ireland,Premier Division ,2015,17/08/2015,19:05,Shamrock Rovers,Cork City,3,0,H,2.42,3.22,3.31,2.43,3.25,3.4,2.29,3.09,3.17,,,,,,
Ireland,Premier Division ,2015,17/08/2015,19:45,Bray,Bohemians,3,1,H,2.93,3.28,2.62,3.2,3.35,2.65,2.85,3.13,2.47,,,,,,
Ireland,Premier Division ,2015,17/08/2015,19:45,Dundalk,St. Patricks,4,1,H,2.09,3.53,3.78,2.12,3.53,4,2.03,3.33,3.54,,,,,,
Ireland,Premier Division ,2015,17/08/2015,19:45,Galway,Drogheda,1,1,D,3.43,3.56,2.21,3.43,3.6,2.7,3.13,3.34,2.2,,,,,,
Ireland,Premier Division ,2015,17/08/2015,19:45,Limerick,Longford,3,3,D,2.1,3.73,3.56,2.3,3.73,3.56,2.08,3.45,3.28,,,,,,
Ireland,Premier Division ,2015,17/08/2015,19:45,Sligo Rovers,Derry City,1,0,H,2.52,3.46,2.95,2.64,3.46,2.95,2.45,3.22,2.78,,,,,,
Ireland,Premier Division ,2015,28/08/2015,19:45,Bohemians,Dundalk,2,2,D,8.37,4.94,1.42,8.37,4.94,1.5,7.03,4.31,1.43,,,,,,
Ireland,Premier Division ,2015,28/08/2015,19:45,Cork City,Galway,1,0,H,1.21,7.05,17.3,1.22,7.2,17.3,1.19,6.22,13.77,,,,,,
Ireland,Premier Division ,2015,28/08/2015,19:45,Drogheda,Limerick,1,4,A,2.51,3.64,2.84,2.85,3.7,2.88,2.51,3.36,2.63,,,,,,
Ireland,Premier Division ,2015,28/08/2015,19:45,St. Patricks,Derry City,0,1,A,1.6,4.22,6.14,1.61,4.22,8,1.53,3.92,5.96,,,,,,
Ireland,Premier Division ,2015,29/08/2015,19:30,Longford,Bray,1,0,H,2.58,3.41,2.9,2.62,3.45,3,2.42,3.23,2.82,,,,,,
Ireland,Premier Division ,2015,29/08/2015,19:45,Sligo Rovers,Shamrock Rovers,1,1,D,5.75,3.9,1.68,5.75,3.9,1.76,4.94,3.61,1.68,,,,,,
Ireland,Premier Division ,2015,31/08/2015,19:45,Cork City,St. Patricks,3,1,H,2.05,3.49,4.01,2.3,3.62,4.01,2.05,3.28,3.5,,,,,,
Ireland,Premier Division ,2015,01/09/2015,20:00,Dundalk,Shamrock Rovers,2,0,H,1.86,3.61,4.74,1.88,3.7,4.8,1.81,3.41,4.35,,,,,,
Ireland,Premier Division ,2015,05/09/2015,15:00,Shamrock Rovers,Bohemians,1,1,D,1.52,4.27,7.56,1.53,4.33,8,1.46,4.06,7.08,,,,,,
Ireland,Premier Division ,2015,05/09/2015,17:00,Derry City,Drogheda,0,2,A,1.48,4.84,7.04,1.6,4.84,8,1.47,4.19,6.4,,,,,,
Ireland,Premier Division ,2015,05/09/2015,17:45,Bray,Cork City,0,0,D,5.69,4.24,1.63,6.35,4.24,1.65,5.59,3.83,1.57,,,,,,
Ireland,Premier Division ,2015,05/09/2015,18:30,Limerick,St. Patricks,3,1,H,4.45,4.3,1.76,4.65,4.4,1.78,4.27,3.95,1.7,,,,,,
Ireland,Premier Division ,2015,05/09/2015,19:00,Dundalk,Sligo Rovers,2,2,D,1.32,5.53,11.5,1.34,5.7,11.5,1.29,5.02,10.03,,,,,,
Ireland,Premier Division ,2015,05/09/2015,19:45,Galway,Longford,4,2,H,2.42,3.64,2.96,2.5,3.64,3,2.36,3.34,2.83,,,,,,
Ireland,Premier Division ,2015,18/09/2015,19:25,Dundalk,Drogheda,6,0,H,1.18,7.77,18.68,1.2,7.9,23,1.17,6.6,15.1,,,,,,
Ireland,Premier Division ,2015,18/09/2015,19:45,Bohemians,Longford,1,1,D,1.81,3.76,4.86,1.85,3.76,4.87,1.77,3.51,4.41,,,,,,
Ireland,Premier Division ,2015,18/09/2015,19:45,Derry City,Shamrock Rovers,1,0,H,4.77,3.61,1.85,4.85,3.63,1.9,4.35,3.36,1.82,,,,,,
Ireland,Premier Division ,2015,19/09/2015,17:45,Bray,Limerick,2,2,D,2.94,3.67,2.43,3.1,3.7,2.74,2.8,3.4,2.35,,,,,,
Ireland,Premier Division ,2015,22/09/2015,20:00,Shamrock Rovers,Bray,1,0,H,1.4,4.74,9.74,1.46,4.74,9.74,1.38,4.29,8.34,,,,,,
Ireland,Premier Division ,2015,25/09/2015,19:25,Cork City,Derry City,0,0,D,1.66,4.02,5.7,1.66,4.05,6.51,1.6,3.75,5.42,,,,,,
Ireland,Premier Division ,2015,25/09/2015,19:45,Drogheda,Bohemians,2,2,D,3.7,3.54,2.12,3.7,3.62,2.25,3.36,3.39,2.07,,,,,,
Ireland,Premier Division ,2015,25/09/2015,20:00,Shamrock Rovers,Galway,2,0,H,1.29,6.04,11.85,1.33,6.04,13,1.27,5.31,10.35,,,,,,
Ireland,Premier Division ,2015,26/09/2015,18:30,Limerick,Dundalk,1,3,A,7.73,5.13,1.43,7.73,5.2,1.47,6.79,4.72,1.39,,,,,,
Ireland,Premier Division ,2015,26/09/2015,19:30,Longford,St. Patricks,0,3,A,5.57,4.24,1.64,5.75,4.28,1.85,4.94,3.82,1.64,,,,,,
Ireland,Premier Division ,2015,26/09/2015,19:45,Sligo Rovers,Bray,3,2,H,1.93,3.84,4.08,1.98,3.84,4.22,1.89,3.5,3.81,,,,,,
Ireland,Premier Division ,2015,02/10/2015,19:45,Galway,Sligo Rovers,2,1,H,3.56,3.71,2.11,3.6,3.71,2.15,3.31,3.45,2.06,,,,,,
Ireland,Premier Division ,2015,09/10/2015,19:45,Bohemians,St. Patricks,2,0,H,3.33,3.77,2.18,3.5,3.77,2.25,3.22,3.41,2.11,,,,,,
Ireland,Premier Division ,2015,09/10/2015,19:45,Derry City,Bray,3,1,H,2.04,3.5,4,2.08,3.6,5,1.96,3.33,3.77,,,,,,
Ireland,Premier Division ,2015,09/10/2015,19:45,Drogheda,Cork City,1,1,D,7.78,4.62,1.47,8,4.62,1.52,6.61,4.11,1.47,,,,,,
Ireland,Premier Division ,2015,09/10/2015,19:45,Galway,Limerick,1,3,A,3.1,3.89,2.24,3.1,4.02,2.5,2.88,3.61,2.21,,,,,,
Ireland,Premier Division ,2015,09/10/2015,19:45,Shamrock Rovers,Dundalk,1,1,D,3.36,3.46,2.28,3.36,3.46,2.35,3.13,3.22,2.22,,,,,,
Ireland,Premier Division ,2015,10/10/2015,19:30,Longford,Sligo Rovers,1,1,D,3.46,3.68,2.15,3.46,3.68,2.23,3.19,3.39,2.13,,,,,,
Ireland,Premier Division ,2015,16/10/2015,19:45,Cork City,Longford,2,3,A,1.53,4.36,7.12,1.59,4.36,7.2,1.51,3.92,6.31,,,,,,
Ireland,Premier Division ,2015,16/10/2015,19:45,Dundalk,Galway,0,0,D,1.28,6.42,11.22,1.28,6.7,13,1.24,5.74,10.42,,,,,,
Ireland,Premier Division ,2015,16/10/2015,19:45,St. Patricks,Drogheda,2,1,H,1.39,5.51,8.13,1.4,5.61,9,1.35,4.88,7.78,,,,,,
Ireland,Premier Division ,2015,17/10/2015,17:45,Bray,Shamrock Rovers,2,2,D,5.87,3.79,1.69,5.87,3.85,1.72,5.14,3.58,1.66,,,,,,
Ireland,Premier Division ,2015,17/10/2015,18:30,Limerick,Derry City,0,2,A,2.16,3.85,3.31,2.16,3.88,3.68,2.05,3.54,3.26,,,,,,
Ireland,Premier Division ,2015,17/10/2015,19:45,Sligo Rovers,Bohemians,0,2,A,2.12,3.63,3.6,2.3,3.63,3.62,2.08,3.37,3.34,,,,,,
Ireland,Premier Division ,2015,19/10/2015,19:45,St. Patricks,Cork City,1,2,A,2.21,3.38,3.61,2.21,3.5,3.9,2.07,3.28,3.43,,,,,,
Ireland,Premier Division ,2015,23/10/2015,19:45,Cork City,Dundalk,2,2,D,3.49,3.41,2.24,3.53,3.44,2.5,3.26,3.24,2.17,,,,,,
Ireland,Premier Division ,2015,23/10/2015,19:45,Derry City,Bohemians,2,3,A,2.03,3.71,3.81,2.15,3.71,4,2.04,3.39,3.44,,,,,,
Ireland,Premier Division ,2015,23/10/2015,19:45,Drogheda,Longford,0,3,A,2.55,3.48,2.9,2.69,3.5,3,2.49,3.25,2.72,,,,,,
Ireland,Premier Division ,2015,23/10/2015,19:45,Limerick,Shamrock Rovers,0,2,A,3.18,3.67,2.28,3.75,3.7,2.32,3.04,3.42,2.2,,,,,,
Ireland,Premier Division ,2015,23/10/2015,19:45,St. Patricks,Sligo Rovers,0,2,A,1.81,3.99,4.54,1.85,3.99,5,1.75,3.69,4.29,,,,,,
Ireland,Premier Division ,2015,23/10/2015,19:45,UC Dublin,Finn Harps,0,1,A,3.53,3.34,2.25,3.6,3.4,2.6,3.15,3.18,2.24,,,,,,
Ireland,Premier Division ,2015,24/10/2015,17:45,Bray,Galway,1,1,D,2.6,3.16,3.04,2.7,3.4,3.04,2.47,3.16,2.79,,,,,,
Ireland,Premier Division ,2015,30/10/2015,19:45,Bohemians,Cork City,0,1,A,2.61,3.63,2.73,2.8,3.63,2.76,2.53,3.31,2.64,,,,,,
Ireland,Premier Division ,2015,30/10/2015,19:45,Dundalk,Bray,4,0,H,1.28,6.49,11.37,1.36,6.5,12,1.26,5.66,9.93,,,,,,
Ireland,Premier Division ,2015,30/10/2015,19:45,Finn Harps,UC Dublin,2,1,H,2.1,3.4,3.91,2.12,3.5,3.98,2.01,3.17,3.73,,,,,,
Ireland,Premier Division ,2015,30/10/2015,19:45,Galway,St. Patricks,0,1,A,4.53,4.05,1.79,4.53,4.05,1.93,4.08,3.69,1.78,,,,,,
Ireland,Premier Division ,2015,30/10/2015,19:45,Longford,Derry City,4,2,H,3.28,3.53,2.29,3.28,3.53,2.5,3.02,3.3,2.26,,,,,,
Ireland,Premier Division ,2015,30/10/2015,19:45,Shamrock Rovers,Drogheda,5,3,H,1.43,5,8,1.43,5,9.56,1.36,4.59,8.23,,,,,,
Ireland,Premier Division ,2015,30/10/2015,19:45,Sligo Rovers,Limerick,2,3,A,3.24,4,2.14,3.24,4,2.4,2.92,3.6,2.19,,,,,,
Ireland,Premier Division ,2015,02/11/2015,19:45,Limerick,Finn Harps,1,0,H,1.56,4.44,6.33,1.56,4.7,7.91,1.48,4.12,6.21,,,,,,
Ireland,Premier Division ,2015,06/11/2015,19:45,Finn Harps,Limerick,1,0,H,4.19,3.79,1.92,4.19,3.79,2.25,3.69,3.42,1.93,,,,,,
Ireland,Premier Division ,2016,04/03/2016,19:45,Cork City,Bohemians,2,0,H,1.67,3.93,5.88,1.68,3.93,6.12,1.62,3.67,5.42,,,,,,
Ireland,Premier Division ,2016,04/03/2016,19:45,St. Patricks,Galway,1,3,A,1.63,3.94,6.37,1.67,4.32,7.47,1.58,3.76,5.69,,,,,,
Ireland,Premier Division ,2016,04/03/2016,20:00,Finn Harps,Derry City,2,1,H,3.81,3.14,2.25,3.81,3.2,2.5,3.43,3,2.23,,,,,,
Ireland,Premier Division ,2016,04/03/2016,20:00,Wexford,Longford,0,2,A,2.38,3.39,3.24,2.43,3.41,3.3,2.3,3.2,3.06,,,,,,
Ireland,Premier Division ,2016,05/03/2016,19:30,Bray,Dundalk,1,3,A,7.45,4.35,1.51,7.5,4.5,1.57,6.82,4.02,1.47,,,,,,
Ireland,Premier Division ,2016,05/03/2016,19:45,Sligo Rovers,Shamrock Rovers,0,2,A,3.53,3.29,2.29,3.53,3.3,2.36,3.24,3.15,2.23,,,,,,
Ireland,Premier Division ,2016,11/03/2016,19:45,Bohemians,Sligo Rovers,1,0,H,2.18,3.35,3.73,2.25,3.4,3.75,2.15,3.15,3.44,,,,,,
Ireland,Premier Division ,2016,11/03/2016,19:45,Derry City,Cork City,1,0,H,6.21,3.69,1.69,6.21,3.75,1.73,5.37,3.53,1.66,,,,,,
Ireland,Premier Division ,2016,11/03/2016,19:45,Dundalk,Finn Harps,3,0,H,1.23,6.58,17.2,1.23,7.3,19,1.19,6.15,15.2,,,,,,
Ireland,Premier Division ,2016,11/03/2016,19:45,Galway,Bray,4,0,H,2.37,3.56,3.1,2.38,3.56,3.25,2.28,3.27,3.01,,,,,,
Ireland,Premier Division ,2016,11/03/2016,20:00,Longford,St. Patricks,0,1,A,4.45,3.64,1.9,4.5,3.65,1.93,4.08,3.44,1.86,,,,,,
Ireland,Premier Division ,2016,11/03/2016,20:00,Shamrock Rovers,Wexford,2,0,H,1.33,5.48,11.15,1.36,5.48,11.15,1.32,4.74,9.42,,,,,,
Ireland,Premier Division ,2016,14/03/2016,19:45,Bray,Derry City,0,3,A,3.4,2.94,2.56,3.41,3.2,2.56,3.15,2.95,2.38,,,,,,
Ireland,Premier Division ,2016,14/03/2016,19:45,Cork City,Longford,6,0,H,1.28,5.93,13.42,1.33,5.93,13.42,1.28,5.1,10.69,,,,,,
Ireland,Premier Division ,2016,14/03/2016,19:45,Sligo Rovers,Galway,1,1,D,2.68,3.42,2.78,2.73,3.42,3,2.54,3.16,2.73,,,,,,
Ireland,Premier Division ,2016,14/03/2016,19:45,St. Patricks,Bohemians,3,0,H,2.39,3.34,3.27,2.39,3.4,3.75,2.24,3.16,3.2,,,,,,
Ireland,Premier Division ,2016,14/03/2016,20:00,Finn Harps,Shamrock Rovers,0,1,A,7.51,3.83,1.58,7.51,4.33,1.61,6.63,3.63,1.54,,,,,,
Ireland,Premier Division ,2016,14/03/2016,20:00,Wexford,Dundalk,1,2,A,8.97,5.3,1.38,9.32,5.3,1.4,8.34,4.74,1.35,,,,,,
Ireland,Premier Division ,2016,18/03/2016,19:45,Bohemians,Wexford,3,3,D,1.86,3.55,4.85,1.91,3.6,4.85,1.82,3.41,4.3,,,,,,
Ireland,Premier Division ,2016,18/03/2016,19:45,Derry City,Galway,2,1,H,2.38,3.25,3.37,2.47,3.25,3.37,2.33,3.05,3.15,,,,,,
Ireland,Premier Division ,2016,18/03/2016,19:45,Dundalk,Cork City,0,1,A,2.32,3.18,3.57,2.32,3.3,3.6,2.2,3.08,3.38,,,,,,
Ireland,Premier Division ,2016,18/03/2016,20:00,Shamrock Rovers,St. Patricks,0,2,A,2.22,3.25,3.74,2.27,3.25,3.74,2.17,3.1,3.43,,,,,,
Ireland,Premier Division ,2016,19/03/2016,19:30,Longford,Bray,1,1,D,2.86,3.36,2.65,2.86,3.4,2.8,2.65,3.18,2.61,,,,,,
Ireland,Premier Division ,2016,19/03/2016,19:45,Sligo Rovers,Finn Harps,1,1,D,1.74,3.57,5.91,1.85,3.57,5.91,1.76,3.34,4.85,,,,,,
Ireland,Premier Division ,2016,24/03/2016,19:45,St. Patricks,Dundalk,0,4,A,3.68,3.29,2.23,3.9,3.29,2.25,3.39,3.16,2.16,,,,,,
Ireland,Premier Division ,2016,26/03/2016,14:00,Galway,Bohemians,1,0,H,2.58,3.26,3.02,2.6,3.3,3.1,2.46,3.13,2.86,,,,,,
Ireland,Premier Division ,2016,26/03/2016,17:00,Wexford,Derry City,1,2,A,3.3,3.39,2.34,3.5,3.39,2.35,3.15,3.17,2.26,,,,,,
Ireland,Premier Division ,2016,26/03/2016,19:30,Bray,Sligo Rovers,4,0,H,2.63,3.27,2.95,2.82,3.27,2.95,2.6,3.06,2.74,,,,,,
Ireland,Premier Division ,2016,26/03/2016,20:00,Finn Harps,Longford,1,0,H,2.14,3.34,3.87,2.2,3.4,3.87,2.09,3.16,3.54,,,,,,
Ireland,Premier Division ,2016,01/04/2016,19:45,Bohemians,Longford,2,0,H,1.58,4.11,6.77,1.6,4.2,7,1.55,3.83,6.02,,,,,,
Ireland,Premier Division ,2016,01/04/2016,19:45,Dundalk,Derry City,1,1,D,1.43,4.55,9.4,1.47,4.55,9.4,1.41,4.16,7.95,,,,,,
Ireland,Premier Division ,2016,01/04/2016,20:00,Shamrock Rovers,Galway,2,0,H,1.74,3.75,5.42,1.8,3.75,5.6,1.7,3.51,4.93,,,,,,
Ireland,Premier Division ,2016,01/04/2016,20:00,Wexford,Bray,2,0,H,2.29,3.27,3.48,2.45,3.3,3.48,2.29,3.13,3.14,,,,,,
Ireland,Premier Division ,2016,02/04/2016,19:45,Sligo Rovers,Cork City,0,0,D,8.8,4.3,1.47,8.8,4.3,1.57,7.45,3.98,1.45,,,,,,
Ireland,Premier Division ,2016,08/04/2016,19:45,Cork City,Wexford,1,1,D,1.31,5.64,12.1,1.31,6,15,1.26,5.27,11.27,,,,,,
Ireland,Premier Division ,2016,08/04/2016,19:45,Derry City,Shamrock Rovers,3,0,H,3.87,3.1,2.25,3.95,3.11,2.28,3.47,3.01,2.2,,,,,,
Ireland,Premier Division ,2016,08/04/2016,19:45,Galway,Finn Harps,1,0,H,1.78,3.56,5.52,1.82,3.56,5.9,1.75,3.33,4.94,,,,,,
Ireland,Premier Division ,2016,08/04/2016,19:45,St. Patricks,Sligo Rovers,1,1,D,1.54,4.24,7.24,1.6,4.24,7.5,1.52,3.86,6.34,,,,,,
Ireland,Premier Division ,2016,09/04/2016,19:30,Bray,Bohemians,0,2,A,3.72,3.43,2.15,3.76,3.5,2.22,3.45,3.2,2.11,,,,,,
Ireland,Premier Division ,2016,09/04/2016,19:30,Longford,Dundalk,0,4,A,15,6.42,1.25,15,6.42,1.27,12.5,5.76,1.22,,,,,,
Ireland,Premier Division ,2016,11/04/2016,20:00,Finn Harps,St. Patricks,1,2,A,4.95,3.29,1.93,5,3.4,1.98,4.42,3.2,1.87,,,,,,
Ireland,Premier Division ,2016,15/04/2016,19:45,Bohemians,Shamrock Rovers,0,4,A,3.43,3.13,2.41,3.5,3.14,2.55,3.25,2.99,2.31,,,,,,
Ireland,Premier Division ,2016,15/04/2016,19:45,Dundalk,Sligo Rovers,1,0,H,1.28,5.94,13.58,1.29,6,13.58,1.26,5.24,11.14,,,,,,
Ireland,Premier Division ,2016,15/04/2016,19:45,Galway,Cork City,2,2,D,4.91,3.52,1.86,5,3.55,1.91,4.53,3.32,1.81,,,,,,
Ireland,Premier Division ,2016,15/04/2016,19:45,St. Patricks,Wexford,4,0,H,1.77,3.81,5.08,1.91,3.81,5.5,1.74,3.57,4.57,,,,,,
Ireland,Premier Division ,2016,15/04/2016,20:00,Finn Harps,Bray,1,0,H,2.71,3.15,2.95,2.77,3.2,2.96,2.59,3,2.81,,,,,,
Ireland,Premier Division ,2016,16/04/2016,19:30,Longford,Derry City,1,1,D,5.76,3.95,1.67,6.9,3.95,1.67,5.8,3.75,1.58,,,,,,
Ireland,Premier Division ,2016,22/04/2016,19:45,Cork City,Finn Harps,3,1,H,1.22,6.81,18.14,1.23,6.81,19,1.19,6.1,14.79,,,,,,
Ireland,Premier Division ,2016,22/04/2016,19:45,Derry City,Bohemians,1,0,H,2.13,3.3,3.96,2.21,3.3,4.03,2.08,3.13,3.64,,,,,,
Ireland,Premier Division ,2016,22/04/2016,19:45,Shamrock Rovers,Dundalk,0,2,A,3.69,3.23,2.25,3.69,3.25,2.31,3.3,3.12,2.22,,,,,,
Ireland,Premier Division ,2016,22/04/2016,20:00,Wexford,Galway,0,2,A,3.86,3.6,2.05,3.98,3.6,2.15,3.52,3.36,2.03,,,,,,
Ireland,Premier Division ,2016,23/04/2016,19:30,Bray,St. Patricks,1,0,H,5.1,3.77,1.77,5.3,3.77,1.83,4.62,3.5,1.75,,,,,,
Ireland,Premier Division ,2016,23/04/2016,19:45,Sligo Rovers,Longford,3,0,H,1.61,4.02,6.53,1.7,4.02,7,1.6,3.69,5.58,,,,,,
Ireland,Premier Division ,2016,25/04/2016,19:45,Cork City,Shamrock Rovers,2,0,H,1.9,3.44,4.82,1.95,3.44,4.95,1.85,3.27,4.36,,,,,,
Ireland,Premier Division ,2016,29/04/2016,19:45,Bohemians,Dundalk,0,2,A,7.9,4.31,1.5,7.9,4.31,1.56,6.61,3.96,1.49,,,,,,
Ireland,Premier Division ,2016,29/04/2016,19:45,Cork City,St. Patricks,1,0,H,1.51,4.23,8.06,1.6,4.23,8.06,1.49,3.91,6.76,,,,,,
Ireland,Premier Division ,2016,29/04/2016,19:45,Derry City,Sligo Rovers,0,2,A,2.12,3.35,3.93,2.14,3.45,4.5,2.03,3.21,3.69,,,,,,
Ireland,Premier Division ,2016,29/04/2016,19:45,Galway,Longford,2,2,D,1.44,4.83,8.17,1.47,4.83,8.17,1.42,4.4,7.08,,,,,,
Ireland,Premier Division ,2016,29/04/2016,20:00,Shamrock Rovers,Bray,2,0,H,1.65,4.03,5.82,1.65,4.2,7,1.57,3.81,5.7,,,,,,
Ireland,Premier Division ,2016,29/04/2016,20:00,Wexford,Finn Harps,1,1,D,2.34,3.29,3.42,2.36,3.3,4,2.16,3.15,3.35,,,,,,
Ireland,Premier Division ,2016,06/05/2016,19:45,St. Patricks,Derry City,0,1,A,2.61,3.2,3.04,2.61,3.3,3.2,2.45,3.06,2.96,,,,,,
Ireland,Premier Division ,2016,06/05/2016,20:00,Dundalk,Galway,2,1,H,1.29,5.85,12.9,1.36,6.12,13,1.26,5.49,10.79,,,,,,
Ireland,Premier Division ,2016,06/05/2016,20:00,Finn Harps,Bohemians,0,0,D,3.62,3.15,2.32,4,3.15,2.33,3.53,3.01,2.19,,,,,,
Ireland,Premier Division ,2016,07/05/2016,19:30,Bray,Cork City,0,2,A,7.98,4.19,1.51,9,4.5,1.51,7.45,4.03,1.45,,,,,,
Ireland,Premier Division ,2016,07/05/2016,19:30,Longford,Shamrock Rovers,0,2,A,7.47,4.49,1.5,7.79,4.49,1.54,6.84,4.15,1.46,,,,,,
Ireland,Premier Division ,2016,07/05/2016,19:45,Sligo Rovers,Wexford,4,1,H,1.56,4.42,6.43,1.67,4.42,6.5,1.54,4.02,5.68,,,,,,
Ireland,Premier Division ,2016,10/05/2016,19:45,Bohemians,Cork City,0,1,A,,,,5.7,3.6,1.86,4.82,3.36,1.76,,,,,,
Ireland,Premier Division ,2016,10/05/2016,19:45,Dundalk,Bray,1,0,H,1.21,7.3,17,1.21,8.21,34,1.15,6.85,18.71,,,,,,
Ireland,Premier Division ,2016,10/05/2016,19:45,Galway,St. Patricks,0,3,A,2.79,3.25,2.79,2.88,3.25,2.79,2.7,3.07,2.64,,,,,,
Ireland,Premier Division ,2016,10/05/2016,20:00,Derry City,Finn Harps,2,2,D,1.58,3.86,7.53,1.58,4.25,10.25,1.44,3.89,8.2,,,,,,
Ireland,Premier Division ,2016,10/05/2016,20:00,Longford,Wexford,2,4,A,,,,3,3.52,2.7,2.77,3.31,2.42,,,,,,
Ireland,Premier Division ,2016,10/05/2016,20:00,Shamrock Rovers,Sligo Rovers,3,0,H,2.18,3.36,3.72,2.38,3.36,3.88,2.22,3.1,3.31,,,,,,
Ireland,Premier Division ,2016,13/05/2016,19:45,Cork City,Derry City,2,1,H,1.64,3.71,6.9,1.67,3.88,6.9,1.6,3.62,5.74,,,,,,
Ireland,Premier Division ,2016,13/05/2016,20:00,Finn Harps,Dundalk,0,7,A,15.12,6.19,1.25,19,6.2,1.26,13.67,5.38,1.23,,,,,,
Ireland,Premier Division ,2016,13/05/2016,20:00,St. Patricks,Longford,3,3,D,1.32,5.71,10.52,1.34,5.75,11,1.29,5.12,9.7,,,,,,
Ireland,Premier Division ,2016,13/05/2016,20:00,Wexford,Shamrock Rovers,2,0,H,7.09,4.18,1.55,7.09,4.3,1.57,6.15,3.98,1.52,,,,,,
Ireland,Premier Division ,2016,14/05/2016,19:30,Bray,Galway,1,2,A,2.68,3.4,2.79,2.81,3.42,2.79,2.6,3.27,2.59,,,,,,
Ireland,Premier Division ,2016,14/05/2016,19:45,Sligo Rovers,Bohemians,1,0,H,1.99,3.53,4.19,2.15,3.53,4.5,1.99,3.29,3.73,,,,,,
Ireland,Premier Division ,2016,17/05/2016,19:45,St. Patricks,Finn Harps,4,0,H,1.61,4.19,5.98,1.62,4.34,7.2,1.53,3.92,6.03,,,,,,
Ireland,Premier Division ,2016,29/05/2016,15:00,Bohemians,St. Patricks,5,1,H,2.91,3.19,2.72,2.96,3.3,2.73,2.79,3.05,2.57,,,,,,
Ireland,Premier Division ,2016,29/05/2016,15:00,Galway,Sligo Rovers,1,2,A,2.68,3.42,2.78,2.8,3.42,2.83,2.59,3.18,2.67,,,,,,
Ireland,Premier Division ,2016,29/05/2016,15:00,Longford,Cork City,0,3,A,13.29,6.48,1.26,13.95,6.5,1.26,11.61,5.68,1.23,,,,,,
Ireland,Premier Division ,2016,29/05/2016,15:00,Shamrock Rovers,Finn Harps,1,1,D,1.35,5.2,11.08,1.35,5.7,13,1.3,4.93,10.22,,,,,,
Ireland,Premier Division ,2016,29/05/2016,17:00,Derry City,Bray,2,0,H,1.65,3.91,6.08,1.75,3.91,6.1,1.64,3.62,5.28,,,,,,
Ireland,Premier Division ,2016,29/05/2016,17:00,Dundalk,Wexford,3,2,H,1.15,9.54,21.03,1.15,9.54,28,1.12,7.91,19.45,,,,,,
Ireland,Premier Division ,2016,03/06/2016,19:45,Bray,Longford,0,0,D,1.94,3.6,4.3,2.09,3.74,4.3,1.91,3.44,3.83,,,,,,
Ireland,Premier Division ,2016,03/06/2016,19:45,Galway,Derry City,0,0,D,3.14,3.38,2.43,3.65,3.5,2.43,3.24,3.22,2.2,,,,,,
Ireland,Premier Division ,2016,03/06/2016,19:45,St. Patricks,Shamrock Rovers,0,2,A,3.03,3.23,2.59,3.1,3.35,2.63,2.86,3.07,2.5,,,,,,
Ireland,Premier Division ,2016,03/06/2016,20:00,Cork City,Dundalk,1,0,H,2.99,3.16,2.68,3,3.25,2.68,2.85,3.02,2.54,,,,,,
Ireland,Premier Division ,2016,03/06/2016,20:00,Finn Harps,Sligo Rovers,3,0,H,6.9,3.82,1.62,6.9,3.82,1.75,5.82,3.6,1.61,,,,,,
Ireland,Premier Division ,2016,03/06/2016,20:00,Wexford,Bohemians,0,1,A,3.6,3.61,2.13,3.74,3.61,2.15,3.4,3.39,2.06,,,,,,
Ireland,Premier Division ,2016,24/06/2016,19:45,Bohemians,Galway,1,1,D,2.23,3.45,3.48,2.25,3.54,3.7,2.14,3.27,3.34,,,,,,
Ireland,Premier Division ,2016,24/06/2016,19:45,Derry City,Wexford,1,0,H,1.53,4.34,7.1,1.53,4.45,7.55,1.47,4.22,6.47,,,,,,
Ireland,Premier Division ,2016,24/06/2016,19:45,Dundalk,St. Patricks,2,0,H,1.38,4.94,10.41,1.4,5.25,10.41,1.37,4.62,8.26,,,,,,
Ireland,Premier Division ,2016,24/06/2016,19:45,Sligo Rovers,Bray,0,0,D,1.61,4.07,6.29,1.63,4.1,6.94,1.58,3.79,5.77,,,,,,
Ireland,Premier Division ,2016,24/06/2016,20:00,Longford,Finn Harps,0,2,A,2.51,3.37,3.03,2.55,3.37,3.03,2.43,3.17,2.89,,,,,,
Ireland,Premier Division ,2016,24/06/2016,20:00,Shamrock Rovers,Cork City,0,0,D,4.27,3.34,2.04,4.27,3.34,2.1,3.9,3.17,1.99,,,,,,
Ireland,Premier Division ,2016,01/07/2016,19:45,Derry City,Dundalk,0,5,A,6.21,3.69,1.69,6.34,3.69,1.73,5.43,3.46,1.67,,,,,,
Ireland,Premier Division ,2016,02/07/2016,19:30,Bray,Wexford,3,0,H,2.32,3.47,3.26,2.34,3.57,3.35,2.24,3.33,3.08,,,,,,
Ireland,Premier Division ,2016,02/07/2016,19:30,Longford,Bohemians,0,1,A,6.25,4.17,1.6,6.94,4.17,1.65,6.06,3.84,1.55,,,,,,
Ireland,Premier Division ,2016,05/07/2016,19:45,Dundalk,Longford,4,3,H,1.09,13.5,33,1.09,15.35,47.53,1.06,10.65,27.84,,,,,,
Ireland,Premier Division ,2016,08/07/2016,19:45,Bohemians,Bray,0,0,D,1.85,3.54,4.97,1.92,3.6,4.97,1.83,3.32,4.46,,,,,,
Ireland,Premier Division ,2016,08/07/2016,20:00,Finn Harps,Galway,1,0,H,4.13,3.53,2,4.55,3.6,2.06,3.92,3.34,1.93,,,,,,
Ireland,Premier Division ,2016,09/07/2016,19:45,Sligo Rovers,St. Patricks,1,0,H,2.01,3.59,4,2.1,3.59,4.33,1.99,3.34,3.7,,,,,,
Ireland,Premier Division ,2016,10/07/2016,17:00,Wexford,Cork City,0,1,A,9.28,5.16,1.38,9.91,5.35,1.4,8.5,4.79,1.34,,,,,,
Ireland,Premier Division ,2016,15/07/2016,19:45,Derry City,Longford,4,0,H,1.37,5.36,9.04,1.37,5.55,11.89,1.33,4.84,9,,,,,,
Ireland,Premier Division ,2016,15/07/2016,20:00,Shamrock Rovers,Bohemians,3,1,H,2.25,3.25,3.67,2.4,3.25,3.75,2.23,3.04,3.4,,,,,,
Ireland,Premier Division ,2016,16/07/2016,19:30,Bray,Finn Harps,1,0,H,2.21,3.23,3.79,2.21,3.3,4.26,2.09,3.11,3.7,,,,,,
Ireland,Premier Division ,2016,22/07/2016,19:45,Galway,Wexford,4,2,H,1.72,4.1,5.02,1.76,4.1,5.4,1.69,3.84,4.58,,,,,,
Ireland,Premier Division ,2016,22/07/2016,20:00,Bohemians,Derry City,0,1,A,3.44,3.15,2.4,3.44,3.22,2.78,3.09,3.04,2.4,,,,,,
Ireland,Premier Division ,2016,23/07/2016,19:30,Longford,Sligo Rovers,2,2,D,7.76,4.67,1.47,7.76,4.68,1.5,6.72,4.29,1.45,,,,,,
Ireland,Premier Division ,2016,29/07/2016,19:45,Bray,Shamrock Rovers,1,1,D,4.37,3.54,1.95,4.65,3.54,2.05,4.06,3.24,1.93,,,,,,
Ireland,Premier Division ,2016,29/07/2016,20:00,Finn Harps,Wexford,0,1,A,2.32,3.31,3.43,2.34,3.45,3.87,2.2,3.17,3.32,,,,,,
Ireland,Premier Division ,2016,29/07/2016,20:00,Sligo Rovers,Derry City,0,0,D,2.8,3.29,2.74,2.94,3.29,2.8,2.68,3.11,2.65,,,,,,
Ireland,Premier Division ,2016,30/07/2016,19:30,Longford,Galway,1,1,D,5.2,4.25,1.68,5.25,4.25,1.76,4.73,3.8,1.68,,,,,,
Ireland,Premier Division ,2016,01/08/2016,20:00,Wexford,St. Patricks,0,1,A,4.85,3.95,1.77,4.85,3.97,1.83,4.41,3.68,1.74,,,,,,
Ireland,Premier Division ,2016,05/08/2016,19:45,Bohemians,Finn Harps,2,0,H,1.68,3.64,6.55,1.71,3.75,6.94,1.65,3.49,5.64,,,,,,
Ireland,Premier Division ,2016,05/08/2016,19:45,Derry City,St. Patricks,1,1,D,2.23,3.38,3.57,2.3,3.38,3.67,2.16,3.2,3.41,,,,,,
Ireland,Premier Division ,2016,05/08/2016,20:00,Galway,Dundalk,1,0,H,5.32,4.02,1.7,5.5,4.06,1.76,4.82,3.75,1.68,,,,,,
Ireland,Premier Division ,2016,05/08/2016,20:00,Shamrock Rovers,Longford,2,1,H,1.39,5.17,8.91,1.4,5.2,9.51,1.36,4.74,7.9,,,,,,
Ireland,Premier Division ,2016,05/08/2016,20:00,Wexford,Sligo Rovers,0,5,A,3.57,3.64,2.13,3.9,3.8,2.14,3.51,3.45,2.02,,,,,,
Ireland,Premier Division ,2016,08/08/2016,19:45,Cork City,Sligo Rovers,1,2,A,1.54,4.2,7.31,1.59,4.21,7.33,1.52,3.89,6.33,,,,,,
Ireland,Premier Division ,2016,10/08/2016,20:00,Bray,Dundalk,2,1,H,10.93,4.69,1.39,11.25,4.85,1.41,9.26,4.35,1.37,,,,,,
Ireland,Premier Division ,2016,12/08/2016,19:45,Cork City,Bohemians,0,0,D,1.49,4.17,8.62,1.51,4.6,9.5,1.44,4,7.87,,,,,,
Ireland,Premier Division ,2016,12/08/2016,19:45,Sligo Rovers,Shamrock Rovers,3,2,H,2.44,3.26,3.25,2.44,3.32,3.3,2.34,3.13,3.06,,,,,,
Ireland,Premier Division ,2016,12/08/2016,19:45,St. Patricks,Galway,1,0,H,2.43,3.44,3.1,2.43,3.47,3.55,2.22,3.28,3.17,,,,,,
Ireland,Premier Division ,2016,12/08/2016,20:00,Finn Harps,Derry City,0,5,A,4.35,3.3,2.03,4.5,3.4,2.14,4,3.14,1.99,,,,,,
Ireland,Premier Division ,2016,12/08/2016,20:00,Wexford,Longford,2,0,H,2.36,3.56,3.12,2.54,3.58,3.15,2.35,3.34,2.9,,,,,,
Ireland,Premier Division ,2016,15/08/2016,19:45,Bohemians,Sligo Rovers,3,2,H,2.91,3.25,2.67,2.99,3.4,2.72,2.81,3.14,2.52,,,,,,
Ireland,Premier Division ,2016,15/08/2016,19:45,Derry City,Cork City,0,0,D,4.2,3.51,1.99,4.5,3.58,2.25,3.89,3.24,1.98,,,,,,
Ireland,Premier Division ,2016,15/08/2016,20:00,Longford,St. Patricks,0,1,A,5.61,4.25,1.64,6,4.26,1.64,5.29,3.9,1.59,,,,,,
Ireland,Premier Division ,2016,15/08/2016,20:00,Shamrock Rovers,Wexford,3,1,H,1.55,4.44,6.54,1.55,4.56,7.4,1.5,4.08,6.23,,,,,,
Ireland,Premier Division ,2016,19/08/2016,19:45,Galway,Bray,0,2,A,1.99,3.45,4.29,2.25,3.6,4.29,2.03,3.26,3.66,,,,,,
Ireland,Premier Division ,2016,26/08/2016,19:45,Cork City,Longford,5,2,H,1.15,8.99,22.02,1.18,8.99,26,1.14,7.57,17.39,,,,,,
Ireland,Premier Division ,2016,26/08/2016,19:45,St. Patricks,Bohemians,0,1,A,2.07,3.38,4.08,2.15,3.42,4.08,2.03,3.23,3.7,,,,,,
Ireland,Premier Division ,2016,26/08/2016,20:00,Finn Harps,Shamrock Rovers,0,2,A,6.15,3.62,1.71,7.53,3.87,1.75,5.69,3.5,1.64,,,,,,
Ireland,Premier Division ,2016,26/08/2016,20:00,Wexford,Dundalk,0,1,A,13.34,6.62,1.25,13.5,6.62,1.3,10.85,5.79,1.24,,,,,,
Ireland,Premier Division ,2016,27/08/2016,19:30,Bray,Derry City,2,2,D,3.44,3.28,2.32,3.54,3.3,2.42,3.23,3.06,2.3,,,,,,
Ireland,Premier Division ,2016,27/08/2016,19:45,Sligo Rovers,Galway,2,1,H,1.97,3.56,4.22,1.98,3.75,4.4,1.9,3.42,3.94,,,,,,
Ireland,Premier Division ,2016,30/08/2016,19:45,Cork City,Bray,4,0,H,1.45,4.51,8.87,1.45,4.76,9.91,1.4,4.31,7.92,,,,,,
Ireland,Premier Division ,2016,30/08/2016,20:00,Shamrock Rovers,Derry City,0,1,A,2.33,3.34,3.38,2.35,3.34,3.6,2.25,3.14,3.26,,,,,,
Ireland,Premier Division ,2016,02/09/2016,19:45,Bohemians,Dundalk,1,2,A,,,,7.73,4.47,1.53,6.83,4.06,1.48,,,,,,
Ireland,Premier Division ,2016,02/09/2016,19:45,Derry City,Galway,0,0,D,1.86,3.58,4.79,1.91,3.78,5,1.83,3.4,4.34,,,,,,
Ireland,Premier Division ,2016,02/09/2016,19:45,Shamrock Rovers,St. Patricks,0,0,D,2.12,3.33,3.93,2.2,3.33,4,2.05,3.17,3.72,,,,,,
Ireland,Premier Division ,2016,06/09/2016,19:45,Galway,Shamrock Rovers,0,1,A,4.09,3.41,2.05,4.09,3.41,2.25,3.59,3.25,2.06,,,,,,
Ireland,Premier Division ,2016,06/09/2016,19:45,Sligo Rovers,Dundalk,0,1,A,5.53,3.97,1.69,5.55,4,1.78,4.89,3.74,1.67,,,,,,
Ireland,Premier Division ,2016,06/09/2016,19:45,St. Patricks,Bray,1,2,A,2.17,3.36,3.74,2.25,3.5,3.74,2.14,3.19,3.43,,,,,,
Ireland,Premier Division ,2016,10/09/2016,19:30,Longford,Bray,0,2,A,5.38,3.78,1.74,5.38,3.8,1.82,4.76,3.55,1.73,,,,,,
Ireland,Premier Division ,2016,12/09/2016,19:45,Dundalk,Finn Harps,2,0,H,1.19,7.43,20.16,1.19,8.12,23,1.17,6.42,16.61,,,,,,
Ireland,Premier Division ,2016,16/09/2016,19:45,Cork City,Shamrock Rovers,3,0,H,1.38,4.88,10.58,1.53,4.88,10.58,1.38,4.29,8.6,,,,,,
Ireland,Premier Division ,2016,16/09/2016,19:45,Galway,Bohemians,2,0,H,3.02,3.29,2.57,3.1,3.29,2.92,2.85,3.1,2.5,,,,,,
Ireland,Premier Division ,2016,16/09/2016,20:00,Finn Harps,Longford,0,1,A,2.21,3.43,3.55,2.24,3.43,3.8,2.11,3.24,3.45,,,,,,
Ireland,Premier Division ,2016,16/09/2016,20:00,Wexford,Derry City,0,0,D,5.41,3.86,1.72,5.55,3.87,1.75,4.88,3.63,1.69,,,,,,
Ireland,Premier Division ,2016,17/09/2016,19:30,Bray,Sligo Rovers,4,0,H,2.95,3.26,2.64,2.95,3.4,2.68,2.78,3.17,2.51,,,,,,
Ireland,Premier Division ,2016,19/09/2016,19:45,Bohemians,Wexford,1,0,H,1.77,3.69,5.29,1.78,3.9,5.55,1.71,3.59,4.78,,,,,,
Ireland,Premier Division ,2016,19/09/2016,20:00,Finn Harps,Cork City,0,1,A,14.31,6.16,1.26,19,6.5,1.26,14.74,5.84,1.2,,,,,,
Ireland,Premier Division ,2016,20/09/2016,19:05,Dundalk,Shamrock Rovers,1,1,D,1.34,5.15,11.8,1.34,5.55,15,1.29,4.78,10.84,,,,,,
Ireland,Premier Division ,2016,23/09/2016,19:45,Bohemians,Longford,1,0,H,1.66,3.79,6.31,1.8,3.81,6.31,1.7,3.54,5.03,,,,,,
Ireland,Premier Division ,2016,23/09/2016,19:45,Dundalk,Derry City,3,1,H,1.44,4.53,9.17,1.44,4.7,10.9,1.38,4.27,8.74,,,,,,
Ireland,Premier Division ,2016,23/09/2016,20:00,Shamrock Rovers,Galway,4,2,H,1.92,3.55,4.5,1.96,3.55,4.5,1.89,3.33,4.1,,,,,,
Ireland,Premier Division ,2016,23/09/2016,20:00,Wexford,Bray,1,3,A,2.94,3.12,2.75,3.05,3.2,2.78,2.82,2.99,2.6,,,,,,
Ireland,Premier Division ,2016,24/09/2016,19:45,Sligo Rovers,Cork City,0,0,D,7.96,4.02,1.58,7.96,4.02,1.61,6.44,3.75,1.54,,,,,,
Ireland,Premier Division ,2016,27/09/2016,19:45,Cork City,Galway,5,3,H,1.27,6.3,12.3,1.3,6.6,15,1.23,5.78,12.1,,,,,,
Ireland,Premier Division ,2016,27/09/2016,19:45,Derry City,Shamrock Rovers,2,2,D,2.34,3.43,3.27,2.42,3.45,3.5,2.26,3.23,3.13,,,,,,
Ireland,Premier Division ,2016,27/09/2016,19:45,St. Patricks,Sligo Rovers,0,0,D,2.27,3.51,3.33,2.38,3.51,3.4,2.23,3.24,3.17,,,,,,
Ireland,Premier Division ,2016,30/09/2016,19:45,Bray,Bohemians,2,1,H,2.23,3.23,3.74,2.3,3.4,3.9,2.15,3.1,3.49,,,,,,
Ireland,Premier Division ,2016,01/10/2016,19:00,Galway,Finn Harps,3,2,H,1.86,3.44,5.07,2,3.6,5.07,1.83,3.35,4.37,,,,,,
Ireland,Premier Division ,2016,04/10/2016,19:45,Sligo Rovers,Finn Harps,0,0,D,1.51,4.42,7.42,1.51,4.66,9,1.45,4.17,6.89,,,,,,
Ireland,Premier Division ,2016,07/10/2016,19:45,Bohemians,Shamrock Rovers,1,0,H,3.11,3.13,2.6,3.5,3.27,2.6,2.96,3.1,2.41,,,,,,
Ireland,Premier Division ,2016,07/10/2016,19:45,St. Patricks,Wexford,4,1,H,1.37,5.04,10.37,1.4,5.4,10.5,1.33,4.75,8.91,,,,,,
Ireland,Premier Division ,2016,07/10/2016,20:00,Finn Harps,Bray,2,1,H,5.68,3.48,1.78,6,3.75,1.85,5.04,3.35,1.74,,,,,,
Ireland,Premier Division ,2016,08/10/2016,19:00,Dundalk,Sligo Rovers,0,3,A,1.31,5.64,11.78,1.36,5.8,12.5,1.3,5.03,9.65,,,,,,
Ireland,Premier Division ,2016,08/10/2016,19:00,Galway,Cork City,0,5,A,7.68,4.91,1.45,7.73,4.96,1.47,6.88,4.42,1.43,,,,,,
Ireland,Premier Division ,2016,08/10/2016,19:30,Longford,Derry City,2,3,A,5.48,3.81,1.72,6,3.9,1.76,5.08,3.61,1.67,,,,,,
Ireland,Premier Division ,2016,11/10/2016,19:05,Dundalk,Cork City,2,1,H,2.45,3.16,3.32,2.58,3.22,3.35,2.42,3.05,3.01,,,,,,
Ireland,Premier Division ,2016,11/10/2016,20:00,Finn Harps,St. Patricks,1,1,D,5.2,3.63,1.79,5.6,3.75,1.83,4.64,3.5,1.75,,,,,,
Ireland,Premier Division ,2016,14/10/2016,19:45,Bray,St. Patricks,2,1,H,2.43,3.39,3.14,2.45,3.4,3.3,2.35,3.21,3,,,,,,
Ireland,Premier Division ,2016,14/10/2016,19:45,Cork City,Finn Harps,2,0,H,1.16,8.74,19.39,1.16,9.5,26.74,1.12,7.98,19.28,,,,,,
Ireland,Premier Division ,2016,14/10/2016,19:45,Derry City,Bohemians,2,1,H,1.55,4.48,6.42,1.63,4.48,7,1.54,3.92,5.95,,,,,,
Ireland,Premier Division ,2016,14/10/2016,19:45,Shamrock Rovers,Dundalk,0,3,A,6.25,4.26,1.59,6.5,4.26,1.65,5.66,3.88,1.57,,,,,,
Ireland,Premier Division ,2016,14/10/2016,19:45,Sligo Rovers,Longford,1,0,H,1.46,4.79,7.7,1.46,4.86,8.72,1.4,4.53,7.3,,,,,,
Ireland,Premier Division ,2016,14/10/2016,20:00,Wexford,Galway,5,4,H,3.82,3.66,2.04,3.82,3.7,2.34,3.33,3.41,2.1,,,,,,
Ireland,Premier Division ,2016,17/10/2016,19:45,St. Patricks,Cork City,3,1,H,5.87,4.18,1.63,7.93,4.5,1.64,6.29,3.9,1.52,,,,,,
Ireland,Premier Division ,2016,17/10/2016,20:00,Longford,Dundalk,0,3,A,22,9,1.15,31,9.21,1.15,21.59,7.69,1.12,,,,,,
Ireland,Premier Division ,2016,21/10/2016,19:45,Cork City,St. Patricks,3,1,H,1.45,4.64,8.21,1.46,4.76,8.72,1.41,4.36,7.49,,,,,,
Ireland,Premier Division ,2016,21/10/2016,19:45,Derry City,Sligo Rovers,2,1,H,1.72,3.92,5.24,1.76,3.92,5.45,1.68,3.64,4.9,,,,,,
Ireland,Premier Division ,2016,21/10/2016,19:45,Galway,Longford,0,0,D,1.61,4.38,5.71,1.73,4.38,6,1.62,3.93,5.06,,,,,,
Ireland,Premier Division ,2016,21/10/2016,20:00,Shamrock Rovers,Bray,0,0,D,2.42,3.32,3.21,2.48,3.32,3.3,2.34,3.15,3.05,,,,,,
Ireland,Premier Division ,2016,21/10/2016,20:00,Wexford,Finn Harps,0,0,D,2.74,3.32,2.79,2.8,3.47,3.4,2.39,3.21,2.94,,,,,,
Ireland,Premier Division ,2016,22/10/2016,19:15,Cobh Ramblers,Drogheda,0,2,A,2.68,3.32,2.85,2.74,3.35,3,2.52,3.13,2.76,,,,,,
Ireland,Premier Division ,2016,23/10/2016,19:00,Dundalk,Bohemians,2,1,H,1.26,6.09,14.38,1.26,6.54,15.35,1.24,5.62,11.64,,,,,,
Ireland,Premier Division ,2016,24/10/2016,19:45,Cork City,Wexford,5,0,H,1.27,7.34,9.97,1.29,7.34,12,1.25,6.04,9.54,,,,,,
Ireland,Premier Division ,2016,25/10/2016,19:45,St. Patricks,Dundalk,5,2,H,1.81,3.92,4.56,2,3.95,4.75,1.8,3.61,4.11,,,,,,
Ireland,Premier Division ,2016,28/10/2016,19:45,Bray,Cork City,4,1,H,3.79,3.82,2,4,3.82,2.06,3.61,3.51,1.95,,,,,,
Ireland,Premier Division ,2016,28/10/2016,19:45,Drogheda,Cobh Ramblers,1,2,A,2.11,3.49,3.78,2.14,3.52,4.16,1.99,3.31,3.66,,,,,,
Ireland,Premier Division ,2016,28/10/2016,19:45,Dundalk,Galway,4,1,H,1.25,7,11.85,1.3,7.33,15,1.22,6.33,10.57,,,,,,
Ireland,Premier Division ,2016,28/10/2016,19:45,Finn Harps,Bohemians,1,0,H,3.72,3.57,2.1,4.33,3.57,2.12,3.59,3.41,2,,,,,,
Ireland,Premier Division ,2016,28/10/2016,19:45,Longford,Shamrock Rovers,2,4,A,5.15,3.92,1.74,5.15,3.97,1.94,4.43,3.63,1.75,,,,,,
Ireland,Premier Division ,2016,28/10/2016,19:45,Sligo Rovers,Wexford,5,0,H,1.12,10.37,27.01,1.15,12.38,38,1.08,9.62,23.3,,,,,,
Ireland,Premier Division ,2016,28/10/2016,19:45,St. Patricks,Derry City,0,2,A,2.55,3.66,2.78,2.58,3.67,2.8,2.46,3.44,2.65,,,,,,
Ireland,Premier Division ,2016,31/10/2016,19:45,Wexford,Drogheda,2,0,H,2.47,3.25,3.2,2.86,3.5,3.2,2.56,3.16,2.73,,,,,,
Ireland,Premier Division ,2016,04/11/2016,19:45,Drogheda,Wexford,3,0,H,1.74,3.9,5.14,1.98,3.91,5.14,1.82,3.6,4.12,,,,,,
Ireland,Premier Division ,2017,24/02/2017,19:45,Bohemians,Derry City,1,4,A,4.19,3.25,2.09,4.19,3.3,2.2,3.69,3.12,2.08,,,,,,
Ireland,Premier Division ,2017,24/02/2017,19:45,Galway,Drogheda,0,1,A,2.11,3.37,3.94,2.2,3.38,3.94,2.09,3.19,3.57,,,,,,
Ireland,Premier Division ,2017,24/02/2017,19:45,Limerick,Sligo Rovers,5,1,H,2.02,3.51,4.08,2.02,3.58,4.26,1.95,3.31,3.89,,,,,,
Ireland,Premier Division ,2017,24/02/2017,19:45,St. Patricks,Bray,1,2,A,2.44,3.25,3.26,2.47,3.34,3.31,2.35,3.1,3.08,,,,,,
Ireland,Premier Division ,2017,24/02/2017,20:00,Dundalk,Shamrock Rovers,2,1,H,2.02,3.34,4.34,2.02,3.55,4.42,1.93,3.26,4.03,,,,,,
Ireland,Premier Division ,2017,24/02/2017,20:00,Finn Harps,Cork City,0,1,A,10.48,4.6,1.4,11,4.65,1.43,8.85,4.26,1.38,,,,,,
Ireland,Premier Division ,2017,03/03/2017,19:30,Shamrock Rovers,Bohemians,2,1,H,1.54,4.01,7.85,1.55,4.2,7.93,1.51,3.82,6.64,,,,,,
Ireland,Premier Division ,2017,03/03/2017,19:45,Bray,Finn Harps,5,3,H,1.5,4.03,9.06,1.55,4.05,9.06,1.48,3.82,7.33,,,,,,
Ireland,Premier Division ,2017,03/03/2017,19:45,Cork City,Galway,4,0,H,1.34,5.54,10.02,1.34,5.8,11,1.32,4.89,9.27,,,,,,
Ireland,Premier Division ,2017,03/03/2017,19:45,Drogheda,St. Patricks,2,0,H,3.64,3.29,2.24,3.66,3.3,2.3,3.36,3.14,2.18,,,,,,
Ireland,Premier Division ,2017,04/03/2017,19:45,Sligo Rovers,Dundalk,0,4,A,6.19,4.18,1.6,6.85,4.2,1.62,5.84,3.83,1.55,,,,,,
Ireland,Premier Division ,2017,10/03/2017,19:45,Bohemians,Bray,3,2,H,4.2,3.46,2.01,4.56,3.57,2.04,4.09,3.3,1.9,,,,,,
Ireland,Premier Division ,2017,10/03/2017,19:45,Dundalk,Limerick,1,0,H,1.31,6.21,10.1,1.57,6.4,10.5,1.31,5.44,8.12,,,,,,
Ireland,Premier Division ,2017,10/03/2017,19:45,Sligo Rovers,St. Patricks,1,1,D,2.82,3.21,2.78,2.94,3.21,2.88,2.7,3.06,2.65,,,,,,
Ireland,Premier Division ,2017,10/03/2017,20:00,Drogheda,Cork City,1,4,A,8.07,4.53,1.47,8.72,4.53,1.5,7.39,4.17,1.43,,,,,,
Ireland,Premier Division ,2017,10/03/2017,20:00,Finn Harps,Galway,1,1,D,2.97,3.27,2.61,3,3.37,2.73,2.82,3.11,2.52,,,,,,
Ireland,Premier Division ,2017,10/03/2017,20:00,Shamrock Rovers,Derry City,0,1,A,2.05,3.41,4.09,2.12,3.42,4.33,1.98,3.25,3.83,,,,,,
Ireland,Premier Division ,2017,13/03/2017,19:00,Galway,Shamrock Rovers,1,2,A,5.06,3.44,1.86,5.2,3.6,1.87,4.62,3.33,1.8,,,,,,
Ireland,Premier Division ,2017,13/03/2017,19:45,Bray,Drogheda,2,1,H,1.63,3.98,6.24,1.65,4.1,6.34,1.58,3.83,5.69,,,,,,
Ireland,Premier Division ,2017,13/03/2017,19:45,Cork City,Sligo Rovers,2,1,H,1.22,7,15.5,1.24,7.5,19.5,1.2,6.1,13.54,,,,,,
Ireland,Premier Division ,2017,13/03/2017,19:45,Derry City,Dundalk,3,1,H,4.37,3.4,1.99,6.46,3.75,1.99,4.23,3.39,1.86,,,,,,
Ireland,Premier Division ,2017,13/03/2017,19:45,Limerick,Bohemians,0,1,A,1.59,4.45,5.83,1.6,4.45,7,1.54,4.17,5.5,,,,,,
Ireland,Premier Division ,2017,13/03/2017,19:45,St. Patricks,Finn Harps,1,2,A,1.56,4.18,6.89,1.57,4.18,7.5,1.52,3.84,6.49,,,,,,
Ireland,Premier Division ,2017,17/03/2017,17:00,Shamrock Rovers,Cork City,1,2,A,3.98,3.26,2.14,4,3.37,2.2,3.61,3.18,2.08,,,,,,
Ireland,Premier Division ,2017,17/03/2017,19:45,Bohemians,Galway,1,1,D,2.4,3.39,3.19,2.44,3.4,3.34,2.28,3.2,3.1,,,,,,
Ireland,Premier Division ,2017,18/03/2017,14:00,Limerick,Finn Harps,1,1,D,1.48,4.82,7.16,1.54,4.82,7.5,1.45,4.41,6.38,,,,,,
Ireland,Premier Division ,2017,18/03/2017,15:00,Derry City,Drogheda,4,0,H,1.5,4.34,7.85,1.51,4.4,8.12,1.47,4.02,6.97,,,,,,
Ireland,Premier Division ,2017,18/03/2017,19:00,Dundalk,St. Patricks,3,0,H,1.36,5.28,9.95,1.38,5.28,11,1.33,4.71,9.2,,,,,,
Ireland,Premier Division ,2017,18/03/2017,19:45,Sligo Rovers,Bray,3,2,H,3.24,3.52,2.32,3.36,3.52,2.37,3.11,3.29,2.24,,,,,,
Ireland,Premier Division ,2017,25/03/2017,15:00,Cork City,Dundalk,2,1,H,2.36,3.26,3.41,2.4,3.32,3.44,2.26,3.17,3.17,,,,,,
Ireland,Premier Division ,2017,25/03/2017,17:00,St. Patricks,Shamrock Rovers,2,1,H,3.99,3.36,2.1,4.02,3.36,2.16,3.69,3.19,2.05,,,,,,
Ireland,Premier Division ,2017,25/03/2017,17:30,Drogheda,Bohemians,0,1,A,2.86,3.21,2.75,2.89,3.23,2.85,2.7,3.07,2.65,,,,,,
Ireland,Premier Division ,2017,25/03/2017,19:30,Bray,Limerick,0,1,A,2.14,3.7,3.49,2.15,3.77,3.68,2.07,3.49,3.3,,,,,,
Ireland,Premier Division ,2017,25/03/2017,19:45,Finn Harps,Sligo Rovers,2,1,H,3,3.21,2.63,3.14,3.21,2.67,2.9,3.05,2.5,,,,,,
Ireland,Premier Division ,2017,31/03/2017,19:30,Dundalk,Drogheda,3,1,H,1.23,6.82,14.83,1.25,7.2,17,1.2,6.22,12.61,,,,,,
Ireland,Premier Division ,2017,31/03/2017,19:45,Bohemians,St. Patricks,0,4,A,3.13,3.39,2.44,3.13,3.39,2.54,2.93,3.11,2.41,,,,,,
Ireland,Premier Division ,2017,31/03/2017,19:45,Derry City,Bray,2,3,A,1.7,4.02,5.32,1.76,4.1,5.32,1.69,3.71,4.7,,,,,,
Ireland,Premier Division ,2017,31/03/2017,19:45,Limerick,Cork City,0,3,A,5.22,4.18,1.68,5.3,4.25,1.73,4.85,3.81,1.65,,,,,,
Ireland,Premier Division ,2017,31/03/2017,20:00,Shamrock Rovers,Finn Harps,3,2,H,1.56,4.2,6.88,1.56,4.66,10,1.46,4.07,7.06,,,,,,
Ireland,Premier Division ,2017,03/04/2017,19:45,Galway,Sligo Rovers,1,1,D,2.34,3.34,3.35,2.37,3.34,3.4,2.27,3.14,3.18,,,,,,
Ireland,Premier Division ,2017,07/04/2017,19:30,Cork City,Derry City,3,0,H,1.51,4.24,7.81,1.55,4.6,7.81,1.48,4.06,6.61,,,,,,
Ireland,Premier Division ,2017,07/04/2017,19:45,Bray,Galway,1,0,H,1.73,4.01,5.05,1.75,4.16,5.3,1.69,3.8,4.61,,,,,,
Ireland,Premier Division ,2017,07/04/2017,19:45,Drogheda,Shamrock Rovers,2,1,H,6.2,4.08,1.62,6.2,4.08,1.69,5.41,3.78,1.6,,,,,,
Ireland,Premier Division ,2017,07/04/2017,19:45,St. Patricks,Limerick,0,2,A,2.3,3.48,3.29,2.33,3.62,3.29,2.23,3.31,3.09,,,,,,
Ireland,Premier Division ,2017,07/04/2017,20:00,Finn Harps,Dundalk,0,2,A,9.22,4.88,1.4,9.8,5,1.43,8.58,4.53,1.36,,,,,,
Ireland,Premier Division ,2017,08/04/2017,19:45,Sligo Rovers,Bohemians,2,0,H,1.94,3.55,4.39,2.25,3.65,4.5,1.91,3.38,3.95,,,,,,
Ireland,Premier Division ,2017,14/04/2017,19:45,Bohemians,Cork City,0,2,A,9.02,5.01,1.4,10,5.3,1.41,8.45,4.61,1.36,,,,,,
Ireland,Premier Division ,2017,14/04/2017,19:45,Derry City,Finn Harps,0,2,A,1.58,4.36,6.12,1.58,4.5,6.9,1.52,4.02,5.94,,,,,,
Ireland,Premier Division ,2017,14/04/2017,19:45,Dundalk,Bray,1,3,A,1.43,5.03,7.8,1.47,5.03,8.05,1.41,4.55,7.03,,,,,,
Ireland,Premier Division ,2017,14/04/2017,19:45,Galway,St. Patricks,1,1,D,2.94,3.33,2.6,2.98,3.44,2.62,2.86,3.15,2.46,,,,,,
Ireland,Premier Division ,2017,14/04/2017,20:00,Shamrock Rovers,Sligo Rovers,1,0,H,1.63,3.98,6.21,1.69,4,6.25,1.6,3.72,5.58,,,,,,
Ireland,Premier Division ,2017,15/04/2017,18:30,Limerick,Drogheda,3,0,H,1.44,4.95,7.86,1.62,4.95,7.86,1.46,4.35,6.33,,,,,,
Ireland,Premier Division ,2017,21/04/2017,19:45,Bray,Shamrock Rovers,4,2,H,2.79,3.4,2.68,2.8,3.59,2.71,2.71,3.27,2.51,,,,,,
Ireland,Premier Division ,2017,21/04/2017,19:45,Dundalk,Bohemians,2,0,H,1.29,6.05,12.05,1.31,6.2,12.4,1.26,5.39,10.64,,,,,,
Ireland,Premier Division ,2017,21/04/2017,19:45,Limerick,Galway,1,1,D,1.6,4.55,5.54,1.66,4.55,5.54,1.59,4.05,5.11,,,,,,
Ireland,Premier Division ,2017,21/04/2017,19:45,St. Patricks,Cork City,0,3,A,7.68,4.49,1.49,7.68,4.49,1.59,6.46,3.97,1.5,,,,,,
Ireland,Premier Division ,2017,21/04/2017,20:00,Finn Harps,Drogheda,0,2,A,2.27,3.28,3.57,2.38,3.31,3.66,2.23,3.14,3.28,,,,,,
Ireland,Premier Division ,2017,22/04/2017,19:45,Sligo Rovers,Derry City,1,1,D,3.3,3.41,2.33,3.6,3.41,2.33,3.26,3.23,2.19,,,,,,
Ireland,Premier Division ,2017,25/04/2017,19:45,Derry City,Limerick,1,1,D,2.53,3.45,2.94,2.53,3.5,3.2,2.4,3.28,2.82,,,,,,
Ireland,Premier Division ,2017,28/04/2017,19:45,Bohemians,Finn Harps,2,0,H,2.24,3.22,3.73,2.3,3.25,3.8,2.18,3.08,3.43,,,,,,
Ireland,Premier Division ,2017,28/04/2017,19:45,Cork City,Bray,2,1,H,1.54,4.49,6.6,1.54,4.8,8.8,1.43,4.39,6.99,,,,,,
Ireland,Premier Division ,2017,28/04/2017,19:45,Derry City,St. Patricks,2,2,D,1.98,3.69,4.01,2.1,3.69,4.01,2,3.36,3.64,,,,,,
Ireland,Premier Division ,2017,28/04/2017,19:45,Drogheda,Sligo Rovers,1,1,D,2.93,3.33,2.61,3.1,3.33,2.62,2.87,3.14,2.46,,,,,,
Ireland,Premier Division ,2017,28/04/2017,19:45,Galway,Dundalk,2,1,H,6.16,4.08,1.62,7,4.5,1.62,5.82,3.82,1.56,,,,,,
Ireland,Premier Division ,2017,28/04/2017,20:00,Shamrock Rovers,Limerick,1,1,D,2.24,3.61,3.32,2.25,3.64,3.75,2.12,3.42,3.24,,,,,,
Ireland,Premier Division ,2017,05/05/2017,19:45,Bray,St. Patricks,1,1,D,1.9,3.89,4.15,1.93,3.89,4.2,1.85,3.61,3.9,,,,,,
Ireland,Premier Division ,2017,05/05/2017,19:45,Cork City,Finn Harps,5,0,H,1.18,7.55,20.63,1.19,8.2,23.05,1.16,6.6,17.15,,,,,,
Ireland,Premier Division ,2017,05/05/2017,19:45,Derry City,Bohemians,2,0,H,1.62,4.12,6.06,1.63,4.25,6.5,1.58,3.92,5.49,,,,,,
Ireland,Premier Division ,2017,05/05/2017,19:45,Drogheda,Galway,2,2,D,2.98,3.23,2.63,2.98,3.25,2.73,2.78,3.1,2.55,,,,,,
Ireland,Premier Division ,2017,05/05/2017,20:00,Shamrock Rovers,Dundalk,2,1,H,4.41,3.53,1.94,4.5,3.58,2.05,3.91,3.36,1.93,,,,,,
Ireland,Premier Division ,2017,06/05/2017,19:45,Sligo Rovers,Limerick,3,0,H,3.66,3.6,2.11,3.85,3.64,2.15,3.46,3.41,2.03,,,,,,
Ireland,Premier Division ,2017,08/05/2017,19:45,Galway,Derry City,0,0,D,3.24,3.45,2.34,3.7,3.6,2.34,3.32,3.3,2.13,,,,,,
Ireland,Premier Division ,2017,12/05/2017,19:45,Bohemians,Shamrock Rovers,0,2,A,4.68,3.61,1.87,5,3.61,1.9,4.42,3.41,1.81,,,,,,
Ireland,Premier Division ,2017,12/05/2017,19:45,Dundalk,Sligo Rovers,4,0,H,1.44,5.08,7.45,1.44,5.25,9,1.37,4.81,7.36,,,,,,
Ireland,Premier Division ,2017,12/05/2017,19:45,Galway,Cork City,1,1,D,8.03,4.73,1.45,8.8,4.8,1.47,7.34,4.39,1.41,,,,,,
Ireland,Premier Division ,2017,12/05/2017,19:45,St. Patricks,Drogheda,2,0,H,1.68,3.98,5.55,1.75,4,5.75,1.64,3.72,5.16,,,,,,
Ireland,Premier Division ,2017,12/05/2017,20:00,Finn Harps,Bray,0,3,A,4.15,3.78,1.93,4.25,3.78,1.97,3.94,3.52,1.87,,,,,,
Ireland,Premier Division ,2017,13/05/2017,18:30,Limerick,Derry City,1,1,D,2.58,3.41,2.9,2.65,3.5,3.1,2.42,3.27,2.82,,,,,,
Ireland,Premier Division ,2017,19/05/2017,19:45,Bray,Bohemians,1,2,A,1.69,3.97,5.51,1.69,4.1,5.8,1.63,3.77,5.13,,,,,,
Ireland,Premier Division ,2017,19/05/2017,19:45,Cork City,Drogheda,5,0,H,1.18,8.09,18.83,1.18,9,22.85,1.15,7.19,16.64,,,,,,
Ireland,Premier Division ,2017,19/05/2017,19:45,Derry City,Shamrock Rovers,3,1,H,2.72,3.41,2.75,2.72,3.44,3.2,2.47,3.22,2.81,,,,,,
Ireland,Premier Division ,2017,19/05/2017,19:45,Galway,Finn Harps,2,1,H,1.85,3.63,4.81,1.9,3.76,5.1,1.78,3.46,4.5,,,,,,
Ireland,Premier Division ,2017,19/05/2017,19:45,Limerick,Dundalk,0,3,A,5.89,4.29,1.61,6,4.29,1.63,5.44,3.95,1.57,,,,,,
Ireland,Premier Division ,2017,19/05/2017,19:45,St. Patricks,Sligo Rovers,1,1,D,1.64,4.02,5.97,1.75,4.1,6.2,1.63,3.69,5.31,,,,,,
Ireland,Premier Division ,2017,22/05/2017,19:45,Sligo Rovers,Cork City,1,2,A,8.65,5.14,1.4,9,5.3,1.42,7.67,4.75,1.37,,,,,,
Ireland,Premier Division ,2017,22/05/2017,20:00,Finn Harps,St. Patricks,3,1,H,4.8,3.82,1.8,5,3.95,1.9,4.53,3.57,1.75,,,,,,
Ireland,Premier Division ,2017,22/05/2017,20:00,Shamrock Rovers,Galway,2,0,H,1.59,4.2,6.35,1.65,4.3,6.5,1.56,3.94,5.58,,,,,,
Ireland,Premier Division ,2017,23/05/2017,19:45,Bohemians,Limerick,1,2,A,2.55,3.33,3,3.15,3.38,3,2.59,3.16,2.7,,,,,,
Ireland,Premier Division ,2017,23/05/2017,19:45,Drogheda,Bray,0,0,D,5.41,4.41,1.63,5.8,4.55,1.65,5.09,4.06,1.59,,,,,,
Ireland,Premier Division ,2017,23/05/2017,19:45,Dundalk,Derry City,0,0,D,1.66,4.28,5.29,1.66,4.48,6.5,1.56,4.09,5.4,,,,,,
Ireland,Premier Division ,2017,26/05/2017,19:45,Bray,Sligo Rovers,2,2,D,1.72,4,5.17,1.72,4.15,5.8,1.66,3.83,4.82,,,,,,
Ireland,Premier Division ,2017,26/05/2017,19:45,Cork City,Shamrock Rovers,4,1,H,1.47,4.55,7.98,1.47,4.95,8.6,1.42,4.41,7.07,,,,,,
Ireland,Premier Division ,2017,26/05/2017,19:45,Drogheda,Derry City,0,0,D,6.36,3.71,1.67,6.36,3.85,1.68,5.46,3.6,1.63,,,,,,
Ireland,Premier Division ,2017,26/05/2017,19:45,Galway,Bohemians,1,2,A,2.16,3.31,3.84,2.19,3.35,3.86,2.1,3.19,3.52,,,,,,
Ireland,Premier Division ,2017,26/05/2017,19:45,St. Patricks,Dundalk,0,2,A,5.97,4.43,1.58,6.25,4.5,1.6,5.54,4.11,1.54,,,,,,
Ireland,Premier Division ,2017,26/05/2017,20:00,Finn Harps,Limerick,3,2,H,3.62,3.3,2.25,3.64,3.38,2.27,3.37,3.2,2.16,,,,,,
Ireland,Premier Division ,2017,30/05/2017,20:00,Shamrock Rovers,Bray,2,0,H,1.96,3.88,3.88,1.98,3.9,4.15,1.89,3.61,3.74,,,,,,
Ireland,Premier Division ,2017,02/06/2017,19:30,Dundalk,Cork City,0,3,A,2.46,3.44,3.05,2.57,3.44,3.1,2.37,3.26,2.9,,,,,,
Ireland,Premier Division ,2017,02/06/2017,19:45,Bohemians,Drogheda,0,0,D,1.86,3.43,5.07,1.89,3.5,5.07,1.83,3.32,4.45,,,,,,
Ireland,Premier Division ,2017,02/06/2017,19:45,Derry City,Galway,2,1,H,1.69,3.9,5.61,1.69,4.1,5.61,1.64,3.75,4.99,,,,,,
Ireland,Premier Division ,2017,02/06/2017,19:45,Limerick,Bray,5,3,H,2.28,3.7,3.16,2.3,3.76,3.3,2.21,3.46,3.02,,,,,,
Ireland,Premier Division ,2017,02/06/2017,19:45,Sligo Rovers,Finn Harps,0,0,D,1.92,3.68,4.29,1.92,3.85,5.1,1.8,3.56,4.23,,,,,,
Ireland,Premier Division ,2017,02/06/2017,20:00,Shamrock Rovers,St. Patricks,1,1,D,1.83,3.66,4.92,1.83,3.82,4.95,1.77,3.52,4.43,,,,,,
Ireland,Premier Division ,2017,16/06/2017,19:45,Bray,Derry City,3,2,H,3.06,3.58,2.39,3.3,3.58,2.5,2.88,3.34,2.34,,,,,,
Ireland,Premier Division ,2017,16/06/2017,19:45,Drogheda,Dundalk,0,6,A,11.14,5.97,1.3,11.14,5.97,1.34,9.76,5.28,1.28,,,,,,
Ireland,Premier Division ,2017,16/06/2017,19:45,St. Patricks,Bohemians,1,3,A,2.06,3.46,3.98,2.1,3.58,4.25,1.95,3.36,3.79,,,,,,
Ireland,Premier Division ,2017,16/06/2017,20:00,Cork City,Limerick,4,1,H,1.19,7.95,18,1.2,8.5,20.95,1.17,7.14,14.02,,,,,,
Ireland,Premier Division ,2017,16/06/2017,20:00,Finn Harps,Shamrock Rovers,0,1,A,4.04,3.6,2,4.6,3.65,2,3.99,3.36,1.91,,,,,,
Ireland,Premier Division ,2017,17/06/2017,19:45,Sligo Rovers,Galway,1,1,D,2.45,3.44,3.06,2.45,3.47,3.2,2.32,3.25,2.98,,,,,,
Ireland,Premier Division ,2017,23/06/2017,19:45,Bohemians,Sligo Rovers,2,0,H,2.6,3.33,2.94,2.6,3.35,3.25,2.39,3.16,2.92,,,,,,
Ireland,Premier Division ,2017,23/06/2017,19:45,Derry City,Cork City,1,2,A,5.19,4.17,1.69,5.5,4.2,1.73,4.8,3.82,1.66,,,,,,
Ireland,Premier Division ,2017,23/06/2017,19:45,Galway,Bray,1,2,A,3.04,3.65,2.37,3.2,3.72,2.39,2.92,3.43,2.29,,,,,,
Ireland,Premier Division ,2017,23/06/2017,20:00,Dundalk,Finn Harps,4,0,H,1.16,8.7,21.05,1.17,8.75,23.8,1.14,7.48,17.8,,,,,,
Ireland,Premier Division ,2017,23/06/2017,20:00,Shamrock Rovers,Drogheda,4,1,H,1.36,5.29,9.95,1.36,5.6,11.45,1.32,4.96,8.83,,,,,,
Ireland,Premier Division ,2017,24/06/2017,18:30,Limerick,St. Patricks,2,2,D,2.14,3.73,3.45,2.17,3.75,3.5,2.08,3.49,3.25,,,,,,
Ireland,Premier Division ,2017,26/06/2017,19:45,Dundalk,Galway,2,0,H,1.21,7.25,17.62,1.23,7.4,17.62,1.19,6.27,13.91,,,,,,
Ireland,Premier Division ,2017,30/06/2017,19:45,Bray,Dundalk,0,3,A,5.44,4.42,1.63,5.75,4.42,1.63,5.18,4.13,1.57,,,,,,
Ireland,Premier Division ,2017,30/06/2017,19:45,Drogheda,Limerick,0,2,A,4.94,4.12,1.72,4.94,4.15,1.77,4.46,3.8,1.7,,,,,,
Ireland,Premier Division ,2017,30/06/2017,19:45,St. Patricks,Galway,1,1,D,1.92,3.76,4.19,1.95,3.8,4.37,1.86,3.57,3.94,,,,,,
Ireland,Premier Division ,2017,02/07/2017,18:00,Sligo Rovers,Shamrock Rovers,1,0,H,3.86,3.57,2.06,3.96,3.64,2.09,3.63,3.37,2,,,,,,
Ireland,Premier Division,2017,05/07/2017,19:45,Bohemians,Dundalk,0,1,A,11.68,5.37,1.33,11.68,5.7,1.36,9.55,5.04,1.3,,,,,,
Ireland,Premier Division,2017,07/07/2017,19:45,Drogheda,Finn Harps,0,2,A,3.19,3.31,2.44,3.34,3.31,2.45,3.04,3.14,2.33,,,,,,
Ireland,Premier Division,2017,07/07/2017,19:45,Galway,Limerick,3,1,H,2.54,3.57,2.84,2.6,3.57,2.88,2.48,3.29,2.71,,,,,,
Ireland,Premier Division,2017,09/07/2017,14:00,Cork City,St. Patricks,1,0,H,1.26,6.46,13.53,1.3,6.8,14.5,1.25,5.69,10.52,,,,,,
Ireland,Premier Division,2017,09/07/2017,14:30,Derry City,Sligo Rovers,4,0,H,1.85,3.85,4.48,1.85,3.94,4.89,1.77,3.63,4.29,,,,,,
Ireland,Premier Division,2017,14/07/2017,19:45,St. Patricks,Derry City,2,1,H,3.25,3.66,2.25,3.26,3.71,2.3,3.07,3.45,2.19,,,,,,
Ireland,Premier Division,2017,14/07/2017,20:00,Finn Harps,Bohemians,2,1,H,2.83,3.13,2.84,2.9,3.15,2.92,2.71,3.02,2.67,,,,,,
Ireland,Premier Division,2017,15/07/2017,19:45,Sligo Rovers,Drogheda,1,1,D,1.56,4.32,6.63,1.61,4.38,7,1.54,3.97,5.96,,,,,,
Ireland,Premier Division,2017,16/07/2017,16:00,Bray,Cork City,0,2,A,6.27,4.75,1.53,6.32,4.75,1.56,5.66,4.33,1.5,,,,,,
Ireland,Premier Division,2017,21/07/2017,19:45,Bohemians,Derry City,0,1,A,4.54,3.63,1.88,4.54,3.7,1.95,4.15,3.46,1.84,,,,,,
Ireland,Premier Division,2017,21/07/2017,19:45,Galway,Drogheda,4,1,H,1.61,4.2,6.06,1.65,4.2,6.2,1.57,3.88,5.67,,,,,,
Ireland,Premier Division,2017,21/07/2017,20:00,St. Patricks,Bray,3,1,H,2.17,3.69,3.41,2.17,3.7,3.55,2.09,3.47,3.26,,,,,,
Ireland,Premier Division,2017,22/07/2017,18:30,Limerick,Sligo Rovers,0,0,D,1.85,3.77,4.51,1.96,3.82,4.7,1.86,3.58,3.9,,,,,,
Ireland,Premier Division,2017,23/07/2017,17:00,Dundalk,Shamrock Rovers,0,1,A,1.55,4.34,6.71,1.58,4.35,6.9,1.51,4.08,6.01,,,,,,
Ireland,Premier Division,2017,24/07/2017,20:00,Finn Harps,Derry City,0,2,A,4.8,3.52,1.88,4.85,3.64,1.9,4.52,3.39,1.8,,,,,,
Ireland,Premier Division,2017,28/07/2017,19:45,Bray,Finn Harps,2,3,A,2.06,3.59,3.83,2.21,3.8,3.9,2.02,3.43,3.49,,,,,,
Ireland,Premier Division,2017,28/07/2017,19:45,Cork City,Galway,2,1,H,1.31,5.58,12.27,1.32,6.25,14.5,1.27,5.35,10.37,,,,,,
Ireland,Premier Division,2017,28/07/2017,19:45,Drogheda,St. Patricks,0,1,A,5.63,4.17,1.65,6.5,4.2,1.65,5.41,3.93,1.58,,,,,,
Ireland,Premier Division,2017,28/07/2017,20:00,Shamrock Rovers,Bohemians,1,2,A,1.59,4.16,6.37,1.61,4.2,6.75,1.55,3.87,5.87,,,,,,
Ireland,Premier Division,2017,29/07/2017,19:45,Sligo Rovers,Dundalk,1,1,D,6.9,4.63,1.51,9,4.75,1.51,7.07,4.28,1.43,,,,,,
Ireland,Premier Division,2017,30/07/2017,17:00,Derry City,Limerick,3,0,H,1.63,4.27,5.7,1.75,4.27,5.7,1.66,3.9,4.7,,,,,,
Ireland,Premier Division,2017,31/07/2017,19:45,Cork City,Bohemians,0,1,A,1.26,6.34,13.63,1.27,6.34,15,1.23,5.75,12.19,,,,,,
Ireland,Premier Division,2017,04/08/2017,19:45,Bohemians,Bray,0,0,D,2,3.67,3.96,2,3.68,4.17,1.93,3.41,3.79,,,,,,
Ireland,Premier Division,2017,04/08/2017,19:45,Drogheda,Cork City,0,1,A,17.3,7.4,1.2,17.3,7.73,1.22,13.74,6.52,1.18,,,,,,
Ireland,Premier Division,2017,04/08/2017,19:45,Dundalk,Limerick,3,0,H,1.28,6.16,12.73,1.3,6.16,13,1.27,5.54,10.09,,,,,,
Ireland,Premier Division,2017,04/08/2017,20:00,Finn Harps,Galway,1,3,A,2.5,3.22,3.18,2.55,3.3,3.37,2.34,3.13,3.06,,,,,,
Ireland,Premier Division,2017,04/08/2017,20:00,Shamrock Rovers,Derry City,0,2,A,2.29,3.38,3.41,2.4,3.42,3.41,2.23,3.23,3.18,,,,,,
Ireland,Premier Division,2017,05/08/2017,19:45,Sligo Rovers,St. Patricks,1,1,D,3.2,3.24,2.47,3.2,3.32,2.55,2.99,3.18,2.36,,,,,,
Ireland,Premier Division,2017,15/08/2017,19:45,Limerick,Shamrock Rovers,0,2,A,4.64,3.87,1.81,4.7,3.96,1.89,4.21,3.62,1.79,,,,,,
Ireland,Premier Division,2017,15/08/2017,19:45,Sligo Rovers,Bray,0,0,D,2.56,3.51,2.86,2.59,3.55,2.9,2.46,3.3,2.76,,,,,,
Ireland,Premier Division,2017,18/08/2017,19:30,Cork City,Sligo Rovers,0,1,A,1.31,5.67,11.52,1.31,6.1,12.87,1.27,5.31,10.59,,,,,,
Ireland,Premier Division,2017,18/08/2017,19:45,Bray,Drogheda,2,1,H,1.6,3.95,6.76,1.64,4.05,6.76,1.56,3.88,5.77,,,,,,
Ireland,Premier Division,2017,18/08/2017,19:45,Galway,Shamrock Rovers,1,2,A,4.09,3.41,2.05,4.15,3.6,2.05,3.7,3.39,1.97,,,,,,
Ireland,Premier Division,2017,18/08/2017,19:45,St. Patricks,Finn Harps,4,0,H,1.72,3.92,5.3,1.74,3.96,5.75,1.65,3.73,5.08,,,,,,
Ireland,Premier Division,2017,19/08/2017,18:30,Limerick,Bohemians,1,0,H,2.39,3.35,3.24,2.55,3.5,3.26,2.35,3.25,2.96,,,,,,
Ireland,Premier Division,2017,20/08/2017,14:30,Derry City,Dundalk,0,4,A,4.05,3.62,1.99,4.42,3.7,2.01,3.96,3.4,1.9,,,,,,
Ireland,Premier Division,2017,21/08/2017,19:15,Finn Harps,Cork City,0,1,A,7.9,4.16,1.52,8.5,4.4,1.53,7.23,4.05,1.46,,,,,,
Ireland,Premier Division,2017,01/09/2017,19:45,Bohemians,Galway,1,1,D,2.73,3.27,2.84,2.73,3.3,3.2,2.52,3.16,2.77,,,,,,
Ireland,Premier Division,2017,01/09/2017,19:45,Dundalk,St. Patricks,6,0,H,1.46,4.77,7.6,1.47,4.95,8.5,1.42,4.48,6.95,,,,,,
Ireland,Premier Division,2017,01/09/2017,19:45,Limerick,Finn Harps,0,2,A,1.98,3.46,4.32,1.98,3.55,4.8,1.9,3.36,4,,,,,,
Ireland,Premier Division,2017,01/09/2017,19:45,Shamrock Rovers,Cork City,3,1,H,3.36,3.3,2.36,3.5,3.3,2.4,3.22,3.14,2.24,,,,,,
Ireland,Premier Division,2017,15/09/2017,19:45,Bray,Limerick,1,1,D,2.89,3.59,2.5,2.91,3.6,2.6,2.71,3.37,2.46,,,,,,
Ireland,Premier Division,2017,15/09/2017,19:45,Drogheda,Bohemians,1,4,A,4.78,3.55,1.87,4.8,3.56,2,4.19,3.33,1.87,,,,,,
Ireland,Premier Division,2017,15/09/2017,19:45,Galway,Derry City,2,1,H,3.51,3.72,2.12,3.56,3.72,2.2,3.31,3.44,2.09,,,,,,
Ireland,Premier Division,2017,16/09/2017,20:00,Finn Harps,Sligo Rovers,1,2,A,2.98,3.1,2.72,3,3.2,3.05,2.79,2.98,2.63,,,,,,
Ireland,Premier Division,2017,22/09/2017,19:45,Bohemians,St. Patricks,3,2,H,3.22,3.37,2.39,3.22,3.4,2.5,3.02,3.2,2.34,,,,,,
Ireland,Premier Division,2017,22/09/2017,19:45,Derry City,Bray,0,5,A,1.52,4.61,6.78,1.55,4.69,6.78,1.5,4.32,5.83,,,,,,
Ireland,Premier Division,2017,22/09/2017,19:45,Dundalk,Drogheda,3,0,H,1.08,15.9,28.56,1.09,16.04,61,1.06,12.21,30.06,,,,,,
Ireland,Premier Division,2017,22/09/2017,19:45,Galway,Sligo Rovers,3,1,H,2.15,3.56,3.6,2.2,3.65,3.6,2.1,3.35,3.36,,,,,,
Ireland,Premier Division,2017,22/09/2017,19:45,Limerick,Cork City,2,1,H,6.1,4.75,1.54,6.75,4.8,1.6,5.58,4.29,1.51,,,,,,
Ireland,Premier Division,2017,22/09/2017,20:00,Shamrock Rovers,Finn Harps,4,1,H,1.49,4.58,7.43,1.52,4.6,7.8,1.46,4.28,6.41,,,,,,
Ireland,Premier Division,2017,25/09/2017,19:20,Cork City,Dundalk,1,1,D,3.38,3.51,2.25,3.41,3.56,2.38,3.21,3.38,2.15,,,,,,
Ireland,Premier Division,2017,25/09/2017,19:45,St. Patricks,Shamrock Rovers,2,0,H,3.44,3.72,2.15,3.5,3.76,2.25,3.22,3.51,2.09,,,,,,
Ireland,Premier Division,2017,29/09/2017,19:45,Derry City,Drogheda,2,1,H,1.19,7.76,19.15,1.22,8.6,18.57,1.15,7.25,15.19,,,,,,
Ireland,Premier Division,2017,07/10/2017,15:00,Bray,Galway,3,3,D,2.96,3.76,2.38,3.2,3.8,2.6,2.79,3.48,2.35,,,,,,
Ireland,Premier Division,2017,07/10/2017,15:00,Drogheda,Shamrock Rovers,0,2,A,9.62,5.63,1.35,10.5,6,1.35,9.21,5.23,1.3,,,,,,
Ireland,Premier Division,2017,07/10/2017,17:00,Finn Harps,Dundalk,0,2,A,5.64,4.58,1.59,6.75,4.6,1.6,5.54,4.27,1.53,,,,,,
Ireland,Premier Division,2017,07/10/2017,19:45,Sligo Rovers,Bohemians,1,0,H,2.21,3.42,3.57,2.29,3.5,3.96,2.18,3.24,3.3,,,,,,
Ireland,Premier Division,2017,07/10/2017,17:00,St. Patricks,Limerick,2,2,D,2.06,3.89,3.54,2.1,3.91,3.63,2.01,3.61,3.35,,,,,,
Ireland,Premier Division,2017,13/10/2017,19:45,Bohemians,Cork City,0,0,D,6.74,4.2,1.56,7.1,4.25,1.56,6.19,3.99,1.51,,,,,,
Ireland,Premier Division,2017,13/10/2017,19:45,Derry City,Finn Harps,3,0,H,1.7,4.04,5.25,1.7,4.1,5.7,1.65,3.76,4.96,,,,,,
Ireland,Premier Division,2017,13/10/2017,19:45,Dundalk,Bray,1,0,H,1.39,5.2,8.67,1.41,6,10.5,1.36,4.95,7.46,,,,,,
Ireland,Premier Division,2017,13/10/2017,19:45,Galway,St. Patricks,1,1,D,2.72,3.82,2.53,2.72,3.82,2.65,2.59,3.51,2.48,,,,,,
Ireland,Premier Division,2017,13/10/2017,20:00,Shamrock Rovers,Sligo Rovers,1,1,D,1.78,3.82,4.98,1.92,3.85,5.1,1.78,3.55,4.34,,,,,,
Ireland,Premier Division,2017,14/10/2017,18:30,Limerick,Drogheda,1,0,H,1.34,5.78,9,1.45,5.78,9.17,1.34,5.09,7.78,,,,,,
Ireland,Premier Division,2017,17/10/2017,19:20,Cork City,Derry City,0,0,D,1.68,3.63,6.55,1.68,3.7,7,1.61,3.52,5.87,,,,,,
Ireland,Premier Division,2017,20/10/2017,19:45,Bray,Shamrock Rovers,1,0,H,3.95,3.87,1.94,4.55,3.95,1.95,3.9,3.67,1.83,,,,,,
Ireland,Premier Division,2017,20/10/2017,19:45,Dundalk,Bohemians,0,1,A,1.29,5.94,12.4,1.3,5.94,13.01,1.26,5.36,10.68,,,,,,
Ireland,Premier Division,2017,20/10/2017,19:45,Limerick,Galway,2,2,D,3.12,3.6,2.34,3.12,3.7,2.46,2.84,3.47,2.32,,,,,,
Ireland,Premier Division,2017,20/10/2017,19:45,St. Patricks,Cork City,4,2,H,1.69,4.22,5.04,1.75,4.32,5.4,1.62,3.93,4.85,,,,,,
Ireland,Premier Division,2017,21/10/2017,19:45,Sligo Rovers,Derry City,3,0,H,2.24,3.56,3.37,2.29,3.56,3.37,2.18,3.35,3.14,,,,,,
Ireland,Premier Division,2017,23/10/2017,20:00,Finn Harps,Drogheda,2,3,A,1.82,3.8,4.7,1.91,3.8,4.7,1.8,3.53,4.18,,,,,,
Ireland,Premier Division,2017,27/10/2017,19:45,Bohemians,Finn Harps,3,1,H,1.58,4.39,6.1,1.65,4.4,6.1,1.57,4.02,5.39,,,,,,
Ireland,Premier Division,2017,27/10/2017,19:45,Cork City,Bray,1,0,H,1.31,6.1,10.05,1.35,6.11,10.09,1.29,5.46,8.79,,,,,,
Ireland,Premier Division,2017,27/10/2017,19:45,Derry City,St. Patricks,1,1,D,2.96,3.36,2.56,2.96,3.5,2.63,2.79,3.28,2.45,,,,,,
Ireland,Premier Division,2017,27/10/2017,19:45,Drogheda,Sligo Rovers,0,0,D,7.56,4.82,1.46,7.56,4.82,1.49,6.68,4.4,1.44,,,,,,
Ireland,Premier Division,2017,27/10/2017,19:45,Galway,Dundalk,3,4,A,3.13,3.94,2.21,3.13,3.94,2.55,2.86,3.6,2.25,,,,,,
Ireland,Premier Division,2017,27/10/2017,19:45,Shamrock Rovers,Limerick,2,1,H,1.4,5.4,8.1,1.41,5.4,8.41,1.37,4.92,7.1,,,,,,
Ireland,Premier Division,2018,16/02/2018,19:30,Bohemians,Shamrock Rovers,3,1,H,3.93,3.28,2.13,4.2,3.32,2.18,3.71,3.16,2.05,,,,,,
Ireland,Premier Division,2018,16/02/2018,19:45,Dundalk,Bray,0,0,D,1.18,7.77,18,1.23,8.41,21,1.15,7.06,16.25,,,,,,
Ireland,Premier Division,2018,16/02/2018,19:45,St. Patricks,Cork City,2,3,A,4.51,3.89,1.81,4.75,3.92,1.91,4.28,3.66,1.77,,,,,,
Ireland,Premier Division,2018,16/02/2018,19:45,Waterford,Derry City,2,1,H,3.15,3.34,2.42,3.19,3.35,2.74,2.98,3.15,2.38,,,,,,
Ireland,Premier Division,2018,17/02/2018,19:45,Sligo Rovers,Limerick,0,1,A,2.05,3.38,4.06,2.31,3.45,4.15,2.03,3.28,3.65,,,,,,
Ireland,Premier Division,2018,23/02/2018,19:45,Bray,St. Patricks,1,2,A,4.06,3.79,1.93,4.75,3.86,2,4.02,3.58,1.84,,,,,,
Ireland,Premier Division,2018,23/02/2018,19:45,Cork City,Waterford,2,0,H,1.53,4.43,6.72,1.57,8.5,6.89,1.5,4.25,5.97,,,,,,
Ireland,Premier Division,2018,23/02/2018,19:45,Sligo Rovers,Derry City,2,1,H,3,3.25,2.57,3.11,3.26,2.65,2.9,3.1,2.47,,,,,,
Ireland,Premier Division,2018,23/02/2018,20:00,Shamrock Rovers,Dundalk,0,0,D,3.81,3.52,2.07,4.22,3.52,2.1,3.7,3.31,1.99,,,,,,
Ireland,Premier Division,2018,24/02/2018,18:30,Limerick,Bohemians,1,1,D,2.55,3.22,3.06,2.61,3.25,3.08,2.45,3.09,2.94,,,,,,
Ireland,Premier Division,2018,26/02/2018,19:45,Sligo Rovers,Cork City,1,4,A,6.26,4.05,1.6,6.26,4.05,1.67,5.33,3.78,1.61,,,,,,
Ireland,Premier Division,2018,26/02/2018,19:45,Waterford,St. Patricks,2,0,H,2.65,3.45,2.71,2.8,3.45,2.77,2.6,3.26,2.6,,,,,,
Ireland,Premier Division,2018,26/02/2018,20:00,Shamrock Rovers,Bray,6,0,H,1.55,4.13,7.05,1.55,4.4,8,1.49,3.99,6.8,,,,,,
Ireland,Premier Division,2018,27/02/2018,19:45,Bohemians,Derry City,0,1,A,2.34,3.16,3.5,2.5,3.19,3.56,2.29,3.06,3.26,,,,,,
Ireland,Premier Division,2018,27/02/2018,19:45,Dundalk,Limerick,8,0,H,1.2,7.21,17.21,1.29,7.3,17.62,1.19,6.44,14.48,,,,,,
Ireland,Premier Division,2018,09/03/2018,19:45,Bohemians,St. Patricks,0,1,A,2.68,3.25,2.86,2.81,3.3,2.9,2.6,3.12,2.73,,,,,,
Ireland,Premier Division,2018,09/03/2018,19:45,Limerick,Bray,1,0,H,2.49,3.53,2.89,2.49,3.6,3.45,2.32,3.37,2.92,,,,,,
Ireland,Premier Division,2018,09/03/2018,19:45,Sligo Rovers,Waterford,1,2,A,3.23,3.37,2.36,3.28,3.38,2.46,3.11,3.18,2.3,,,,,,
Ireland,Premier Division,2018,09/03/2018,20:00,Dundalk,Cork City,1,0,H,2.32,3.33,3.34,2.35,3.5,3.45,2.23,3.24,3.18,,,,,,
Ireland,Premier Division,2018,09/03/2018,20:00,Shamrock Rovers,Derry City,6,1,H,1.69,3.83,5.63,1.7,4,6.32,1.63,3.67,5.36,,,,,,
Ireland,Premier Division,2018,12/03/2018,19:45,Bray,Sligo Rovers,1,2,A,3.15,3.37,2.4,3.3,3.38,2.45,3.06,3.19,2.32,,,,,,
Ireland,Premier Division,2018,12/03/2018,19:45,Cork City,Shamrock Rovers,1,0,H,1.95,3.57,4.19,1.98,3.65,4.55,1.88,3.45,4.04,,,,,,
Ireland,Premier Division,2018,12/03/2018,19:45,Derry City,Limerick,5,0,H,1.71,3.89,5.26,1.73,4,5.4,1.66,3.69,5.01,,,,,,
Ireland,Premier Division,2018,12/03/2018,19:45,St. Patricks,Dundalk,0,0,D,5.96,4.11,1.62,6.1,4.11,1.68,5.38,3.8,1.61,,,,,,
Ireland,Premier Division,2018,12/03/2018,19:45,Waterford,Bohemians,1,0,H,2.19,3.21,3.81,2.4,3.3,3.86,2.19,3.06,3.5,,,,,,
Ireland,Premier Division,2018,16/03/2018,19:45,Bohemians,Sligo Rovers,2,2,D,2.24,3.1,3.75,2.3,3.21,3.8,2.18,3.08,3.46,,,,,,
Ireland,Premier Division,2018,16/03/2018,19:45,Derry City,Bray,5,1,H,1.42,4.77,8.49,1.48,4.9,9,1.38,4.52,8.01,,,,,,
Ireland,Premier Division,2018,16/03/2018,19:45,Dundalk,Waterford,1,0,H,1.36,5.12,9.83,1.4,5.12,9.83,1.36,4.7,8.45,,,,,,
Ireland,Premier Division,2018,16/03/2018,19:45,Limerick,Cork City,1,1,D,10.43,5.45,1.33,11.5,5.75,1.43,9.39,4.99,1.31,,,,,,
Ireland,Premier Division,2018,16/03/2018,20:00,Shamrock Rovers,St. Patricks,1,0,H,1.88,3.5,4.6,1.92,3.6,4.6,1.86,3.41,4.15,,,,,,
Ireland,Premier Division,2018,19/03/2018,15:00,Cork City,Bohemians,3,0,H,1.4,4.63,8.77,1.43,4.85,10.66,1.38,4.42,8.4,,,,,,
Ireland,Premier Division,2018,19/03/2018,18:30,Limerick,Shamrock Rovers,0,1,A,6.74,4.25,1.55,7.27,4.42,1.57,6.03,4.04,1.52,,,,,,
Ireland,Premier Division,2018,23/03/2018,19:45,Bohemians,Bray,2,1,H,1.56,4.2,6.6,1.6,4.2,6.9,1.54,3.93,5.99,,,,,,
Ireland,Premier Division,2018,23/03/2018,19:45,St. Patricks,Limerick,1,0,H,1.59,4,6.57,1.61,4.05,7,1.56,3.82,6.03,,,,,,
Ireland,Premier Division,2018,23/03/2018,19:45,Waterford,Shamrock Rovers,2,1,H,4.06,3.09,2.17,4.08,3.2,2.22,3.71,3.01,2.13,,,,,,
Ireland,Premier Division,2018,24/03/2018,19:45,Sligo Rovers,Dundalk,0,2,A,9.61,4.65,1.41,10.02,4.75,1.44,8.71,4.47,1.36,,,,,,
Ireland,Premier Division,2018,30/03/2018,19:30,Derry City,St. Patricks,2,1,H,2.31,3.31,3.39,2.34,3.35,3.51,2.23,3.2,3.24,,,,,,
Ireland,Premier Division,2018,30/03/2018,19:45,Bray,Cork City,0,4,A,13.55,6.05,1.26,17.62,6.32,1.29,12.59,5.62,1.24,,,,,,
Ireland,Premier Division,2018,30/03/2018,19:45,Dundalk,Bohemians,3,0,H,1.29,5.38,15,1.3,5.71,15.25,1.25,5.21,12.52,,,,,,
Ireland,Premier Division,2018,30/03/2018,19:45,Limerick,Waterford,0,2,A,4.45,3.22,2,4.71,3.39,2.05,4.17,3.15,1.95,,,,,,
Ireland,Premier Division,2018,30/03/2018,20:00,Shamrock Rovers,Sligo Rovers,1,0,H,1.49,4.34,7.74,1.55,4.37,7.83,1.48,4.04,6.68,,,,,,
Ireland,Premier Division,2018,06/04/2018,19:30,Dundalk,Shamrock Rovers,2,1,H,1.63,3.83,6.5,1.68,3.88,6.7,1.61,3.64,5.75,,,,,,
Ireland,Premier Division,2018,06/04/2018,19:45,Bohemians,Limerick,0,0,D,2.12,3.15,4.16,2.17,3.3,4.75,2.01,3.12,4.01,,,,,,
Ireland,Premier Division,2018,06/04/2018,19:45,St. Patricks,Bray,5,0,H,1.25,5.99,15.05,1.3,6.4,15.5,1.24,5.61,12.15,,,,,,
Ireland,Premier Division,2018,06/04/2018,19:45,Waterford,Cork City,2,1,H,3.54,3.28,2.25,3.7,3.35,2.28,3.42,3.14,2.18,,,,,,
Ireland,Premier Division,2018,07/04/2018,19:45,Sligo Rovers,Derry City,0,2,A,2.43,3.4,3.07,2.51,3.44,3.14,2.35,3.24,2.95,,,,,,
Ireland,Premier Division,2018,13/04/2018,19:45,Bray,Dundalk,0,2,A,16.26,7.4,1.2,20,7.65,1.2,15.84,6.73,1.17,,,,,,
Ireland,Premier Division,2018,13/04/2018,19:45,Cork City,St. Patricks,1,0,H,1.69,3.88,5.51,1.75,3.92,5.93,1.68,3.67,4.99,,,,,,
Ireland,Premier Division,2018,13/04/2018,19:45,Derry City,Waterford,1,0,H,2.17,3.35,3.71,2.3,3.39,3.75,2.14,3.22,3.42,,,,,,
Ireland,Premier Division,2018,13/04/2018,20:00,Shamrock Rovers,Bohemians,1,2,A,1.56,4,7.25,1.59,4.1,7.45,1.54,3.78,6.47,,,,,,
Ireland,Premier Division,2018,14/04/2018,18:30,Limerick,Sligo Rovers,1,2,A,2.93,3.19,2.66,3,3.22,2.72,2.84,3.04,2.56,,,,,,
Ireland,Premier Division,2018,16/04/2018,19:45,Bray,Shamrock Rovers,1,0,H,6.23,4.38,1.56,7,4.5,1.56,6.13,4.14,1.5,,,,,,
Ireland,Premier Division,2018,16/04/2018,19:45,Derry City,Bohemians,3,1,H,1.87,3.59,4.61,1.91,3.6,5.3,1.8,3.42,4.49,,,,,,
Ireland,Premier Division,2018,16/04/2018,19:45,St. Patricks,Waterford,1,0,H,2,3.49,4.11,2.05,3.55,4.61,1.94,3.38,3.91,,,,,,
Ireland,Premier Division,2018,17/04/2018,19:45,Cork City,Sligo Rovers,1,0,H,1.35,4.75,12.5,1.38,5.2,13.5,1.31,4.77,10.73,,,,,,
Ireland,Premier Division,2018,17/04/2018,19:45,Limerick,Dundalk,0,3,A,14.08,5.43,1.29,14.5,5.6,1.33,11.87,5.17,1.26,,,,,,
Ireland,Premier Division,2018,20/04/2018,19:45,Dundalk,Derry City,2,2,D,1.34,5.38,10.45,1.42,5.45,13,1.32,4.9,9.34,,,,,,
Ireland,Premier Division,2018,20/04/2018,19:45,Waterford,Bray,3,0,H,1.6,3.79,6.84,1.68,3.82,6.84,1.6,3.65,5.8,,,,,,
Ireland,Premier Division,2018,20/04/2018,20:00,Bohemians,Cork City,0,2,A,5.12,3.56,1.81,5.5,3.56,1.83,4.98,3.39,1.74,,,,,,
Ireland,Premier Division,2018,20/04/2018,20:00,Shamrock Rovers,Limerick,1,1,D,1.29,5.8,12.11,1.3,6.2,15.72,1.25,5.4,11.97,,,,,,
Ireland,Premier Division,2018,21/04/2018,19:45,Sligo Rovers,St. Patricks,0,0,D,4.08,3.34,2.06,4.5,3.38,2.1,3.89,3.24,1.99,,,,,,
Ireland,Premier Division,2018,27/04/2018,19:15,Cork City,Dundalk,1,0,H,2.62,3.14,3.04,2.95,3.2,3.04,2.67,2.98,2.77,,,,,,
Ireland,Premier Division,2018,27/04/2018,19:45,Bray,Limerick,0,1,A,2.33,3.21,3.46,2.38,3.36,3.46,2.25,3.17,3.22,,,,,,
Ireland,Premier Division,2018,27/04/2018,19:45,Derry City,Shamrock Rovers,0,0,D,2.31,3.6,3.13,2.35,3.62,3.39,2.25,3.37,3.03,,,,,,
Ireland,Premier Division,2018,27/04/2018,19:45,St. Patricks,Bohemians,2,2,D,1.94,3.49,4.37,1.96,3.6,4.4,1.89,3.38,4.06,,,,,,
Ireland,Premier Division,2018,27/04/2018,19:45,Waterford,Sligo Rovers,1,1,D,1.74,3.51,5.87,1.79,3.7,6,1.69,3.47,5.31,,,,,,
Ireland,Premier Division,2018,30/04/2018,19:45,Bohemians,Waterford,0,1,A,2.65,3.23,2.91,2.9,3.26,2.95,2.62,3.08,2.76,,,,,,
Ireland,Premier Division,2018,30/04/2018,19:45,Dundalk,St. Patricks,5,0,H,1.52,4.32,7.06,1.52,4.75,8.6,1.44,4.24,7.01,,,,,,
Ireland,Premier Division,2018,30/04/2018,19:45,Limerick,Derry City,0,3,A,6.47,4.21,1.57,6.7,4.23,1.62,5.86,3.92,1.54,,,,,,
Ireland,Premier Division,2018,30/04/2018,19:45,Sligo Rovers,Bray,2,1,H,1.64,3.77,6.44,1.7,3.88,6.9,1.61,3.58,5.88,,,,,,
Ireland,Premier Division,2018,30/04/2018,20:00,Shamrock Rovers,Cork City,3,0,H,3.22,3.04,2.56,3.45,3.2,2.63,3.13,2.98,2.41,,,,,,
Ireland,Premier Division,2018,04/05/2018,19:45,Bray,Derry City,2,1,H,7.12,4.56,1.49,8.03,4.7,1.5,6.87,4.35,1.44,,,,,,
Ireland,Premier Division,2018,04/05/2018,19:45,St. Patricks,Shamrock Rovers,2,0,H,3.31,3.44,2.27,3.44,3.44,2.35,3.22,3.21,2.23,,,,,,
Ireland,Premier Division,2018,04/05/2018,19:45,Waterford,Dundalk,2,1,H,5.22,3.46,1.81,5.3,3.55,1.82,4.78,3.42,1.75,,,,,,
Ireland,Premier Division,2018,05/05/2018,14:00,Cork City,Limerick,2,1,H,1.27,5.85,13.54,1.29,6.8,17.5,1.23,5.61,13.02,,,,,,
Ireland,Premier Division,2018,05/05/2018,19:45,Sligo Rovers,Bohemians,0,2,A,2.58,3.12,3.08,2.6,3.18,3.2,2.45,3.04,2.99,,,,,,
Ireland,Premier Division,2018,11/05/2018,19:45,Bray,Bohemians,1,3,A,4.17,3.4,2,4.2,3.45,2.03,3.91,3.3,1.95,,,,,,
Ireland,Premier Division,2018,11/05/2018,19:45,Derry City,Cork City,0,0,D,3.29,3.37,2.32,3.38,3.4,2.38,3.12,3.25,2.26,,,,,,
Ireland,Premier Division,2018,11/05/2018,19:45,Dundalk,Sligo Rovers,2,1,H,1.31,5.49,11.44,1.31,6.05,15.5,1.26,5.42,11.42,,,,,,
Ireland,Premier Division,2018,11/05/2018,19:45,Limerick,St. Patricks,0,1,A,6.05,3.7,1.68,6.3,3.75,1.72,5.52,3.52,1.65,,,,,,
Ireland,Premier Division,2018,11/05/2018,20:00,Shamrock Rovers,Waterford,1,1,D,1.91,3.62,4.28,1.97,3.65,4.35,1.89,3.42,4,,,,,,
Ireland,Premier Division,2018,14/05/2018,19:45,Bray,Waterford,2,2,D,8.07,4.43,1.46,8.7,4.5,1.52,7.22,4.04,1.45,,,,,,
Ireland,Premier Division,2018,14/05/2018,19:45,Derry City,Dundalk,1,4,A,4.37,3.98,1.81,4.65,3.98,1.92,4.09,3.56,1.83,,,,,,
Ireland,Premier Division,2018,15/05/2018,19:45,St. Patricks,Sligo Rovers,2,0,H,1.74,3.54,5.67,1.8,3.65,5.75,1.72,3.44,5.07,,,,,,
Ireland,Premier Division,2018,18/05/2018,19:45,Bohemians,Dundalk,0,2,A,6.42,4.06,1.58,6.5,4.15,1.65,5.71,3.91,1.56,,,,,,
Ireland,Premier Division,2018,18/05/2018,19:45,Cork City,Bray,4,0,H,1.2,7.45,15.16,1.21,7.7,19.05,1.18,6.54,14.55,,,,,,
Ireland,Premier Division,2018,18/05/2018,19:45,St. Patricks,Derry City,5,2,H,1.95,3.85,3.82,1.97,3.85,4.04,1.89,3.62,3.77,,,,,,
Ireland,Premier Division,2018,18/05/2018,19:45,Waterford,Limerick,3,6,A,1.5,4.17,7.96,1.5,4.61,10,1.43,4.23,7.54,,,,,,
Ireland,Premier Division,2018,19/05/2018,19:45,Sligo Rovers,Shamrock Rovers,0,0,D,4.6,3.28,1.96,4.65,3.5,1.98,4.26,3.21,1.9,,,,,,
Ireland,Premier Division,2018,21/05/2018,19:45,Derry City,Bray,2,0,H,1.28,6.11,11.07,1.33,6.15,11.25,1.27,5.59,9.83,,,,,,
Ireland,Premier Division,2018,21/05/2018,19:45,Dundalk,Waterford,2,0,H,1.36,5.28,9.13,1.4,5.4,9.55,1.34,4.9,8.35,,,,,,
Ireland,Premier Division,2018,21/05/2018,19:45,Limerick,Cork City,0,2,A,8.66,4.71,1.42,8.79,4.85,1.44,7.97,4.41,1.39,,,,,,
Ireland ,Premier Division ,2018,22/05/2018,20:00,Shamrock Rovers,St. Patricks,3,0,H,2.15,3.44,3.61,2.3,3.5,3.66,2.1,3.26,3.45,,,,,,
Ireland,Premier Division,2018,25/05/2018,19:45,Bohemians,Shamrock Rovers,1,1,D,3.75,3.43,2.1,3.75,3.5,2.16,3.51,3.26,2.07,,,,,,
Ireland,Premier Division,2018,25/05/2018,19:45,Dundalk,Bray,5,0,H,1.12,10.19,25.38,1.08,16.67,67,1.05,11.95,31.76,,,,,,
Ireland,Premier Division,2018,25/05/2018,19:45,Sligo Rovers,Limerick,0,0,D,2.17,3.32,3.69,2.27,3.4,3.82,2.1,3.16,3.57,,,,,,
Ireland,Premier Division,2018,25/05/2018,19:45,St. Patricks,Cork City,1,3,A,3.66,3.46,2.12,3.72,3.52,2.31,3.48,3.27,2.09,,,,,,
Ireland,Premier Division,2018,25/05/2018,19:45,Waterford,Derry City,4,0,H,2.2,3.74,3.22,2.26,3.74,3.4,2.13,3.5,3.13,,,,,,
Ireland,Premier Division,2018,01/06/2018,19:45,Bray,St. Patricks,3,1,H,8.45,4.93,1.4,9.55,5.27,1.42,7.53,4.72,1.37,,,,,,
Ireland,Premier Division,2018,01/06/2018,19:45,Cork City,Waterford,3,0,H,1.63,3.92,6.12,1.67,3.92,6.5,1.6,3.67,5.69,,,,,,
Ireland,Premier Division,2018,01/06/2018,19:45,Derry City,Sligo Rovers,0,2,A,1.61,3.85,6.5,1.64,3.95,6.51,1.58,3.73,5.82,,,,,,
Ireland,Premier Division,2018,01/06/2018,19:45,Limerick,Bohemians,1,1,D,4.23,3.28,2.03,4.42,3.5,2.09,3.94,3.19,1.98,,,,,,
Ireland,Premier Division,2018,01/06/2018,20:00,Shamrock Rovers,Dundalk,2,5,A,4.42,3.43,1.94,4.53,3.5,1.96,4.14,3.31,1.88,,,,,,
Ireland,Premier Division,2018,04/06/2018,15:00,Cork City,Derry City,4,2,H,1.33,5.57,10.06,1.37,5.65,10.57,1.31,5.06,9.09,,,,,,
Ireland,Premier Division,2018,08/06/2018,19:45,Bohemians,Derry City,1,2,A,2.28,3.49,3.26,2.45,3.55,3.28,2.24,3.36,3.06,,,,,,
Ireland,Premier Division,2018,08/06/2018,19:45,Dundalk,Limerick,4,0,H,1.11,10.5,27.45,1.11,12.5,44,1.08,9.55,25.6,,,,,,
Ireland,Premier Division,2018,08/06/2018,19:45,Waterford,St. Patricks,2,0,H,2.4,3.41,3.09,2.44,3.44,3.4,2.26,3.26,3.1,,,,,,
Ireland,Premier Division,2018,09/06/2018,19:00,Shamrock Rovers,Bray,5,0,H,1.34,5.21,10.62,1.38,5.94,12.87,1.31,5.15,9.01,,,,,,
Ireland,Premier Division,2018,09/06/2018,19:45,Sligo Rovers,Cork City,0,2,A,7.28,3.64,1.61,7.65,3.76,1.61,6.53,3.56,1.57,,,,,,
Ireland,Premier Division,2018,15/06/2018,19:45,Bray,Waterford,0,0,D,6.37,4.12,1.58,6.51,4.2,1.59,5.91,3.95,1.54,,,,,,
Ireland,Premier Division,2018,15/06/2018,19:45,Cork City,Bohemians,1,0,H,1.36,4.81,10.81,1.38,5.15,12,1.33,4.71,9.46,,,,,,
Ireland,Premier Division,2018,15/06/2018,19:45,Derry City,Dundalk,0,4,A,9.2,5.5,1.35,9.5,5.75,1.37,8.12,5.28,1.32,,,,,,
Ireland,Premier Division,2018,15/06/2018,19:45,Limerick,Shamrock Rovers,0,2,A,6.78,4.24,1.54,7.5,4.3,1.55,6.47,4,1.5,,,,,,
Ireland,Premier Division,2018,15/06/2018,19:45,St. Patricks,Sligo Rovers,0,3,A,1.75,3.71,5.25,1.75,3.85,5.56,1.69,3.61,4.93,,,,,,
Ireland,Premier Division,2018,29/06/2018,19:35,Dundalk,Cork City,2,1,H,1.7,3.92,5.26,1.82,3.92,5.26,1.72,3.59,4.76,,,,,,
Ireland,Premier Division,2018,29/06/2018,19:45,Bohemians,St. Patricks,1,0,H,2.91,3.32,2.57,3,3.32,2.63,2.82,3.19,2.48,,,,,,
Ireland,Premier Division,2018,29/06/2018,19:45,Limerick,Bray,2,1,H,2.55,3.22,3.03,2.89,3.3,3.03,2.49,3.1,2.86,,,,,,
Ireland,Premier Division,2018,29/06/2018,20:00,Shamrock Rovers,Derry City,2,0,H,1.58,4.35,5.84,1.6,4.35,6.3,1.56,4.01,5.6,,,,,,
Ireland,Premier Division,2018,30/06/2018,19:45,Sligo Rovers,Waterford,2,3,A,3.24,3.14,2.46,3.24,3.15,2.55,3.04,3.03,2.42,,,,,,
Ireland,Premier Division,2018,06/07/2018,19:45,Cork City,Shamrock Rovers,0,0,D,1.79,3.35,5.7,1.84,3.5,5.7,1.76,3.29,5.08,,,,,,
Ireland,Premier Division,2018,06/07/2018,19:45,Derry City,Limerick,2,1,H,1.39,5.19,8.17,1.47,5.3,8.2,1.38,4.86,7.21,,,,,,
Ireland,Premier Division,2018,06/07/2018,19:45,St. Patricks,Dundalk,1,3,A,6.35,4.75,1.51,7.2,4.75,1.55,6.02,4.4,1.48,,,,,,
Ireland,Premier Division,2018,06/07/2018,19:45,Waterford,Bohemians,1,1,D,1.8,3.75,4.75,1.85,3.75,5.25,1.78,3.5,4.51,,,,,,
Ireland,Premier Division,2018,08/07/2018,16:00,Bray,Sligo Rovers,2,1,H,7.37,4.31,1.5,7.5,4.54,1.54,6.77,4.08,1.48,,,,,,
Ireland,Premier Division,2018,13/07/2018,19:45,Bohemians,Sligo Rovers,0,3,A,2.14,3.34,3.74,2.17,3.38,4,2.08,3.2,3.61,,,,,,
Ireland,Premier Division,2018,20/07/2018,19:45,Bohemians,Bray,6,0,H,1.26,6.28,12.93,1.29,6.4,13,1.25,5.69,10.73,,,,,,
Ireland,Premier Division,2018,20/07/2018,20:00,St. Patricks,Limerick,2,1,H,1.32,5.63,10.33,1.38,5.63,10.33,1.32,5.03,8.62,,,,,,
Ireland,Premier Division,2018,22/07/2018,15:00,Waterford,Shamrock Rovers,0,1,A,2.72,3.18,2.85,2.86,3.2,2.92,2.67,3.03,2.72,,,,,,
Ireland,Premier Division,2018,23/07/2018,19:45,Cork City,Derry City,5,0,H,1.43,4.75,8.12,1.5,4.83,8.5,1.43,4.38,7.05,,,,,,
Ireland,Premier Division,2018,27/07/2018,19:45,Bray,Cork City,1,3,A,24.21,10.49,1.12,30,11.45,1.12,23.82,9.34,1.09,,,,,,
Ireland,Premier Division,2018,27/07/2018,19:45,Derry City,St. Patricks,2,1,H,2.82,3.92,2.36,2.82,4.02,2.47,2.73,3.61,2.34,,,,,,
Ireland,Premier Division,2018,27/07/2018,19:45,Limerick,Waterford,2,1,H,5.14,3.82,1.74,5.2,3.86,1.77,4.76,3.67,1.7,,,,,,
Ireland,Premier Division,2018,27/07/2018,20:00,Shamrock Rovers,Sligo Rovers,2,0,H,1.6,3.77,7.02,1.67,3.77,8.5,1.59,3.57,6.17,,,,,,
Ireland,Premier Division,2018,29/07/2018,19:00,Dundalk,Bohemians,2,0,H,1.21,7.39,14.57,1.23,7.65,17.15,1.19,6.43,13.48,,,,,,
Ireland,Premier Division,2018,03/08/2018,19:45,Bohemians,Limerick,5,0,H,1.66,3.9,5.73,1.69,3.97,6,1.63,3.75,5.19,,,,,,
Ireland,Premier Division,2018,03/08/2018,19:45,Derry City,Sligo Rovers,1,2,A,2.34,3.37,3.25,2.38,3.5,3.28,2.23,3.33,3.09,,,,,,
Ireland,Premier Division,2018,03/08/2018,19:45,St. Patricks,Bray,3,0,H,1.15,8.96,20.01,1.17,9.36,20.95,1.14,7.87,17.05,,,,,,
Ireland,Premier Division,2018,03/08/2018,20:00,Waterford,Cork City,1,2,A,5.2,3.79,1.74,5.4,3.84,1.76,4.89,3.58,1.71,,,,,,
Ireland,Premier Division,2018,17/08/2018,19:45,Bray,Dundalk,1,3,A,27.13,12.76,1.09,41,15,1.1,28.27,12.22,1.05,,,,,,
Ireland,Premier Division,2018,17/08/2018,19:45,Derry City,Waterford,1,2,A,2.56,3.64,2.73,2.62,3.64,2.78,2.51,3.41,2.66,,,,,,
Ireland,Premier Division,2018,17/08/2018,19:45,Limerick,Sligo Rovers,1,3,A,3.61,3.24,2.24,3.64,3.26,2.27,3.41,3.15,2.17,,,,,,
Ireland,Premier Division,2018,17/08/2018,20:00,Shamrock Rovers,Bohemians,0,1,A,1.79,3.5,5.36,1.8,3.6,5.5,1.74,3.41,5.03,,,,,,
Ireland,Premier Division,2018,19/08/2018,19:00,Cork City,St. Patricks,1,1,D,1.51,4.43,7.02,1.51,4.48,8.5,1.47,4.14,6.67,,,,,,
Ireland,Premier Division,2018,20/08/2018,19:45,Sligo Rovers,Dundalk,0,2,A,7.97,4.33,1.48,8,4.5,1.52,6.87,4.22,1.46,,,,,,
Ireland,Premier Division,2018,28/08/2018,19:45,Dundalk,Shamrock Rovers,1,2,A,1.57,3.91,7.14,1.57,4,7.5,1.52,3.79,6.58,,,,,,
Ireland,Premier Division,2018,31/08/2018,19:45,Bray,Shamrock Rovers,0,3,A,12.16,5.49,1.3,12.16,5.75,1.34,10.2,5.14,1.29,,,,,,
Ireland,Premier Division,2018,31/08/2018,19:45,Cork City,Sligo Rovers,1,2,A,1.46,4.22,8.86,1.47,4.65,9.36,1.42,4.14,7.98,,,,,,
Ireland,Premier Division,2018,31/08/2018,19:45,Derry City,Bohemians,0,2,A,2.8,3.54,2.53,2.99,3.58,2.8,2.74,3.35,2.48,,,,,,
Ireland,Premier Division,2018,31/08/2018,19:45,Limerick,Dundalk,0,1,A,15.84,8.89,1.17,20.95,9.55,1.2,15.34,7.89,1.15,,,,,,
Ireland,Premier Division,2018,31/08/2018,19:45,St. Patricks,Waterford,3,0,H,2.5,3.51,2.88,2.54,3.51,3.35,2.41,3.31,2.86,,,,,,
Ireland,Premier Division,2018,14/09/2018,19:35,Bohemians,Cork City,4,2,H,4.07,3.47,2.01,4.33,3.52,2.02,3.92,3.36,1.95,,,,,,
Ireland,Premier Division,2018,14/09/2018,19:45,Waterford,Bray,2,0,H,1.19,7.45,14.84,1.21,7.5,18.57,1.18,6.85,13.58,,,,,,
Ireland,Premier Division,2018,14/09/2018,20:00,Shamrock Rovers,Limerick,5,0,H,1.13,8.56,23.06,1.16,8.8,25.7,1.13,7.74,18.76,,,,,,
Ireland,Premier Division,2018,15/09/2018,19:45,Sligo Rovers,St. Patricks,1,2,A,2.8,3.43,2.58,2.9,3.43,2.7,2.74,3.24,2.53,,,,,,
Ireland,Premier Division,2018,21/09/2018,19:15,Cork City,Dundalk,0,1,A,3.51,3.41,2.18,3.62,3.45,2.23,3.42,3.31,2.12,,,,,,
Ireland,Premier Division,2018,21/09/2018,19:45,Bray,Limerick,0,2,A,2.97,3.68,2.33,3.25,3.8,2.36,3.03,3.51,2.21,,,,,,
Ireland,Premier Division,2018,21/09/2018,19:45,Waterford,Sligo Rovers,1,0,H,1.63,4.07,5.7,1.7,4.15,5.75,1.62,3.85,5.26,,,,,,
Ireland,Premier Division,2018,22/09/2018,17:00,Derry City,Shamrock Rovers,0,1,A,5.93,4.19,1.59,6.5,4.25,1.64,5.6,3.97,1.58,,,,,,
Ireland,Premier Division,2018,22/09/2018,17:30,St. Patricks,Bohemians,1,3,A,1.79,3.96,4.47,2.31,3.96,5,1.98,3.51,3.78,,,,,,
Ireland,Premier Division,2018,25/09/2018,20:00,Dundalk,Derry City,3,2,H,1.18,7.62,15.2,1.2,8.03,19,1.17,7.25,14.24,,,,,,
Ireland,Premier Division,2018,05/10/2018,19:45,Bohemians,Waterford,1,3,A,4.6,4.06,1.75,5.25,4.06,2,4.54,3.68,1.74,,,,,,
Ireland,Premier Division,2018,05/10/2018,19:45,Drogheda,Shelbourne,0,1,A,,,,2.82,3.28,2.85,2.61,3.12,2.64,,,,,,
Ireland,Premier Division,2018,05/10/2018,19:45,Dundalk,St. Patricks,1,1,D,1.27,6.31,9.93,1.28,6.32,12,1.25,5.8,10.16,,,,,,
Ireland,Premier Division,2018,05/10/2018,19:45,Limerick,Derry City,0,1,A,2.76,3.7,2.51,2.79,3.72,2.6,2.65,3.51,2.47,,,,,,
Ireland,Premier Division,2018,05/10/2018,19:45,Shamrock Rovers,Cork City,0,0,D,1.45,4.45,7.88,1.49,4.51,9.36,1.42,4.21,7.83,,,,,,
Ireland,Premier Division,2018,06/10/2018,19:45,Sligo Rovers,Bray,2,1,H,1.32,5.37,10.18,1.36,5.75,11,1.31,5.04,9.37,,,,,,
Ireland,Premier Division,2018,08/10/2018,19:45,Shelbourne,Drogheda,1,2,A,2.46,3.17,3.24,2.47,3.24,3.24,2.35,3.1,3.03,,,,,,
Ireland,Premier Division,2018,12/10/2018,19:45,Cork City,Limerick,3,0,H,1.31,5.68,9.46,1.34,6,10.97,1.31,5.36,8.7,,,,,,
Ireland,Premier Division,2018,12/10/2018,19:45,Drogheda,Finn Harps,1,1,D,3.23,3.35,2.36,3.23,3.4,2.6,2.94,3.19,2.36,,,,,,
Ireland,Premier Division,2018,12/10/2018,19:45,St. Patricks,Shamrock Rovers,0,1,A,3.7,3.54,2.08,3.75,3.62,2.17,3.52,3.36,2.07,,,,,,
Ireland,Premier Division,2018,12/10/2018,19:45,Waterford,Dundalk,1,2,A,3.88,4.01,1.9,4.2,4.04,2,3.85,3.68,1.87,,,,,,
Ireland,Premier Division,2018,19/10/2018,19:45,Bray,Bohemians,0,5,A,8.16,6.55,1.3,11,6.6,1.36,8.76,5.85,1.28,,,,,,
Ireland,Premier Division,2018,19/10/2018,19:45,Derry City,Cork City,0,3,A,4.06,4.29,1.8,4.5,4.29,1.85,4.05,3.96,1.76,,,,,,
Ireland,Premier Division,2018,19/10/2018,19:45,Dundalk,Sligo Rovers,5,0,H,1.21,7.27,12.61,1.22,8.03,19,1.18,6.88,14.07,,,,,,
Ireland,Premier Division,2018,19/10/2018,19:45,Limerick,St. Patricks,0,4,A,6.03,5.13,1.47,6.5,5.13,1.6,5.56,4.47,1.51,,,,,,
Ireland,Premier Division,2018,19/10/2018,20:00,Shamrock Rovers,Waterford,3,1,H,1.76,4.03,4.59,1.76,4.03,5,1.73,3.77,4.45,,,,,,
Ireland,Premier Division,2018,22/10/2018,19:45,Bray,Derry City,2,1,H,5.53,4.85,1.52,8,5.5,1.54,5.52,4.63,1.5,,,,,,
Ireland,Premier Division,2018,22/10/2018,19:45,Sligo Rovers,Bohemians,1,1,D,4.43,4.31,1.71,5,4.4,1.76,4.54,4.06,1.66,,,,,,
Ireland,Premier Division,2018,26/10/2018,19:45,Bohemians,Dundalk,1,1,D,5.27,4.39,1.59,5.75,4.39,1.63,5.19,4.16,1.57,,,,,,
Ireland,Premier Division,2018,26/10/2018,19:45,Cork City,Bray,5,1,H,1.1,9.16,23.78,1.12,11.92,34.25,1.09,8.85,24.75,,,,,,
Ireland,Premier Division,2018,26/10/2018,19:45,Sligo Rovers,Shamrock Rovers,2,0,H,5.04,4.24,1.64,5.4,4.24,1.83,4.81,3.91,1.65,,,,,,
Ireland,Premier Division,2018,26/10/2018,19:45,St. Patricks,Derry City,5,0,H,1.4,5.29,6.88,1.46,5.5,8.5,1.38,5.02,6.89,,,,,,
Ireland,Premier Division,2018,26/10/2018,19:45,Waterford,Limerick,4,1,H,1.15,7.42,17.34,1.4,10.5,17.48,1.3,9.08,6.41,,,,,,
Ireland,Premier Division,2018,29/10/2018,19:45,Finn Harps,Limerick,1,0,H,1.76,3.7,5.08,1.76,3.91,5.75,1.69,3.63,4.85,,,,,,
Ireland,Premier Division,2018,02/11/2018,19:45,Limerick,Finn Harps,0,2,A,2.41,3.55,2.92,2.54,3.55,3.02,2.39,3.27,2.85,,,,,,
Ireland,Premier Division,2019,15/02/2019,19:45,Bohemians,Finn Harps,1,0,H,1.63,3.96,5.58,1.68,4,6,1.61,3.76,5.43,,,,,,
Ireland,Premier Division,2019,15/02/2019,19:45,Derry City,UC Dublin,3,0,H,1.61,4.12,5.5,1.68,4.12,5.75,1.6,3.85,5.25,,,,,,
Ireland,Premier Division,2019,15/02/2019,19:45,Dundalk,Sligo Rovers,1,1,D,1.2,7,12.68,1.22,7.2,19,1.18,6.6,13.37,,,,,,
Ireland,Premier Division,2019,15/02/2019,19:45,St. Patricks,Cork City,1,0,H,2.69,3.13,2.9,2.75,3.25,2.94,2.59,3.01,2.81,,,,,,
Ireland,Premier Division,2019,15/02/2019,19:45,Waterford,Shamrock Rovers,1,2,A,3.38,3.11,2.38,3.4,3.13,2.5,3.26,2.95,2.33,,,,,,
Ireland,Premier Division,2019,22/02/2019,19:45,Cork City,Waterford,0,2,A,1.61,3.99,6.08,1.66,3.99,6.44,1.58,3.75,5.73,,,,,,
Ireland,Premier Division,2019,22/02/2019,19:45,Sligo Rovers,St. Patricks,0,1,A,3.9,3.47,2.05,4.05,3.47,2.07,3.78,3.3,1.98,,,,,,
Ireland,Premier Division,2019,22/02/2019,19:45,UC Dublin,Bohemians,0,2,A,5.25,4.06,1.67,5.4,4.1,1.67,5.06,3.85,1.62,,,,,,
Ireland,Premier Division,2019,22/02/2019,20:00,Finn Harps,Dundalk,1,1,D,10.35,5.64,1.3,13,5.64,1.3,10.72,5.25,1.27,,,,,,
Ireland,Premier Division,2019,22/02/2019,20:00,Shamrock Rovers,Derry City,2,0,H,1.56,4.17,6.41,1.57,4.17,7,1.53,3.9,6.11,,,,,,
Ireland,Premier Division,2019,25/02/2019,19:45,Bohemians,Shamrock Rovers,1,0,H,3.7,3.23,2.22,3.8,3.23,2.22,3.59,3.08,2.14,,,,,,
Ireland,Premier Division,2019,25/02/2019,19:45,Derry City,Waterford,3,2,H,2.75,3.46,2.64,2.82,3.46,2.64,2.68,3.24,2.55,,,,,,
Ireland,Premier Division,2019,25/02/2019,19:45,Dundalk,UC Dublin,2,1,H,1.14,8.56,19.54,1.16,9.2,25,1.13,7.78,17.92,,,,,,
Ireland,Premier Division,2019,25/02/2019,19:45,Sligo Rovers,Cork City,1,2,A,4.37,3.28,2,4.37,3.4,2.05,4,3.19,1.96,,,,,,
Ireland,Premier Division,2019,25/02/2019,19:45,St. Patricks,Finn Harps,0,0,D,1.48,4.26,7.64,1.52,4.5,8.1,1.44,4.17,7.17,,,,,,
Ireland,Premier Division,2019,01/03/2019,19:45,Cork City,Derry City,0,0,D,1.7,3.82,5.39,1.72,3.82,5.5,1.65,3.64,5.1,,,,,,
Ireland,Premier Division,2019,01/03/2019,19:45,UC Dublin,St. Patricks,1,1,D,6.6,3.93,1.58,7,4.24,1.58,6.04,3.88,1.53,,,,,,
Ireland,Premier Division,2019,01/03/2019,19:45,Waterford,Bohemians,0,0,D,2.58,3.29,2.95,2.6,3.29,3,2.47,3.11,2.87,,,,,,
Ireland,Premier Division,2019,01/03/2019,20:00,Finn Harps,Sligo Rovers,1,2,A,2.76,3.12,2.87,2.76,3.12,2.9,2.62,2.98,2.8,,,,,,
Ireland,Premier Division,2019,01/03/2019,20:00,Shamrock Rovers,Dundalk,0,0,D,3.25,3.2,2.44,3.33,3.2,2.45,3.17,3.04,2.32,,,,,,
Ireland,Premier Division,2019,04/03/2019,20:00,Shamrock Rovers,Finn Harps,3,0,H,1.32,5.51,9.47,1.34,5.7,11,1.31,4.94,9.38,,,,,,
Ireland,Premier Division,2019,08/03/2019,19:45,Bohemians,Derry City,1,1,D,2.11,3.43,3.74,2.13,3.43,3.8,2.07,3.24,3.55,,,,,,
Ireland,Premier Division,2019,08/03/2019,19:45,Dundalk,Waterford,4,0,H,1.46,4.86,6.65,1.48,4.86,7.5,1.44,4.38,6.55,,,,,,
Ireland,Premier Division,2019,08/03/2019,19:45,St. Patricks,Shamrock Rovers,0,1,A,3.65,3.15,2.27,3.7,3.15,2.32,3.49,2.97,2.21,,,,,,
Ireland,Premier Division,2019,08/03/2019,20:00,Finn Harps,Cork City,3,4,A,7.27,3.62,1.6,7.27,3.8,1.6,6.37,3.55,1.57,,,,,,
Ireland,Premier Division,2019,09/03/2019,19:45,Sligo Rovers,UC Dublin,1,0,H,2.04,3.49,3.92,2.05,3.5,3.95,1.98,3.31,3.75,,,,,,
Ireland,Premier Division,2019,15/03/2019,19:45,Cork City,Bohemians,2,0,H,2.04,3.2,4.34,2.1,3.3,4.34,2,3.11,3.96,,,,,,
Ireland,Premier Division,2019,15/03/2019,19:45,Derry City,Dundalk,0,2,A,5.48,4.22,1.62,6,4.22,1.67,5.2,3.87,1.61,,,,,,
Ireland,Premier Division,2019,15/03/2019,19:45,UC Dublin,Finn Harps,3,0,H,2.55,3.38,2.91,2.55,3.4,3,2.4,3.22,2.89,,,,,,
Ireland,Premier Division,2019,15/03/2019,19:45,Waterford,St. Patricks,2,0,H,2.96,3.3,2.57,3,3.3,2.63,2.84,3.1,2.5,,,,,,
Ireland,Premier Division,2019,15/03/2019,20:00,Shamrock Rovers,Sligo Rovers,3,0,H,1.3,5.64,10.19,1.3,6,13,1.28,5.08,10.48,,,,,,
Ireland,Premier Division,2019,22/03/2019,20:00,Finn Harps,Shamrock Rovers,0,1,A,8.35,4.31,1.45,9.2,4.31,1.47,7.71,4.12,1.43,,,,,,
Ireland,Premier Division,2019,29/03/2019,19:45,Bohemians,St. Patricks,1,0,H,2.49,3.19,3.17,2.59,3.19,3.25,2.44,3,3.02,,,,,,
Ireland,Premier Division,2019,29/03/2019,19:45,Derry City,Sligo Rovers,2,0,H,1.55,4.44,5.9,1.65,4.44,6.2,1.55,4,5.63,,,,,,
Ireland,Premier Division,2019,29/03/2019,19:45,Dundalk,Cork City,1,0,H,1.57,4.15,6.16,1.58,4.2,6.6,1.54,3.89,6.06,,,,,,
Ireland,Premier Division,2019,29/03/2019,19:45,Waterford,Finn Harps,4,0,H,1.48,4.62,6.79,1.53,4.62,7.6,1.47,4.1,6.61,,,,,,
Ireland,Premier Division,2019,29/03/2019,20:00,Shamrock Rovers,UC Dublin,3,1,H,1.29,5.18,13.15,1.32,5.25,14,1.29,4.95,10.3,,,,,,
Ireland,Premier Division,2019,05/04/2019,19:45,Cork City,Shamrock Rovers,1,3,A,3.73,3.21,2.21,3.73,3.3,2.26,3.49,3.04,2.18,,,,,,
Ireland,Premier Division,2019,05/04/2019,19:45,Finn Harps,Derry City,2,3,A,4.4,3.59,1.89,4.6,3.75,1.9,4.28,3.39,1.83,,,,,,
Ireland,Premier Division,2019,05/04/2019,19:45,St. Patricks,Dundalk,1,0,H,5.73,4.29,1.58,6,4.29,1.61,5.58,3.84,1.57,,,,,,
Ireland,Premier Division,2019,05/04/2019,19:45,UC Dublin,Waterford,4,1,H,4.06,3.55,1.98,4.06,3.55,2,3.77,3.39,1.94,,,,,,
Ireland,Premier Division,2019,06/04/2019,19:45,Sligo Rovers,Bohemians,0,2,A,4.29,3.44,1.96,4.4,3.44,1.97,4.08,3.22,1.92,,,,,,
Ireland,Premier Division,2019,12/04/2019,19:45,Cork City,St. Patricks,1,1,D,2.16,3.12,4.01,2.16,3.3,4.05,2.1,3.05,3.68,,,,,,
Ireland,Premier Division,2019,12/04/2019,19:45,Sligo Rovers,Dundalk,2,1,H,9.94,5.16,1.34,12,5.16,1.35,9.77,4.81,1.31,,,,,,
Ireland,Premier Division,2019,12/04/2019,19:45,UC Dublin,Derry City,0,2,A,3.42,3.63,2.15,3.42,3.63,2.2,3.26,3.36,2.13,,,,,,
Ireland,Premier Division,2019,12/04/2019,20:00,Finn Harps,Bohemians,0,1,A,5.02,3.84,1.74,5.5,3.84,1.76,4.84,3.56,1.7,,,,,,
Ireland,Premier Division,2019,12/04/2019,20:00,Shamrock Rovers,Waterford,2,1,H,1.39,4.83,8.85,1.41,4.9,9.5,1.36,4.49,8.29,,,,,,
Ireland,Premier Division,2019,15/04/2019,19:45,Dundalk,Bohemians,1,0,H,1.5,4.25,7.35,1.62,4.4,8,1.47,4.08,6.7,,,,,,
Ireland,Premier Division,2019,15/04/2019,19:45,Sligo Rovers,Waterford,0,0,D,3.15,3.18,2.51,3.15,3.4,2.51,2.96,3.09,2.41,,,,,,
Ireland,Premier Division,2019,15/04/2019,19:45,St. Patricks,Derry City,1,3,A,2.39,3.23,3.31,2.5,3.23,3.31,2.4,3.02,3.03,,,,,,
Ireland,Premier Division,2019,15/04/2019,19:45,UC Dublin,Cork City,2,1,H,4.33,3.42,1.96,4.33,3.5,2.09,3.82,3.27,1.98,,,,,,
Ireland,Premier Division,2019,19/04/2019,19:45,Bohemians,UC Dublin,3,0,H,1.58,3.93,6.55,1.63,4,7,1.55,3.77,5.94,,,,,,
Ireland,Premier Division,2019,19/04/2019,19:45,Derry City,Shamrock Rovers,0,1,A,4.28,3.44,1.96,4.5,3.44,2.03,3.96,3.25,1.94,,,,,,
Ireland,Premier Division,2019,19/04/2019,19:45,Dundalk,Finn Harps,3,0,H,1.12,8.97,28.44,1.15,9.07,28.72,1.12,7.73,20.57,,,,,,
Ireland,Premier Division,2019,19/04/2019,19:45,St. Patricks,Sligo Rovers,2,1,H,1.79,3.31,5.69,1.81,3.45,5.69,1.75,3.25,5.1,,,,,,
Ireland,Premier Division,2019,19/04/2019,19:45,Waterford,Cork City,2,0,H,2.86,3.26,2.67,3,3.26,2.67,2.82,3.09,2.5,,,,,,
Ireland,Premier Division,2019,22/04/2019,15:00,UC Dublin,Dundalk,1,3,A,9.06,5.04,1.36,9.06,5.04,1.38,8.29,4.66,1.35,,,,,,
Ireland,Premier Division,2019,22/04/2019,16:00,Waterford,Derry City,2,2,D,2.42,3.37,3.11,2.8,3.37,3.11,2.46,3.16,2.82,,,,,,
Ireland,Premier Division,2019,22/04/2019,17:00,Cork City,Sligo Rovers,0,0,D,1.66,3.88,5.7,1.67,3.88,6,1.62,3.63,5.46,,,,,,
Ireland,Premier Division,2019,22/04/2019,17:00,Finn Harps,St. Patricks,0,2,A,4.81,3.36,1.89,5.25,3.6,1.91,4.66,3.24,1.81,,,,,,
Ireland,Premier Division,2019,23/04/2019,20:00,Shamrock Rovers,Bohemians,0,1,A,1.74,3.53,5.68,1.77,3.6,5.8,1.72,3.35,5.13,,,,,,
Ireland,Premier Division,2019,26/04/2019,19:45,Bohemians,Waterford,0,0,D,2.03,3.37,4.1,2.12,3.5,5,1.96,3.24,3.89,,,,,,
Ireland,Premier Division,2019,26/04/2019,19:45,Derry City,Cork City,2,0,H,1.98,3.68,3.89,2.15,3.7,4,1.97,3.38,3.66,,,,,,
Ireland,Premier Division,2019,26/04/2019,19:45,Sligo Rovers,Finn Harps,1,1,D,1.85,3.57,4.67,1.85,3.6,4.9,1.8,3.4,4.36,,,,,,
Ireland,Premier Division,2019,26/04/2019,19:45,St. Patricks,UC Dublin,2,0,H,1.59,4.28,5.73,1.61,4.28,6.5,1.55,3.93,5.58,,,,,,
Ireland,Premier Division,2019,26/04/2019,20:00,Dundalk,Shamrock Rovers,2,1,H,1.93,3.49,4.37,2,3.5,4.5,1.89,3.3,4.12,,,,,,
Ireland,Premier Division,2019,29/04/2019,19:45,Cork City,Finn Harps,1,1,D,1.4,4.39,9.88,1.44,4.6,11,1.38,4.26,8.34,,,,,,
Ireland,Premier Division,2019,29/04/2019,19:45,Derry City,Bohemians,0,2,A,2.35,3.43,3.18,2.45,3.43,3.3,2.28,3.22,3.05,,,,,,
Ireland,Premier Division,2019,29/04/2019,19:45,UC Dublin,Sligo Rovers,0,2,A,2.71,3.26,2.82,2.71,3.32,2.9,2.54,3.15,2.73,,,,,,
Ireland,Premier Division,2019,29/04/2019,19:45,Waterford,Dundalk,0,3,A,5.65,4.17,1.61,5.9,4.2,1.63,5.37,3.87,1.58,,,,,,
Ireland,Premier Division,2019,29/04/2019,20:00,Shamrock Rovers,St. Patricks,1,0,H,1.64,3.78,6.19,1.66,3.81,7,1.59,3.61,5.81,,,,,,
Ireland,Premier Division,2019,03/05/2019,19:45,Bohemians,Cork City,0,1,A,2.02,3.38,4.14,2.1,3.4,4.3,1.99,3.09,3.99,,,,,,
Ireland,Premier Division,2019,03/05/2019,19:45,Dundalk,Derry City,2,2,D,1.4,4.65,8.73,1.42,4.75,9,1.39,4.43,7.58,,,,,,
Ireland,Premier Division,2019,03/05/2019,19:45,St. Patricks,Waterford,0,3,A,1.78,3.82,4.73,1.84,3.82,5,1.76,3.47,4.53,,,,,,
Ireland,Premier Division,2019,03/05/2019,20:00,Finn Harps,UC Dublin,3,0,H,2.5,3.34,3.02,2.5,3.38,3.13,2.39,3.17,2.9,,,,,,
Ireland,Premier Division,2019,04/05/2019,19:45,Sligo Rovers,Shamrock Rovers,2,1,H,6.61,4.07,1.56,7.3,4.07,1.58,6.62,3.73,1.52,,,,,,
Ireland,Premier Division,2019,10/05/2019,19:45,Bohemians,Dundalk,0,2,A,3.58,3.37,2.19,3.6,3.4,2.3,3.4,3.13,2.16,,,,,,
Ireland,Premier Division,2019,10/05/2019,19:45,Cork City,UC Dublin,2,0,H,1.45,4.33,8.24,1.46,4.33,9,1.43,4.14,7.3,,,,,,
Ireland,Premier Division,2019,10/05/2019,19:45,Derry City,St. Patricks,1,1,D,2.06,3.42,3.94,2.07,3.42,4,2,3.26,3.72,,,,,,
Ireland,Premier Division,2019,11/05/2019,19:00,Waterford,Sligo Rovers,3,3,D,1.96,3.51,4.19,2,3.51,4.4,1.91,3.31,3.96,,,,,,
Ireland,Premier Division,2019,17/05/2019,19:45,Cork City,Dundalk,0,2,A,5.42,3.65,1.73,5.5,3.7,1.78,4.92,3.41,1.72,,,,,,
Ireland,Premier Division,2019,17/05/2019,19:45,St. Patricks,Bohemians,1,1,D,2.64,2.94,3.21,2.65,3.1,3.25,2.52,2.89,3.01,,,,,,
Ireland,Premier Division,2019,17/05/2019,19:45,UC Dublin,Shamrock Rovers,0,1,A,12.95,5.89,1.26,15,6,1.28,12.38,5.59,1.23,,,,,,
Ireland,Premier Division,2019,17/05/2019,20:00,Finn Harps,Waterford,3,2,H,4.49,3.95,1.79,4.75,3.95,1.83,4.39,3.62,1.75,,,,,,
Ireland,Premier Division,2019,18/05/2019,19:45,Sligo Rovers,Derry City,0,0,D,3.49,3.36,2.24,3.55,3.4,2.29,3.33,3.19,2.17,,,,,,
Ireland,Premier Division,2019,20/05/2019,19:45,Dundalk,Bohemians,2,1,H,1.43,4.51,8.4,1.47,4.6,10.5,1.41,4.23,7.7,,,,,,
Ireland,Premier Division,2019,20/05/2019,19:45,UC Dublin,Cork City,0,1,A,4.8,3.82,1.77,5,3.82,1.8,4.51,3.6,1.73,,,,,,
Ireland,Premier Division,2019,20/05/2019,20:00,Finn Harps,Shamrock Rovers,0,3,A,9.04,4.3,1.43,11,4.4,1.45,8.12,4.16,1.4,,,,,,
Ireland,Premier Division,2019,21/05/2019,19:45,St. Patricks,Derry City,1,0,H,2.55,3.13,3.13,2.7,3.25,3.15,2.46,3.04,2.93,,,,,,
Ireland,Premier Division,2019,24/05/2019,19:45,Bohemians,Sligo Rovers,1,2,A,1.66,3.78,5.88,1.77,3.82,6.2,1.66,3.53,5.3,,,,,,
Ireland,Premier Division,2019,24/05/2019,19:45,Derry City,Finn Harps,4,0,H,1.44,4.47,8.28,1.45,4.7,9,1.4,4.32,7.53,,,,,,
Ireland,Premier Division,2019,24/05/2019,19:45,Dundalk,St. Patricks,1,0,H,1.35,4.95,10.28,1.38,5,11,1.34,4.56,8.97,,,,,,
Ireland,Premier Division,2019,24/05/2019,19:45,Waterford,UC Dublin,1,0,H,1.5,4.61,6.53,1.55,4.61,7,1.5,4.2,5.91,,,,,,
Ireland,Premier Division,2019,24/05/2019,20:00,Shamrock Rovers,Cork City,2,0,H,1.53,4.05,7.26,1.57,4.1,8.2,1.5,3.85,6.65,,,,,,
Ireland,Premier Division,2019,31/05/2019,19:45,Bohemians,Finn Harps,5,3,H,1.41,4.61,8.62,1.47,4.61,9.6,1.4,4.23,7.85,,,,,,
Ireland,Premier Division,2019,31/05/2019,19:45,Dundalk,Sligo Rovers,4,0,H,1.19,7.02,17.2,1.22,7.02,19,1.19,6.24,14.11,,,,,,
Ireland,Premier Division,2019,31/05/2019,19:45,St. Patricks,Cork City,1,1,D,2.4,3.05,3.49,2.4,3.13,3.55,2.29,2.95,3.31,,,,,,
Ireland,Premier Division,2019,08/06/2019,19:00,Shamrock Rovers,Derry City,2,2,D,1.61,3.89,6.33,1.62,4,6.5,1.56,3.77,5.82,,,,,,
Ireland,Premier Division,2019,08/06/2019,19:45,Sligo Rovers,St. Patricks,1,1,D,3.4,3.3,2.3,3.5,3.3,2.6,3.2,3.12,2.26,,,,,,
Ireland,Premier Division,2019,08/06/2019,20:00,Finn Harps,Dundalk,0,3,A,13.42,6.69,1.22,17,6.69,1.24,12.62,6.07,1.2,,,,,,
Ireland,Premier Division,2019,14/06/2019,19:45,Sligo Rovers,Cork City,1,1,D,3.36,3.21,2.35,3.6,3.25,2.35,3.29,3.1,2.23,,,,,,
Ireland,Premier Division,2019,14/06/2019,19:45,St. Patricks,Finn Harps,1,0,H,1.43,4.62,8.12,1.45,4.62,8.6,1.41,4.31,7.35,,,,,,
Ireland,Premier Division,2019,14/06/2019,20:00,Bohemians,Shamrock Rovers,2,1,H,4.88,3.39,1.87,4.9,3.4,1.92,4.53,3.25,1.83,,,,,,
Ireland,Premier Division,2019,28/06/2019,19:45,Cork City,Derry City,1,4,A,2.63,3.22,2.91,2.7,3.3,2.98,2.58,3.05,2.77,,,,,,
Ireland,Premier Division,2019,28/06/2019,19:45,UC Dublin,St. Patricks,0,1,A,6.1,4.3,1.56,6.4,4.4,1.61,5.73,4.01,1.53,,,,,,
Ireland,Premier Division,2019,28/06/2019,19:45,Waterford,Bohemians,1,2,A,3.48,3.43,2.19,3.5,3.43,2.23,3.35,3.23,2.15,,,,,,
Ireland,Premier Division,2019,28/06/2019,20:00,Finn Harps,Sligo Rovers,2,0,H,3.03,3.17,2.57,3.03,3.24,2.68,2.89,3.1,2.46,,,,,,
Ireland,Premier Division,2019,28/06/2019,20:00,Shamrock Rovers,Dundalk,0,1,A,2.71,3.14,2.89,2.71,3.16,2.9,2.59,3.02,2.79,,,,,,
Ireland,Premier Division,2019,01/07/2019,19:45,Dundalk,Waterford,3,0,H,1.21,6.7,15.09,1.23,6.9,18,1.19,6.27,13.49,,,,,,
Ireland,Premier Division,2019,01/07/2019,19:45,Sligo Rovers,UC Dublin,5,1,H,1.51,4.23,7.09,1.52,4.4,7.5,1.46,4.09,6.79,,,,,,
Ireland,Premier Division,2019,01/07/2019,19:45,St. Patricks,Shamrock Rovers,0,2,A,4.02,3.06,2.17,4.36,3.3,2.17,3.85,3,2.07,,,,,,
Ireland,Premier Division,2019,01/07/2019,20:00,Bohemians,Derry City,0,0,D,3.01,3.37,2.46,3.15,3.37,2.5,2.95,3.14,2.39,,,,,,
Ireland,Premier Division,2019,01/07/2019,20:00,Finn Harps,Cork City,0,0,D,3.37,3.26,2.32,3.4,3.35,2.46,3.16,3.14,2.27,,,,,,
Ireland,Premier Division,2019,05/07/2019,19:45,Derry City,Dundalk,2,2,D,3.7,3.39,2.13,4.05,3.55,2.17,3.57,3.28,2.05,,,,,,
Ireland,Premier Division,2019,05/07/2019,19:45,UC Dublin,Finn Harps,1,0,H,5.86,4.23,1.58,6.1,4.23,1.9,5.44,3.78,1.6,,,,,,
Ireland,Premier Division,2019,05/07/2019,19:45,Waterford,St. Patricks,1,2,A,2.75,3.22,2.77,2.95,3.26,2.91,2.65,3.03,2.72,,,,,,
Ireland,Premier Division,2019,05/07/2019,20:00,Cork City,Bohemians,0,0,D,2.81,3.23,2.71,2.92,3.32,2.85,2.7,3.03,2.68,,,,,,
Ireland,Premier Division,2019,05/07/2019,20:00,Shamrock Rovers,Sligo Rovers,0,0,D,1.35,4.84,10.37,1.38,5,10.5,1.33,4.6,9.36,,,,,,
Ireland,Premier Division,2019,12/07/2019,19:45,Derry City,UC Dublin,0,0,D,1.14,8.82,20.35,1.15,9,25,1.12,7.8,18.41,,,,,,
Ireland,Premier Division,2019,13/07/2019,20:00,Sligo Rovers,Waterford,0,0,D,2.2,3.67,3.25,2.25,3.68,3.3,2.13,3.51,3.13,,,,,,
Ireland,Premier Division,2019,15/07/2019,19:45,UC Dublin,Bohemians,1,0,H,8.65,5.29,1.36,11,5.5,1.36,8.86,4.95,1.32,,,,,,
Ireland,Premier Division,2019,19/07/2019,19:45,Derry City,Sligo Rovers,3,0,H,1.62,4.1,5.62,1.65,4.1,6,1.61,3.83,5.2,,,,,,
Ireland,Premier Division,2019,19/07/2019,20:00,Waterford,Finn Harps,0,1,A,1.85,3.55,4.73,1.87,3.65,5,1.82,3.39,4.34,,,,,,
Ireland,Premier Division,2019,21/07/2019,15:00,Bohemians,St. Patricks,3,0,H,2.4,2.88,3.68,2.46,3.08,3.68,2.31,2.87,3.41,,,,,,
Ireland,Premier Division,2019,21/07/2019,16:00,Shamrock Rovers,UC Dublin,7,0,H,1.08,12.87,31.13,1.1,12.87,36,1.07,10.09,25.82,,,,,,
Ireland,Premier Division,2019,26/07/2019,19:45,UC Dublin,Waterford,1,2,A,5.63,4.8,1.53,5.9,4.8,1.65,5.28,4.17,1.55,,,,,,
Ireland,Premier Division,2019,26/07/2019,20:00,Finn Harps,Derry City,1,0,H,5.51,3.81,1.68,5.75,3.81,1.72,5.12,3.62,1.66,,,,,,
Ireland,Premier Division,2019,27/07/2019,17:30,St. Patricks,Dundalk,0,1,A,4.45,3.23,2,4.5,3.5,2.02,4.1,3.18,1.94,,,,,,
Ireland,Premier Division,2019,27/07/2019,20:00,Sligo Rovers,Bohemians,1,1,D,3.49,3.4,2.2,3.8,3.46,2.25,3.35,3.23,2.15,,,,,,
Ireland,Premier Division,2019,28/07/2019,16:00,Cork City,Shamrock Rovers,1,1,D,6.46,3.66,1.64,6.5,3.66,1.67,5.92,3.46,1.62,,,,,,
Ireland,Premier Division,2019,29/07/2019,19:45,Derry City,Waterford,2,0,H,1.49,4.66,6.45,1.55,4.66,6.5,1.49,4.21,5.92,,,,,,
Ireland,Premier Division,2019,02/08/2019,19:45,UC Dublin,Derry City,1,3,A,10.99,5.69,1.29,12,6,1.29,10.51,5.46,1.25,,,,,,
Ireland,Premier Division,2019,02/08/2019,20:00,Cork City,St. Patricks,0,1,A,2.64,2.87,3.24,2.68,3.1,3.24,2.49,2.87,3.07,,,,,,
Ireland,Premier Division,2019,02/08/2019,20:00,Finn Harps,Bohemians,1,0,H,4.2,3.27,2.04,4.4,3.27,2.07,4.01,3.11,1.98,,,,,,
Ireland,Premier Division,2019,16/08/2019,19:45,Bohemians,UC Dublin,10,1,H,1.26,6.31,11.23,1.27,6.31,13.5,1.24,5.66,11.11,,,,,,
Ireland,Premier Division,2019,16/08/2019,19:45,Derry City,Shamrock Rovers,0,2,A,3.75,3.57,2.05,4,3.57,2.11,3.62,3.3,2.01,,,,,,
Ireland,Premier Division,2019,16/08/2019,19:45,St. Patricks,Sligo Rovers,2,1,H,1.75,3.68,5.15,1.77,3.7,5.15,1.72,3.5,4.8,,,,,,
Ireland,Premier Division,2019,16/08/2019,19:45,Waterford,Cork City,1,2,A,2.41,3.27,3.19,2.64,3.27,3.2,2.42,3.08,2.97,,,,,,
Ireland,Premier Division,2019,16/08/2019,20:00,Dundalk,Finn Harps,5,0,H,1.22,6.29,16.46,1.25,7.25,17,1.19,6.06,13.95,,,,,,
Ireland,Premier Division,2019,19/08/2019,20:00,Waterford,Shamrock Rovers,1,5,A,7.06,4.92,1.44,8.5,4.92,1.48,6.86,4.38,1.42,,,,,,
Ireland,Premier Division,2019,26/08/2019,19:45,Dundalk,UC Dublin,3,0,H,1.05,17.09,47.87,1.06,17.09,51,1.03,13.4,32.1,,,,,,
Ireland,Premier Division,2019,27/08/2019,20:00,Shamrock Rovers,Waterford,2,1,H,1.19,6.66,18.36,1.23,7.5,19,1.18,6.57,14.42,,,,,,
Ireland,Premier Division,2019,30/08/2019,19:45,Cork City,Sligo Rovers,2,4,A,1.92,3.56,4.33,2,3.58,4.5,1.88,3.37,4.05,,,,,,
Ireland,Premier Division,2019,30/08/2019,19:45,UC Dublin,Dundalk,0,5,A,18.8,10.67,1.12,36,10.67,1.12,20.74,8.93,1.09,,,,,,
Ireland,Premier Division,2019,30/08/2019,19:45,Waterford,Derry City,1,1,D,4.11,3.73,1.92,4.2,3.8,1.92,3.92,3.54,1.86,,,,,,
Ireland,Premier Division,2019,30/08/2019,20:00,Shamrock Rovers,Bohemians,1,0,H,1.47,4.44,7.37,1.51,4.44,8,1.46,4.13,6.86,,,,,,
Ireland,Premier Division,2019,02/09/2019,19:45,Cork City,Waterford,1,2,A,2.19,3.41,3.51,2.35,3.42,3.6,2.13,3.27,3.31,,,,,,
Ireland,Premier Division,2019,02/09/2019,19:45,Sligo Rovers,Dundalk,0,2,A,9.7,5.19,1.34,9.7,5.5,1.37,8.41,4.98,1.32,,,,,,
Ireland,Premier Division,2019,06/09/2019,19:45,Dundalk,Cork City,1,0,H,1.2,7.21,14.81,1.21,7.28,18,1.18,6.47,14.07,,,,,,
Ireland,Premier Division,2019,06/09/2019,20:00,Finn Harps,St. Patricks,1,2,A,4.37,3.5,1.93,4.75,3.5,1.94,4.26,3.28,1.87,,,,,,
Ireland,Premier Division,2019,13/09/2019,19:45,Bohemians,Waterford,1,2,A,2.14,3.17,3.96,2.22,3.42,3.96,2.09,3.18,3.57,,,,,,
Ireland,Premier Division,2019,13/09/2019,19:45,St. Patricks,UC Dublin,0,0,D,1.21,6.92,14.14,1.23,6.92,15,1.19,6.43,12.36,,,,,,
Ireland,Premier Division,2019,13/09/2019,20:00,Sligo Rovers,Finn Harps,3,1,H,2.12,3.26,3.91,2.23,3.46,3.91,2.06,3.22,3.56,,,,,,
Ireland,Premier Division,2019,20/09/2019,19:45,Cork City,Finn Harps,0,0,D,1.76,3.59,5.24,1.85,3.59,5.24,1.75,3.38,4.81,,,,,,
Ireland,Premier Division,2019,20/09/2019,19:45,Derry City,Bohemians,0,0,D,1.96,3.64,4.01,1.99,3.7,4.75,1.86,3.48,4.03,,,,,,
Ireland,Premier Division,2019,20/09/2019,19:45,UC Dublin,Sligo Rovers,0,2,A,4.74,4.3,1.68,4.8,4.3,1.75,4.46,4,1.66,,,,,,
Ireland,Premier Division,2019,20/09/2019,19:45,Waterford,Dundalk,0,1,A,7.36,4.98,1.42,8,4.98,1.44,6.98,4.64,1.39,,,,,,
Ireland,Premier Division,2019,20/09/2019,20:00,Shamrock Rovers,St. Patricks,0,0,D,1.44,4.5,7.96,1.47,4.5,8,1.42,4.22,7.24,,,,,,
Ireland,Premier Division,2019,23/09/2019,19:20,Dundalk,Shamrock Rovers,3,2,H,2.15,3.18,3.93,2.19,3.28,4.1,2.07,3.08,3.74,,,,,,
Ireland,Premier Division,2019,27/09/2019,19:45,Derry City,Cork City,4,0,H,1.59,4.03,6.17,1.68,4.03,6.5,1.59,3.74,5.53,,,,,,
Ireland,Premier Division,2019,04/10/2019,19:45,Bohemians,Cork City,1,0,H,1.88,3.4,4.83,1.91,3.5,5,1.84,3.3,4.42,,,,,,
Ireland,Premier Division,2019,04/10/2019,19:45,Cabinteely,Longford,0,0,D,2.47,3.24,3.07,2.6,3.3,3.1,2.39,3.14,2.89,,,,,,
Ireland,Premier Division,2019,04/10/2019,19:45,Dundalk,Derry City,1,0,H,1.82,4.09,4.13,1.96,4.09,4.13,1.86,3.69,3.77,,,,,,
Ireland,Premier Division,2019,04/10/2019,19:45,St. Patricks,Waterford,0,2,A,1.62,4.36,5.21,1.67,4.36,5.5,1.6,3.95,5.15,,,,,,
Ireland,Premier Division,2019,04/10/2019,20:00,Finn Harps,UC Dublin,0,0,D,1.48,4.62,6.73,1.59,4.62,7.2,1.49,4.19,6.1,,,,,,
Ireland,Premier Division,2019,05/10/2019,19:45,Sligo Rovers,Shamrock Rovers,0,0,D,6.04,4.94,1.49,6.5,4.94,1.67,5.22,4.27,1.55,,,,,,
Ireland,Premier Division,2019,08/10/2019,19:45,Waterford,Sligo Rovers,2,0,H,1.83,3.94,4.28,2,3.95,4.5,1.82,3.66,3.95,,,,,,
Ireland,Premier Division,2019,11/10/2019,19:45,Bohemians,Dundalk,2,1,H,3.49,3.25,2.27,3.65,3.35,2.27,3.31,3.18,2.18,,,,,,
Ireland,Premier Division,2019,11/10/2019,19:45,Cork City,UC Dublin,3,2,H,1.32,5.29,10.36,1.45,5.4,11,1.29,5.04,9.65,,,,,,
Ireland,Premier Division,2019,11/10/2019,19:45,Longford,Cabinteely,1,2,A,1.91,3.7,4.07,1.91,3.7,4.2,1.86,3.48,3.84,,,,,,
Ireland,Premier Division,2019,11/10/2019,20:00,Shamrock Rovers,Finn Harps,1,0,H,1.27,5.46,13.42,1.29,5.75,13.42,1.26,5.25,11.01,,,,,,
Ireland,Premier Division,2019,18/10/2019,19:45,Cabinteely,Drogheda,1,1,D,,,,2.8,3.34,2.75,2.69,3,2.59,,,,,,
Ireland,Premier Division,2019,18/10/2019,19:45,Cork City,Dundalk,1,0,H,7.87,4.85,1.41,9,4.85,1.45,7.74,4.49,1.38,,,,,,
Ireland,Premier Division,2019,18/10/2019,19:45,St. Patricks,Bohemians,0,0,D,2.65,3.13,2.96,2.7,3.2,2.98,2.55,3.03,2.83,,,,,,
Ireland,Premier Division,2019,18/10/2019,19:45,UC Dublin,Shamrock Rovers,0,3,A,19.97,8.07,1.15,19.97,8.5,1.18,15.89,7.15,1.15,,,,,,
Ireland,Premier Division,2019,18/10/2019,20:00,Finn Harps,Waterford,1,0,H,3.45,3.65,2.12,3.5,3.65,2.19,3.31,3.39,2.09,,,,,,
Ireland,Premier Division,2019,19/10/2019,19:45,Sligo Rovers,Derry City,1,2,A,5.64,4.29,1.59,5.9,4.29,1.64,5.38,3.95,1.57,,,,,,
Ireland,Premier Division,2019,22/10/2019,19:45,Derry City,St. Patricks,1,3,A,1.89,3.49,4.54,1.91,3.6,4.7,1.83,3.39,4.31,,,,,,
Ireland,Premier Division,2019,25/10/2019,19:45,Bohemians,Sligo Rovers,2,1,H,1.68,4.48,4.58,1.75,4.48,5.1,1.66,4.02,4.5,,,,,,
Ireland,Premier Division,2019,25/10/2019,19:45,Derry City,Finn Harps,4,0,H,1.13,8.24,16.98,1.14,9.5,24,1.11,8.17,18.45,,,,,,
Ireland,Premier Division,2019,25/10/2019,19:45,Drogheda,Cabinteely,5,1,H,,,,1.89,3.6,4.6,1.81,3.38,4.19,,,,,,
Ireland,Premier Division,2019,25/10/2019,19:45,Dundalk,St. Patricks,4,0,H,1.59,4.37,5.54,1.62,4.37,5.75,1.57,4.01,5.31,,,,,,
Ireland,Premier Division,2019,25/10/2019,19:45,Shamrock Rovers,Cork City,3,0,H,1.26,6.2,11.29,1.36,6.2,14,1.28,5.27,9.79,,,,,,
Ireland,Premier Division,2019,25/10/2019,19:45,Waterford,UC Dublin,4,2,H,1.33,5.47,9.29,1.4,5.6,9.29,1.33,5.08,7.83,,,,,,
Ireland,Premier Division,2019,28/10/2019,19:45,Drogheda,Finn Harps,1,0,H,,,,2.5,3.4,3.15,2.36,3.19,2.86,,,,,,
Ireland,Premier Division,2019,01/11/2019,19:45,Finn Harps,Drogheda,1,0,H,2.13,3.34,3.68,2.16,3.44,3.68,2.06,3.25,3.43,,,,,,
Ireland,Premier Division,2020,14/02/2020,19:45,Cork City,Shelbourne,0,1,A,2.16,3.31,3.65,2.2,3.43,3.95,2.11,3.17,3.48,,,,,,
Ireland,Premier Division,2020,14/02/2020,19:45,Dundalk,Derry City,1,0,H,1.55,4.01,6.87,1.55,4.24,7.23,1.5,3.96,6.34,,,,,,
Ireland,Premier Division,2020,14/02/2020,19:45,St. Patricks,Waterford,0,1,A,2,3.17,4.49,2.02,3.91,5.52,1.86,3.27,4.34,,,,,,
Ireland,Premier Division,2020,14/02/2020,20:00,Finn Harps,Sligo Rovers,1,0,H,3,3.03,2.66,3.05,3.15,3.23,2.8,2.98,2.63,,,,,,
Ireland,Premier Division,2020,15/02/2020,14:00,Bohemians,Shamrock Rovers,0,1,A,3.77,3.11,2.21,3.9,3.42,2.21,3.62,3,2.13,,,,,,
Ireland,Premier Division,2020,21/02/2020,19:45,Derry City,Finn Harps,1,1,D,1.43,4.18,9.71,1.45,4.5,9.71,1.4,4.06,8.46,,,,,,
Ireland,Premier Division,2020,21/02/2020,19:45,Shelbourne,Dundalk,1,2,A,8.73,4.68,1.4,9.5,4.68,1.42,7.91,4.41,1.38,,,,,,
Ireland,Premier Division,2020,21/02/2020,19:45,Sligo Rovers,St. Patricks,0,2,A,3.79,3.22,2.15,3.85,3.3,2.17,3.57,3.12,2.09,,,,,,
Ireland,Premier Division,2020,21/02/2020,19:45,Waterford,Bohemians,0,2,A,3.18,3.1,2.48,3.36,3.24,2.48,3.1,3.04,2.34,,,,,,
Ireland,Premier Division,2020,21/02/2020,20:00,Shamrock Rovers,Cork City,6,0,H,1.21,5.95,21.51,1.23,6.4,21.69,1.19,5.69,16.3,,,,,,
Ireland,Premier Division,2020,24/02/2020,19:00,Waterford,Shamrock Rovers,0,2,A,8.5,4.3,1.44,9.2,4.39,1.45,7.7,4.13,1.42,,,,,,
Ireland,Premier Division,2020,24/02/2020,19:45,Bohemians,Sligo Rovers,2,0,H,1.56,3.73,7.4,1.57,3.88,8,1.52,3.69,6.61,,,,,,
Ireland,Premier Division,2020,24/02/2020,19:45,Dundalk,Cork City,3,0,H,1.18,7.31,15.16,1.22,7.75,26,1.16,6.78,15.57,,,,,,
Ireland,Premier Division,2020,28/02/2020,19:45,Cork City,Finn Harps,1,0,H,2.38,2.98,3.52,2.45,3,3.52,2.38,2.86,3.29,,,,,,
Ireland,Premier Division,2020,28/02/2020,19:45,Derry City,Bohemians,2,0,H,2.24,3.33,3.42,2.38,3.33,3.42,2.27,3.12,3.18,,,,,,
Ireland,Premier Division,2020,28/02/2020,19:45,Shamrock Rovers,Dundalk,3,2,H,2.33,3.25,3.3,2.37,3.25,3.5,2.23,3.14,3.25,,,,,,
Ireland,Premier Division,2020,28/02/2020,19:45,Shelbourne,St. Patricks,1,0,H,3.52,3.18,2.27,3.65,3.18,2.3,3.4,3.03,2.22,,,,,,
Ireland,Premier Division,2020,06/03/2020,19:45,St. Patricks,Cork City,1,0,H,1.57,3.88,6.81,1.59,4.35,6.81,1.53,3.82,6.28,,,,,,
Ireland,Premier Division,2020,06/03/2020,19:45,Waterford,Derry City,2,1,H,3.99,3.42,2.02,4.03,3.42,2.02,3.85,3.3,1.95,,,,,,
Ireland,Premier Division,2020,06/03/2020,20:00,Bohemians,Shelbourne,2,0,H,1.81,3.38,5.25,1.86,3.42,5.31,1.79,3.24,4.82,,,,,,
Ireland,Premier Division,2020,06/03/2020,20:00,Finn Harps,Dundalk,0,4,A,8.53,4.46,1.43,8.53,4.5,1.44,7.68,4.33,1.4,,,,,,
Ireland,Premier Division,2020,07/03/2020,20:00,Sligo Rovers,Shamrock Rovers,2,3,A,10.57,5.22,1.32,13.35,5.65,1.34,10.44,5.05,1.28,,,,,,
Ireland,Premier Division,2020,31/07/2020,17:45,Derry City,Sligo Rovers,0,2,A,1.68,3.88,5.32,1.72,3.9,5.5,1.64,3.72,5.15,,,,,,
Ireland,Premier Division,2020,31/07/2020,19:45,Dundalk,St. Patricks,1,1,D,1.59,3.89,6.41,1.61,4.03,6.57,1.58,3.74,5.84,,,,,,
Ireland,Premier Division,2020,01/08/2020,14:00,Shelbourne,Waterford,0,1,A,2.06,3.28,4.03,2.18,3.54,4.41,1.99,3.24,3.85,,,,,,
Ireland,Premier Division,2020,01/08/2020,17:00,Shamrock Rovers,Finn Harps,3,1,H,1.23,6.26,14.55,1.25,6.26,15.93,1.22,5.65,13.04,,,,,,
Ireland,Premier Division,2020,02/08/2020,17:00,Cork City,Bohemians,0,1,A,5.48,3.6,1.72,6,3.63,1.76,5.26,3.47,1.68,,,,,,
Ireland,Premier Division,2020,03/08/2020,19:45,St. Patricks,Derry City,0,2,A,1.88,3.31,4.91,1.89,3.38,5.15,1.83,3.19,4.65,,,,,,
Ireland,Premier Division,2020,04/08/2020,17:45,Finn Harps,Shelbourne,0,1,A,2.86,2.91,2.89,2.88,3.05,3.02,2.67,2.87,2.86,,,,,,
Ireland,Premier Division,2020,07/08/2020,17:45,Bohemians,Dundalk,2,1,H,4.3,3.24,2.01,4.33,3.44,2.06,4.01,3.22,1.95,,,,,,
Ireland,Premier Division,2020,07/08/2020,19:45,St. Patricks,Finn Harps,2,0,H,1.53,3.89,7.65,1.56,3.9,8,1.51,3.69,7.14,,,,,,
Ireland,Premier Division,2020,08/08/2020,14:00,Waterford,Cork City,0,0,D,1.99,3.28,4.35,2.05,3.42,4.48,1.94,3.2,4.07,,,,,,
Ireland,Premier Division,2020,08/08/2020,17:00,Sligo Rovers,Shelbourne,2,1,H,2.93,3.04,2.71,2.97,3.16,3.07,2.76,2.99,2.65,,,,,,
Ireland,Premier Division,2020,09/08/2020,17:00,Derry City,Shamrock Rovers,1,2,A,5.93,3.68,1.67,6.5,3.81,1.69,5.64,3.58,1.62,,,,,,
Ireland,Premier Division,2020,14/08/2020,17:45,Dundalk,Waterford,2,2,D,1.4,4.96,7.82,1.44,4.96,8.01,1.39,4.57,7.27,,,,,,
Ireland,Premier Division,2020,14/08/2020,19:45,Cork City,Sligo Rovers,3,0,H,3.54,3,2.36,3.66,3.28,2.41,3.42,3.02,2.22,,,,,,
Ireland,Premier Division,2020,15/08/2020,14:00,Finn Harps,Bohemians,0,1,A,5.18,3.22,1.87,5.33,3.35,1.9,4.79,3.16,1.83,,,,,,
Ireland,Premier Division,2020,15/08/2020,17:00,Shelbourne,Derry City,1,1,D,3.55,2.95,2.39,3.55,3.14,2.47,3.37,2.92,2.31,,,,,,
Ireland,Premier Division,2020,16/08/2020,17:00,St. Patricks,Shamrock Rovers,0,0,D,5.04,3.24,1.88,5.5,3.56,1.9,4.89,3.2,1.8,,,,,,
Ireland,Premier Division,2020,18/08/2020,17:45,Sligo Rovers,Waterford,2,1,H,2.61,3.23,2.84,2.72,3.23,2.89,2.62,3.1,2.7,,,,,,
Ireland,Premier Division,2020,21/08/2020,17:45,Derry City,Cork City,3,1,H,1.84,3.42,4.81,1.89,3.5,5,1.82,3.34,4.48,,,,,,
Ireland,Premier Division,2020,21/08/2020,19:45,Shamrock Rovers,Shelbourne,0,0,D,1.27,5.39,14.99,1.28,5.55,15,1.25,5.17,12.87,,,,,,
Ireland,Premier Division,2020,22/08/2020,14:00,Bohemians,St. Patricks,2,0,H,2.53,2.96,3.26,2.64,3.02,3.39,2.5,2.88,3.07,,,,,,
Ireland,Premier Division,2020,22/08/2020,17:00,Sligo Rovers,Dundalk,3,1,H,4.98,4.01,1.69,5,4.01,1.75,4.67,3.78,1.68,,,,,,
Ireland,Premier Division,2020,23/08/2020,14:00,Waterford,Finn Harps,2,3,A,2.07,3.25,4.03,2.1,3.4,4.15,2.01,3.12,3.9,,,,,,
Ireland,Premier Division,2020,04/09/2020,19:45,Waterford,St. Patricks,3,0,H,3.54,3.23,2.24,3.54,3.23,2.31,3.38,3.09,2.2,,,,,,
Ireland,Premier Division,2020,05/09/2020,14:00,Shamrock Rovers,Bohemians,1,0,H,1.72,3.6,5.46,1.78,3.6,5.5,1.7,3.38,5.24,,,,,,
Ireland,Premier Division,2020,05/09/2020,17:00,Shelbourne,Cork City,1,1,D,1.83,3.34,5.15,1.85,3.41,5.3,1.78,3.26,4.84,,,,,,
Ireland,Premier Division,2020,07/09/2020,19:45,Sligo Rovers,Finn Harps,3,1,H,2.1,3.25,3.97,2.13,3.4,4,2.04,3.15,3.75,,,,,,
Ireland,Premier Division,2020,11/09/2020,17:45,Bohemians,Waterford,0,2,A,1.52,4.17,7.21,1.54,4.2,7.21,1.49,3.98,6.47,,,,,,
Ireland,Premier Division,2020,11/09/2020,20:00,Dundalk,Shelbourne,3,2,H,1.63,3.94,5.89,1.64,4.33,6.5,1.59,3.87,5.35,,,,,,
Ireland,Premier Division,2020,12/09/2020,14:00,Cork City,Shamrock Rovers,0,3,A,14.44,5.56,1.28,15,5.8,1.28,12.34,5.37,1.24,,,,,,
Ireland,Premier Division,2020,12/09/2020,17:00,St. Patricks,Sligo Rovers,0,0,D,2,3.41,4.26,2.07,3.41,4.26,1.98,3.21,3.91,,,,,,
Ireland,Premier Division,2020,13/09/2020,17:00,Finn Harps,Derry City,0,0,D,3.77,3.11,2.27,3.9,3.18,2.34,3.53,3,2.19,,,,,,
Ireland,Premier Division,2020,18/09/2020,17:45,Derry City,St. Patricks,0,0,D,2.93,3.05,2.79,3.07,3.2,2.8,2.8,2.96,2.66,,,,,,
Ireland,Premier Division,2020,18/09/2020,19:45,Sligo Rovers,Bohemians,0,1,A,3.93,3.17,2.18,4,3.42,2.23,3.69,3.13,2.08,,,,,,
Ireland,Premier Division,2020,19/09/2020,19:30,Shelbourne,Finn Harps,1,1,D,2.22,3.16,3.83,2.28,3.22,3.83,2.17,3.07,3.51,,,,,,
Ireland,Premier Division,2020,21/09/2020,19:00,Shamrock Rovers,Waterford,6,1,H,1.3,5.59,11.7,1.33,5.68,12.94,1.29,5.11,10.25,,,,,,
Ireland,Premier Division,2020,25/09/2020,19:45,Bohemians,Derry City,2,1,H,1.84,3.54,4.9,1.91,3.54,4.98,1.8,3.35,4.55,,,,,,
Ireland,Premier Division,2020,26/09/2020,17:00,Waterford,Sligo Rovers,1,0,H,3.04,3.17,2.61,3.09,3.3,2.74,2.8,3.11,2.55,,,,,,
Ireland,Premier Division,2020,26/09/2020,19:30,St. Patricks,Shelbourne,2,0,H,1.86,3.43,5,1.91,3.44,5.04,1.84,3.22,4.58,,,,,,
Ireland,Premier Division,2020,27/09/2020,17:00,Finn Harps,Cork City,1,1,D,2.33,2.97,3.82,2.41,3.1,3.82,2.24,2.94,3.49,,,,,,
Ireland,Premier Division,2020,27/09/2020,19:30,Dundalk,Shamrock Rovers,0,4,A,8.6,4.7,1.42,9,4.85,1.45,7.78,4.46,1.39,,,,,,
Ireland,Premier Division,2020,29/09/2020,19:45,Sligo Rovers,Derry City,1,0,H,3.61,3.06,2.36,3.61,3.22,2.46,3.34,2.99,2.28,,,,,,
Ireland,Premier Division,2020,02/10/2020,17:45,Derry City,Waterford,2,0,H,2.04,3.3,4.23,2.1,3.36,4.33,1.98,3.19,3.96,,,,,,
Ireland,Premier Division,2020,02/10/2020,19:45,Shamrock Rovers,Sligo Rovers,4,0,H,1.26,6.39,11.87,1.31,6.39,12.44,1.25,5.64,10.28,,,,,,
Ireland,Premier Division,2020,03/10/2020,17:00,Cork City,St. Patricks,1,2,A,5.33,3.5,1.79,5.33,3.5,1.82,4.92,3.35,1.75,,,,,,
Ireland,Premier Division,2020,03/10/2020,19:30,Shelbourne,Bohemians,1,3,A,3.86,3.27,2.16,4.1,3.4,2.16,3.75,3.19,2.04,,,,,,
Ireland,Premier Division,2020,04/10/2020,17:00,Dundalk,Finn Harps,0,0,D,1.63,4.05,5.82,1.69,4.32,5.88,1.6,3.89,5.28,,,,,,
Ireland,Premier Division,2020,09/10/2020,17:45,Bohemians,Cork City,3,0,H,1.35,5.21,10.14,1.37,5.4,10.5,1.31,4.9,9.15,,,,,,
Ireland,Premier Division,2020,10/10/2020,17:00,Waterford,Shelbourne,0,1,A,2.94,3.3,2.6,2.94,3.3,2.7,2.76,3.16,2.53,,,,,,
Ireland,Premier Division,2020,13/10/2020,19:45,Cork City,Dundalk,0,2,A,10.88,5.8,1.3,11,5.8,1.32,9.51,5.37,1.28,,,,,,
Ireland,Premier Division,2020,16/10/2020,17:45,Dundalk,Bohemians,0,0,D,1.71,4.13,4.9,1.8,4.13,5.09,1.72,3.75,4.45,,,,,,
Ireland,Premier Division,2020,17/10/2020,17:00,Cork City,Waterford,0,0,D,3.24,3.77,2.2,3.4,3.77,2.28,3.14,3.46,2.16,,,,,,
Ireland,Premier Division,2020,18/10/2020,17:00,Shelbourne,Sligo Rovers,1,0,H,2.63,3.23,2.96,2.66,3.38,3.03,2.49,3.13,2.85,,,,,,
Ireland,Premier Division,2020,19/10/2020,17:45,Derry City,Dundalk,1,2,A,3.69,3.22,2.24,3.74,3.27,2.46,3.19,3.05,2.33,,,,,,
Ireland,Premier Division,2020,23/10/2020,19:45,Derry City,Shelbourne,2,0,H,1.75,3.66,5.41,1.78,3.66,5.48,1.72,3.46,5,,,,,,
Ireland,Premier Division,2020,24/10/2020,17:00,Sligo Rovers,Cork City,2,1,H,1.75,3.83,5.03,1.77,3.9,5.06,1.7,3.7,4.72,,,,,,
Ireland,Premier Division,2020,24/10/2020,19:30,Bohemians,Finn Harps,0,2,A,1.52,4.08,7.73,1.54,4.24,8,1.48,3.97,6.96,,,,,,
Ireland,Premier Division,2020,25/10/2020,14:00,Waterford,Dundalk,1,0,H,6.59,4.41,1.53,6.65,4.41,1.61,5.89,4.07,1.52,,,,,,
Ireland,Premier Division,2020,28/10/2020,19:45,Finn Harps,St. Patricks,3,2,H,5.04,3.45,1.85,5.12,3.46,1.93,4.7,3.26,1.81,,,,,,
Ireland,Premier Division,2020,31/10/2020,15:00,Bray,Galway,0,1,A,2.07,3.64,3.61,2.12,3.64,3.8,2.02,3.32,3.52,,,,,,
Ireland,Premier Division,2020,31/10/2020,15:00,UC Dublin,Longford,1,1,D,,,,2.3,4.1,3.4,2.13,3.69,2.95,,,,,,
Ireland,Premier Division,2020,01/11/2020,17:45,St. Patricks,Dundalk,1,1,D,3.89,3.18,2.19,4,3.37,2.2,3.7,3.1,2.09,,,,,,
Ireland,Premier Division,2020,01/11/2020,19:45,Finn Harps,Shamrock Rovers,0,2,A,5.63,3.68,1.72,5.63,3.8,1.75,5.01,3.49,1.7,,,,,,
Ireland,Premier Division,2020,04/11/2020,19:45,Shamrock Rovers,St. Patricks,0,0,D,2,3.26,4.52,2.03,3.54,5.41,1.9,3.26,4.2,,,,,,
Ireland,Premier Division,2020,06/11/2020,19:45,Galway,Longford,1,2,A,1.98,3.67,3.98,2.12,3.67,3.98,2.02,3.38,3.43,,,,,,
Ireland,Premier Division,2020,07/11/2020,15:00,Shamrock Rovers,Derry City,2,0,H,1.71,3.96,5.13,1.73,3.96,5.9,1.67,3.75,5.02,,,,,,
Ireland,Premier Division,2020,09/11/2020,19:30,Cork City,Derry City,1,1,D,6.37,3.97,1.61,6.57,4.07,1.71,5.85,3.79,1.57,,,,,,
Ireland,Premier Division,2020,09/11/2020,19:30,Dundalk,Sligo Rovers,0,2,A,1.62,4.03,6.02,1.63,4.52,7.5,1.58,3.95,5.38,,,,,,
Ireland,Premier Division,2020,09/11/2020,19:30,Finn Harps,Waterford,1,0,H,2.27,3.55,3.28,2.59,3.55,3.28,2.23,3.34,3.11,,,,,,
Ireland,Premier Division,2020,09/11/2020,19:30,Shelbourne,Shamrock Rovers,0,2,A,8.3,4.96,1.41,9,4.96,1.57,7.73,4.58,1.38,,,,,,
Ireland,Premier Division,2020,09/11/2020,19:30,St. Patricks,Bohemians,1,2,A,1.88,3.63,4.52,2.63,3.63,4.68,1.86,3.43,4.19,,,,,,
Ireland,Premier Division,2020,15/11/2020,14:30,Shelbourne,Longford,0,1,A,1.78,3.96,4.66,1.84,3.96,4.75,1.76,3.59,4.37,,,,,,
Ireland,Premier Division,2021,19/03/2021,17:45,Drogheda,Waterford,1,0,H,1.87,3.67,4.51,1.87,3.67,4.7,1.81,3.46,4.36,,,,,,
Ireland,Premier Division,2021,19/03/2021,19:45,Shamrock Rovers,St. Patricks,1,1,D,1.74,3.47,6.02,1.77,3.6,6.02,1.71,3.31,5.37,,,,,,
Ireland,Premier Division,2021,20/03/2021,18:00,Finn Harps,Bohemians,1,0,H,4.64,3.42,1.92,4.64,3.42,1.96,4.31,3.26,1.88,,,,,,
Ireland,Premier Division,2021,20/03/2021,18:00,Longford,Derry City,2,0,H,4.84,3.63,1.76,4.9,3.7,1.91,4.28,3.46,1.82,,,,,,
Ireland,Premier Division,2021,20/03/2021,18:00,Sligo Rovers,Dundalk,1,1,D,3.97,3.45,2.05,4.06,3.5,2.06,3.78,3.32,1.98,,,,,,
Ireland,Premier Division,2021,26/03/2021,17:45,Dundalk,Finn Harps,1,2,A,1.53,4.21,7.19,1.54,4.35,7.61,1.47,4.03,6.84,,,,,,
Ireland,Premier Division,2021,26/03/2021,19:45,Waterford,Sligo Rovers,1,2,A,4.71,3.69,1.83,5,3.75,1.83,4.58,3.55,1.75,,,,,,
Ireland,Premier Division,2021,27/03/2021,16:00,Bohemians,Longford,2,2,D,1.52,4.2,7.38,1.55,4.2,7.79,1.5,3.9,6.64,,,,,,
Ireland,Premier Division,2021,27/03/2021,16:00,St. Patricks,Drogheda,2,1,H,1.52,4.22,7.38,1.57,4.22,7.5,1.51,3.85,6.62,,,,,,
Ireland,Premier Division,2021,02/04/2021,17:45,Longford,Sligo Rovers,0,1,A,4.53,3.79,1.83,4.81,3.79,2,4.33,3.52,1.79,,,,,,
Ireland,Premier Division,2021,02/04/2021,19:45,Shamrock Rovers,Dundalk,2,1,H,1.92,3.54,4.44,1.97,3.69,4.7,1.88,3.34,4.13,,,,,,
Ireland,Premier Division,2021,03/04/2021,18:00,Bohemians,St. Patricks,0,1,A,2.9,3.08,2.8,2.96,3.26,2.84,2.75,2.96,2.69,,,,,,
Ireland,Premier Division,2021,03/04/2021,18:00,Derry City,Waterford,1,2,A,1.84,3.48,4.99,1.87,3.82,5.25,1.75,3.43,4.8,,,,,,
Ireland,Premier Division,2021,03/04/2021,18:00,Drogheda,Finn Harps,1,1,D,2.56,3.17,3.12,3.09,3.2,3.14,2.51,3.06,2.89,,,,,,
Ireland,Premier Division,2021,09/04/2021,17:45,St. Patricks,Derry City,2,0,H,1.87,3.4,4.97,1.87,3.43,5.03,1.81,3.27,4.69,,,,,,
Ireland,Premier Division,2021,09/04/2021,19:45,Dundalk,Bohemians,0,1,A,1.91,3.56,4.46,1.92,3.57,4.75,1.85,3.38,4.25,,,,,,
Ireland,Premier Division,2021,10/04/2021,18:00,Finn Harps,Waterford,2,1,H,2.17,3.07,4.13,2.18,3.26,4.16,2.08,3.04,3.81,,,,,,
Ireland,Premier Division,2021,10/04/2021,18:00,Longford,Drogheda,0,4,A,3.23,3.23,2.45,3.31,3.23,2.46,3.09,3.09,2.36,,,,,,
Ireland,Premier Division,2021,10/04/2021,18:00,Sligo Rovers,Shamrock Rovers,1,1,D,4.68,3.15,2.01,4.77,3.39,2.04,4.31,3.12,1.93,,,,,,
Ireland,Premier Division,2021,13/04/2021,19:45,Derry City,Shamrock Rovers,0,2,A,6.03,3.59,1.7,6.59,3.9,1.72,5.75,3.59,1.63,,,,,,
Ireland,Premier Division,2021,16/04/2021,17:45,Waterford,Bohemians,0,1,A,5.37,3.93,1.69,5.38,3.93,1.8,4.83,3.63,1.7,,,,,,
Ireland,Premier Division,2021,16/04/2021,19:45,Derry City,Drogheda,1,1,D,2.52,3.14,3.2,2.53,3.2,3.21,2.43,3.06,2.97,,,,,,
Ireland,Premier Division,2021,17/04/2021,18:00,Dundalk,St. Patricks,1,1,D,2.34,3.2,3.47,2.34,3.25,3.54,2.24,3.13,3.27,,,,,,
Ireland,Premier Division,2021,17/04/2021,18:00,Shamrock Rovers,Longford,2,1,H,1.17,7.58,20.69,1.19,7.58,20.69,1.16,6.73,15.92,,,,,,
Ireland,Premier Division,2021,17/04/2021,18:00,Sligo Rovers,Finn Harps,1,0,H,1.95,3.33,4.6,1.98,3.4,4.62,1.9,3.18,4.3,,,,,,
Ireland,Premier Division,2021,20/04/2021,19:45,Bohemians,Sligo Rovers,1,3,A,2.47,3.13,3.31,2.51,3.13,3.31,2.37,3,3.16,,,,,,
Ireland,Premier Division,2021,20/04/2021,19:45,Derry City,Dundalk,1,1,D,4.33,3.68,1.89,4.5,3.68,1.91,4.19,3.44,1.85,,,,,,
Ireland,Premier Division,2021,20/04/2021,19:45,Drogheda,Shamrock Rovers,0,1,A,7.37,4.09,1.53,7.37,4.09,1.55,6.69,3.83,1.51,,,,,,
Ireland,Premier Division,2021,20/04/2021,19:45,Longford,Finn Harps,0,0,D,2.92,3.04,2.81,3.15,3.13,2.82,2.9,2.99,2.57,,,,,,
Ireland,Premier Division,2021,20/04/2021,19:45,St. Patricks,Waterford,1,0,H,1.37,4.67,11.04,1.38,5,11.04,1.34,4.53,9.66,,,,,,
Ireland,Premier Division,2021,23/04/2021,17:45,Finn Harps,St. Patricks,0,2,A,4.64,3.28,1.96,4.75,3.34,1.98,4.42,3.14,1.9,,,,,,
Ireland,Premier Division,2021,23/04/2021,19:45,Shamrock Rovers,Bohemians,2,1,H,1.79,3.42,5.57,1.79,3.52,5.63,1.75,3.33,5.06,,,,,,
Ireland,Premier Division,2021,24/04/2021,18:00,Dundalk,Drogheda,2,1,H,1.53,4.38,6.59,1.57,4.41,6.59,1.52,4.12,5.89,,,,,,
Ireland,Premier Division,2021,24/04/2021,18:00,Sligo Rovers,Derry City,0,1,A,1.97,3.32,4.52,1.97,3.53,4.53,1.89,3.27,4.27,,,,,,
Ireland,Premier Division,2021,24/04/2021,18:00,Waterford,Longford,1,0,H,3.37,3.16,2.41,3.5,3.3,2.45,3.25,3.13,2.26,,,,,,
Ireland,Premier Division,2021,30/04/2021,17:45,Drogheda,Sligo Rovers,1,1,D,3.06,3.11,2.64,3.09,3.14,2.64,2.93,2.99,2.52,,,,,,
Ireland,Premier Division,2021,30/04/2021,17:45,St. Patricks,Longford,3,0,H,1.55,3.77,8.4,1.56,4.33,8.5,1.5,3.71,7.49,,,,,,
Ireland,Premier Division,2021,30/04/2021,19:45,Bohemians,Derry City,1,2,A,1.97,3.37,4.42,2,3.37,4.74,1.92,3.16,4.24,,,,,,
Ireland,Premier Division,2021,30/04/2021,19:45,Finn Harps,Shamrock Rovers,0,2,A,5.68,3.63,1.73,6,3.63,1.73,5.47,3.47,1.66,,,,,,
Ireland,Premier Division,2021,30/04/2021,19:45,Waterford,Dundalk,0,3,A,9.08,4.75,1.41,9.5,4.85,1.41,8.34,4.59,1.36,,,,,,
Ireland,Premier Division,2021,03/05/2021,14:00,Drogheda,Bohemians,1,1,D,4.16,3.44,2.01,4.26,3.44,2.22,3.77,3.22,2.02,,,,,,
Ireland,Premier Division,2021,03/05/2021,14:00,Shamrock Rovers,Waterford,3,0,H,1.17,7.42,23.33,1.2,7.91,23.33,1.15,6.9,17.54,,,,,,
Ireland,Premier Division,2021,03/05/2021,17:45,Longford,Dundalk,2,2,D,7.56,4.4,1.49,7.56,4.4,1.5,6.72,4.14,1.47,,,,,,
Ireland,Premier Division,2021,03/05/2021,17:45,Sligo Rovers,St. Patricks,1,1,D,3.17,2.87,2.75,3.2,2.94,2.76,3.01,2.81,2.6,,,,,,
Ireland,Premier Division,2021,03/05/2021,19:45,Derry City,Finn Harps,1,2,A,2.61,2.78,3.51,2.61,2.99,3.74,2.43,2.77,3.37,,,,,,
Ireland,Premier Division,2021,07/05/2021,17:45,Derry City,Longford,1,1,D,1.84,3.49,5.01,2.03,3.49,5.12,1.85,3.24,4.5,,,,,,
Ireland,Premier Division,2021,07/05/2021,19:45,Dundalk,Sligo Rovers,0,1,A,1.98,3.49,4.21,2.03,3.5,4.25,1.95,3.34,3.85,,,,,,
Ireland,Premier Division,2021,08/05/2021,18:00,Bohemians,Finn Harps,4,0,H,1.93,3.37,4.67,1.97,3.45,4.91,1.88,3.24,4.32,,,,,,
Ireland,Premier Division,2021,08/05/2021,18:00,St. Patricks,Shamrock Rovers,1,2,A,3.58,3.06,2.37,3.65,3.2,2.37,3.39,2.95,2.29,,,,,,
Ireland,Premier Division,2021,08/05/2021,18:00,Waterford,Drogheda,0,7,A,17.61,4.6,1.3,17.61,4.73,1.33,15.73,4.34,1.3,,,,,,
Ireland,Premier Division,2021,14/05/2021,17:45,Finn Harps,Dundalk,1,1,D,4.27,3.53,1.93,4.43,3.54,1.93,4.06,3.39,1.88,,,,,,
Ireland,Premier Division,2021,14/05/2021,19:45,Drogheda,St. Patricks,3,1,H,4.43,3.29,1.97,4.55,3.38,2,4.18,3.21,1.92,,,,,,
Ireland,Premier Division,2021,15/05/2021,18:00,Longford,Bohemians,0,2,A,5.65,3.91,1.66,6,3.95,1.66,5.41,3.79,1.61,,,,,,
Ireland,Premier Division,2021,15/05/2021,18:00,Shamrock Rovers,Derry City,1,1,D,1.52,4.03,7.83,1.53,4.2,8,1.47,3.97,7.18,,,,,,
Ireland,Premier Division,2021,15/05/2021,18:00,Sligo Rovers,Waterford,3,0,H,1.11,7.56,18.63,1.15,18,67,1.09,10.49,27.92,,,,,,
Ireland,Premier Division,2021,21/05/2021,17:45,St. Patricks,Bohemians,2,1,H,2.57,3.06,3.12,2.58,3.1,3.2,2.43,2.98,3.06,,,,,,
Ireland,Premier Division,2021,21/05/2021,17:45,Waterford,Derry City,0,1,A,,,,8.5,4.5,1.36,8.5,4.5,1.36,,,,,,
Ireland,Premier Division,2021,21/05/2021,19:45,Dundalk,Shamrock Rovers,2,1,H,3.28,3.23,2.37,3.5,3.37,2.37,3.22,3.17,2.24,,,,,,
Ireland,Premier Division,2021,21/05/2021,19:45,Finn Harps,Drogheda,0,1,A,2.67,3.18,2.87,2.7,3.24,2.92,2.6,3.03,2.78,,,,,,
Ireland,Premier Division,2021,21/05/2021,19:45,Sligo Rovers,Longford,2,0,H,1.69,3.6,6.02,1.7,3.73,6.2,1.64,3.51,5.66,,,,,,
Ireland,Premier Division,2021,24/05/2021,17:45,Bohemians,Dundalk,5,1,H,2.69,3.46,2.73,2.7,3.54,2.77,2.59,3.29,2.62,,,,,,
Ireland,Premier Division,2021,24/05/2021,17:45,Derry City,St. Patricks,2,2,D,3.97,3.18,2.16,3.97,3.19,2.21,3.62,3.05,2.14,,,,,,
Ireland,Premier Division,2021,24/05/2021,19:45,Drogheda,Longford,4,1,H,1.85,3.62,4.68,1.95,3.62,4.81,1.82,3.39,4.38,,,,,,
Ireland,Premier Division,2021,24/05/2021,19:45,Shamrock Rovers,Sligo Rovers,0,1,A,1.66,3.68,6.44,1.68,3.68,6.53,1.63,3.47,5.85,,,,,,
Ireland,Premier Division,2021,24/05/2021,19:45,Waterford,Finn Harps,1,2,A,3.73,2.98,2.35,3.75,3.18,2.35,3.5,2.93,2.25,,,,,,
Ireland,Premier Division,2021,28/05/2021,17:45,Finn Harps,Sligo Rovers,1,2,A,3.82,2.97,2.33,3.82,3,2.36,3.62,2.87,2.23,,,,,,
Ireland,Premier Division,2021,28/05/2021,19:45,Drogheda,Derry City,1,2,A,2.44,3.36,3.13,2.45,3.36,3.14,2.33,3.2,3.01,,,,,,
Ireland,Premier Division,2021,28/05/2021,19:45,St. Patricks,Dundalk,0,2,A,2.5,3.38,3.02,2.53,3.38,3.05,2.4,3.23,2.89,,,,,,
Ireland,Premier Division,2021,29/05/2021,16:00,Bohemians,Waterford,3,0,H,1.24,6.13,14.36,1.25,6.15,15,1.22,5.75,13.09,,,,,,
Ireland,Premier Division,2021,29/05/2021,16:00,Longford,Shamrock Rovers,0,1,A,13.74,5.56,1.28,15,5.56,1.36,11.89,5.12,1.26,,,,,,
Ireland,Premier Division,2021,11/06/2021,19:45,Derry City,Bohemians,1,1,D,3.74,3.34,2.17,3.74,3.4,2.17,3.53,3.21,2.09,,,,,,
Ireland,Premier Division,2021,11/06/2021,19:45,Dundalk,Waterford,1,3,A,1.2,7.13,15.43,1.21,7.51,15.43,1.18,6.75,13.03,,,,,,
Ireland,Premier Division,2021,11/06/2021,20:00,Shamrock Rovers,Finn Harps,1,1,D,1.4,4.51,10.36,1.42,4.51,10.36,1.37,4.31,8.9,,,,,,
Ireland,Premier Division,2021,12/06/2021,19:30,Longford,St. Patricks,1,3,A,7.96,4.27,1.49,7.96,4.27,1.57,7.03,4.01,1.47,,,,,,
Ireland,Premier Division,2021,12/06/2021,19:45,Sligo Rovers,Drogheda,1,2,A,2.26,3.18,3.69,2.28,3.3,3.81,2.17,3.09,3.5,,,,,,
Ireland,Premier Division,2021,18/06/2021,19:45,Bohemians,Drogheda,5,0,H,1.64,4.07,5.67,1.69,4.07,5.75,1.62,3.78,5.24,,,,,,
Ireland,Premier Division,2021,18/06/2021,19:45,Dundalk,Longford,1,1,D,1.32,5.63,10.52,1.34,5.63,10.52,1.3,5.22,9.01,,,,,,
Ireland,Premier Division,2021,18/06/2021,19:45,St. Patricks,Sligo Rovers,2,0,H,2,3.23,4.54,2.05,3.25,4.66,1.95,3.11,4.24,,,,,,
Ireland,Premier Division,2021,18/06/2021,19:45,Waterford,Shamrock Rovers,1,4,A,10.79,5.04,1.35,10.79,5.25,1.36,9.1,4.91,1.32,,,,,,
Ireland,Premier Division,2021,18/06/2021,20:00,Finn Harps,Derry City,1,2,A,3.23,3.07,2.55,3.23,3.07,2.63,3.03,2.93,2.49,,,,,,
Ireland,Premier Division,2021,21/06/2021,19:45,Bohemians,Shamrock Rovers,1,0,H,3.07,3.12,2.62,3.1,3.22,2.62,2.97,3.04,2.46,,,,,,
Ireland,Premier Division,2021,21/06/2021,19:45,Derry City,Sligo Rovers,1,1,D,2.36,3.18,3.45,2.55,3.18,3.46,2.37,3,3.16,,,,,,
Ireland,Premier Division,2021,21/06/2021,19:45,Drogheda,Dundalk,0,1,A,4.18,3.96,1.85,4.33,3.96,2,3.85,3.69,1.85,,,,,,
Ireland,Premier Division,2021,21/06/2021,19:45,Longford,Waterford,1,2,A,2.6,3.11,3.12,2.63,3.2,3.25,2.4,3.05,3.06,,,,,,
Ireland,Premier Division,2021,21/06/2021,19:45,St. Patricks,Finn Harps,4,1,H,1.5,4.27,7.64,1.6,4.27,8,1.48,3.95,6.97,,,,,,
Ireland,Premier Division,2021,25/06/2021,19:45,Dundalk,Derry City,2,1,H,1.67,4.07,5.4,1.68,4.07,5.5,1.63,3.84,5.05,,,,,,
Ireland,Premier Division,2021,25/06/2021,19:45,Waterford,St. Patricks,1,1,D,7.76,3.99,1.53,8,4.2,1.53,6.99,3.9,1.48,,,,,,
Ireland,Premier Division,2021,25/06/2021,20:00,Finn Harps,Longford,1,1,D,1.85,3.54,4.88,1.88,3.54,5,1.82,3.34,4.49,,,,,,
Ireland,Premier Division,2021,25/06/2021,20:00,Shamrock Rovers,Drogheda,1,1,D,1.38,5.07,9.09,1.38,5.25,9.5,1.33,4.88,8.59,,,,,,
Ireland,Premier Division,2021,26/06/2021,19:45,Sligo Rovers,Bohemians,4,0,H,3.87,3.41,2.1,3.9,3.41,2.12,3.67,3.19,2.06,,,,,,
Ireland,Premier Division,2021,02/07/2021,19:45,Bohemians,St. Patricks,3,2,H,2.51,3.28,3.08,2.52,3.35,3.3,2.41,3.16,2.94,,,,,,
Ireland,Premier Division,2021,02/07/2021,19:45,Derry City,Waterford,2,0,H,1.68,3.64,6.17,1.71,3.71,6.18,1.65,3.5,5.57,,,,,,
Ireland,Premier Division,2021,02/07/2021,19:45,Drogheda,Finn Harps,3,1,H,2.12,3.5,3.68,2.2,3.51,3.68,2.09,3.34,3.41,,,,,,
Ireland,Premier Division,2021,02/07/2021,20:00,Shamrock Rovers,Dundalk,3,1,H,1.86,3.65,4.59,1.88,3.65,4.59,1.81,3.5,4.26,,,,,,
Ireland,Premier Division,2021,03/07/2021,19:30,Longford,Sligo Rovers,0,1,A,5.24,3.78,1.74,5.35,3.78,1.75,4.92,3.52,1.71,,,,,,
Ireland,Premier Division,2021,09/07/2021,17:45,Finn Harps,Waterford,0,1,A,1.65,3.92,5.9,1.7,3.93,5.99,1.62,3.71,5.44,,,,,,
Ireland,Premier Division,2021,09/07/2021,19:45,St. Patricks,Derry City,1,0,H,1.78,3.59,5.33,1.81,3.65,5.4,1.74,3.46,4.89,,,,,,
Ireland,Premier Division,2021,10/07/2021,19:30,Longford,Drogheda,1,1,D,4.86,3.91,1.76,4.87,3.91,1.77,4.58,3.63,1.73,,,,,,
Ireland,Premier Division,2021,16/07/2021,19:45,Derry City,Shamrock Rovers,2,4,A,4.72,3.48,1.88,5,3.53,1.91,4.5,3.31,1.84,,,,,,
Ireland,Premier Division,2021,16/07/2021,19:45,St. Patricks,Drogheda,2,0,H,1.83,3.65,4.79,1.83,3.75,5,1.74,3.55,4.65,,,,,,
Ireland,Premier Division,2021,17/07/2021,16:00,Dundalk,Finn Harps,1,0,H,1.6,4.14,6.05,1.61,4.15,6.05,1.58,3.9,5.59,,,,,,
Ireland,Premier Division,2021,18/07/2021,16:00,Bohemians,Longford,1,1,D,1.41,4.68,9.35,1.41,5,10.3,1.36,4.52,8.59,,,,,,
Ireland,Premier Division,2021,18/07/2021,16:00,Waterford,Sligo Rovers,1,0,H,4.98,3.7,1.79,5,3.7,1.81,4.75,3.48,1.75,,,,,,
Ireland,Premier Division,2021,30/07/2021,19:45,Drogheda,Waterford,1,2,A,1.81,3.67,4.87,1.83,3.73,5,1.76,3.54,4.52,,,,,,
Ireland,Premier Division,2021,30/07/2021,20:00,Shamrock Rovers,St. Patricks,3,1,H,2.2,3.08,4.03,2.2,3.16,4.04,2.13,2.98,3.77,,,,,,
Ireland,Premier Division,2021,31/07/2021,19:30,Longford,Derry City,0,2,A,4.13,3.31,2.07,4.16,3.34,2.1,3.91,3.18,2,,,,,,
Ireland,Premier Division,2021,06/08/2021,19:45,Derry City,Drogheda,3,0,H,2.34,3.33,3.34,2.34,3.5,3.45,2.22,3.21,3.27,,,,,,
Ireland,Premier Division,2021,07/08/2021,14:00,Waterford,Bohemians,1,0,H,5.13,3.88,1.73,5.14,3.88,1.83,4.72,3.6,1.73,,,,,,
Ireland,Premier Division,2021,07/08/2021,19:45,Sligo Rovers,Finn Harps,0,1,A,1.88,3.5,4.69,1.89,3.52,5,1.82,3.39,4.49,,,,,,
Ireland,Premier Division,2021,08/08/2021,15:00,Dundalk,St. Patricks,1,4,A,2.59,3.44,2.86,2.61,3.44,3,2.44,3.26,2.84,,,,,,
Ireland,Premier Division,2021,08/08/2021,15:00,Shamrock Rovers,Longford,1,0,H,1.25,6.02,14.93,1.29,6.02,15,1.25,5.57,11.96,,,,,,
Ireland,Premier Division,2021,13/08/2021,19:45,St. Patricks,Waterford,2,1,H,1.48,4.44,7.74,1.5,4.56,8,1.45,4.21,6.96,,,,,,
Ireland,Premier Division,2021,14/08/2021,19:30,Longford,Finn Harps,0,3,A,3.33,3.19,2.42,3.34,3.3,2.46,3.16,3.06,2.35,,,,,,
Ireland,Premier Division,2021,15/08/2021,15:00,Bohemians,Sligo Rovers,1,0,H,1.93,3.59,4.3,2.1,3.59,4.36,1.96,3.29,3.92,,,,,,
Ireland,Premier Division,2021,15/08/2021,15:00,Derry City,Dundalk,1,0,H,3.33,3.54,2.25,3.35,3.54,2.3,3.14,3.33,2.21,,,,,,
Ireland,Premier Division,2021,15/08/2021,15:00,Drogheda,Shamrock Rovers,0,1,A,8.12,4.35,1.47,8.14,4.36,1.55,7.29,4.03,1.46,,,,,,
Ireland,Premier Division,2021,20/08/2021,19:45,Dundalk,Drogheda,1,2,A,1.53,4.68,6.04,1.54,4.68,6.04,1.51,4.4,5.74,,,,,,
Ireland,Premier Division,2021,20/08/2021,19:45,Waterford,Longford,4,1,H,1.72,3.93,5.12,1.9,3.93,5.25,1.7,3.71,4.78,,,,,,
Ireland,Premier Division,2021,20/08/2021,20:00,Finn Harps,St. Patricks,3,1,H,3.98,3.34,2.09,4.05,3.4,2.17,3.69,3.2,2.07,,,,,,
Ireland,Premier Division,2021,21/08/2021,19:45,Sligo Rovers,Derry City,1,2,A,2.32,3.17,3.56,2.36,3.3,3.56,2.27,3.07,3.35,,,,,,
Ireland,Premier Division,2021,03/09/2021,19:45,Drogheda,Sligo Rovers,0,0,D,3.41,3.04,2.47,3.47,3.13,2.5,3.21,2.95,2.4,,,,,,
Ireland,Premier Division,2021,03/09/2021,19:45,St. Patricks,Longford,3,2,H,1.2,6.88,17.38,1.22,7,17.38,1.19,6.47,14.46,,,,,,
Ireland,Premier Division,2021,03/09/2021,19:45,Waterford,Dundalk,1,1,D,3.32,3.57,2.24,3.32,3.57,2.38,2.99,3.36,2.29,,,,,,
Ireland,Premier Division,2021,03/09/2021,20:00,Finn Harps,Shamrock Rovers,2,1,H,5.06,3.47,1.84,5.11,3.49,1.86,4.62,3.32,1.81,,,,,,
Ireland,Premier Division,2021,10/09/2021,19:45,Derry City,Finn Harps,2,2,D,2.07,3.27,4.18,2.29,3.35,4.23,2.03,3.16,3.89,,,,,,
Ireland,Premier Division,2021,10/09/2021,19:45,Drogheda,Bohemians,3,2,H,5.11,3.8,1.75,5.5,3.9,2.03,4.77,3.69,1.71,,,,,,
Ireland,Premier Division,2021,10/09/2021,19:45,Sligo Rovers,St. Patricks,2,0,H,2.48,3.22,3.2,2.93,3.22,3.45,2.45,3.04,3.04,,,,,,
Ireland,Premier Division,2021,10/09/2021,20:00,Shamrock Rovers,Waterford,2,0,H,1.44,4.71,8.05,1.46,5.1,10.3,1.41,4.42,7.5,,,,,,
Ireland,Premier Division,2021,11/09/2021,19:30,Longford,Dundalk,1,0,H,9.01,4.73,1.41,9.5,4.76,1.5,8.34,4.52,1.38,,,,,,
Ireland,Premier Division,2021,13/09/2021,20:00,Finn Harps,Bohemians,1,2,A,4.42,3.67,1.88,4.6,3.75,1.88,4.25,3.55,1.81,,,,,,
Ireland,Premier Division,2021,14/09/2021,19:45,Sligo Rovers,Dundalk,2,1,H,2.24,3.44,3.45,2.28,3.48,3.7,2.15,3.26,3.38,,,,,,
Ireland,Premier Division,2021,18/09/2021,19:45,Sligo Rovers,Shamrock Rovers,0,1,A,3.51,3.14,2.36,3.57,3.25,2.36,3.34,3.05,2.27,,,,,,
Ireland,Premier Division,2021,20/09/2021,19:45,Bohemians,Derry City,3,3,D,1.62,4.16,5.78,1.71,4.16,5.78,1.62,3.9,5.23,,,,,,
Ireland,Premier Division,2021,24/09/2021,19:45,Bohemians,Finn Harps,1,2,A,1.51,4.52,6.71,1.7,4.53,7,1.49,4.26,6.18,,,,,,
Ireland,Premier Division,2021,24/09/2021,19:45,Derry City,Longford,3,0,H,1.34,5.42,9.66,1.44,5.5,10,1.33,4.96,8.78,,,,,,
Ireland,Premier Division,2021,24/09/2021,19:45,Dundalk,Sligo Rovers,4,1,H,2.23,3.51,3.4,2.35,3.51,3.44,2.24,3.29,3.13,,,,,,
Ireland,Premier Division,2021,24/09/2021,19:45,St. Patricks,Shamrock Rovers,0,1,A,3.68,3.32,2.19,3.68,3.32,2.65,3.39,3.13,2.21,,,,,,
Ireland,Premier Division,2021,24/09/2021,19:45,Waterford,Drogheda,1,0,H,2.36,3.31,3.31,2.65,3.31,3.4,2.28,3.2,3.16,,,,,,
Ireland,Premier Division,2021,27/09/2021,19:45,Dundalk,Bohemians,2,1,H,2.56,3.74,2.7,2.8,3.79,2.7,2.63,3.59,2.45,,,,,,
Ireland,Premier Division,2021,01/10/2021,19:45,Drogheda,St. Patricks,0,1,A,4,3.4,2.06,4.6,3.5,2.13,3.83,3.29,2,,,,,,
Ireland,Premier Division,2021,01/10/2021,20:00,Finn Harps,Dundalk,2,2,D,3.25,3.78,2.19,3.28,3.78,2.5,3,3.45,2.26,,,,,,
Ireland,Premier Division,2021,01/10/2021,20:00,Shamrock Rovers,Derry City,2,1,H,1.56,4.1,6.94,1.64,4.11,8,1.53,3.91,6.4,,,,,,
Ireland,Premier Division,2021,02/10/2021,19:30,Longford,Bohemians,1,4,A,8.72,5.49,1.36,11,5.75,1.41,8.65,5.07,1.33,,,,,,
Ireland,Premier Division,2021,02/10/2021,19:45,Sligo Rovers,Waterford,1,1,D,1.9,3.4,4.8,1.93,3.52,5,1.84,3.31,4.51,,,,,,
Ireland,Premier Division,2021,08/10/2021,19:45,Dundalk,Shamrock Rovers,1,0,H,3.94,3.8,1.95,3.98,3.8,1.97,3.69,3.61,1.92,,,,,,
Ireland,Premier Division,2021,15/10/2021,19:45,Bohemians,Dundalk,1,1,D,2.19,3.79,3.26,2.2,3.83,3.65,2.12,3.63,3.09,,,,,,
Ireland,Premier Division,2021,15/10/2021,19:45,Derry City,St. Patricks,1,0,H,2.3,3.27,3.48,2.85,3.3,3.48,2.35,3.15,3.1,,,,,,
Ireland,Premier Division,2021,15/10/2021,19:45,Drogheda,Longford,2,0,H,1.59,4.27,6,1.61,4.4,7,1.53,4.17,5.71,,,,,,
Ireland,Premier Division,2021,15/10/2021,19:45,Waterford,Finn Harps,4,1,H,2.53,3.3,3.04,2.55,3.4,3.04,2.47,3.2,2.83,,,,,,
Ireland,Premier Division,2021,15/10/2021,20:00,Shamrock Rovers,Sligo Rovers,2,0,H,1.72,3.57,5.96,1.72,3.9,6.5,1.63,3.59,5.68,,,,,,
Ireland,Premier Division,2021,18/10/2021,19:15,Shamrock Rovers,Bohemians,1,1,D,1.65,3.98,5.72,1.67,3.98,5.89,1.64,3.76,5.18,,,,,,
Ireland,Premier Division,2021,23/10/2021,19:30,Finn Harps,Sligo Rovers,2,2,D,2.71,3.25,2.85,2.88,3.27,2.88,2.68,3.07,2.71,,,,,,
Ireland,Premier Division,2021,23/10/2021,19:30,Longford,Shamrock Rovers,0,1,A,16.31,7.33,1.19,22,8,1.24,16.39,7.07,1.16,,,,,,
Ireland,Premier Division,2021,24/10/2021,14:00,Drogheda,Derry City,1,0,H,2.89,3.15,2.75,3.1,3.28,2.78,2.89,3.1,2.5,,,,,,
Ireland,Premier Division,2021,25/10/2021,19:45,Bohemians,Waterford,1,2,A,1.5,4.98,6.14,1.5,5.01,8,1.43,4.58,6.66,,,,,,
Ireland,Premier Division,2021,25/10/2021,19:45,St. Patricks,Dundalk,1,0,H,2.18,3.52,3.49,2.25,3.52,3.6,2.15,3.3,3.32,,,,,,
Ireland,Premier Division,2021,29/10/2021,19:30,Longford,St. Patricks,1,4,A,9.03,4.83,1.4,9.03,4.83,1.41,8.34,4.53,1.37,,,,,,
Ireland,Premier Division,2021,29/10/2021,19:45,Derry City,Bohemians,1,1,D,2.54,3.57,2.83,2.65,3.6,2.86,2.5,3.4,2.66,,,,,,
Ireland,Premier Division,2021,29/10/2021,19:45,Dundalk,Waterford,1,0,H,1.48,4.97,6.48,1.57,4.97,6.78,1.47,4.41,6.12,,,,,,
Ireland,Premier Division,2021,29/10/2021,19:45,Shamrock Rovers,Finn Harps,3,0,H,1.34,5.19,10.54,1.34,5.5,11.5,1.32,4.83,9.62,,,,,,
Ireland,Premier Division,2021,29/10/2021,19:45,Sligo Rovers,Drogheda,2,0,H,1.88,3.49,4.73,1.91,3.49,4.73,1.86,3.29,4.37,,,,,,
Ireland,Premier Division,2021,01/11/2021,19:45,Sligo Rovers,Longford,1,0,H,1.28,5.83,11.91,1.29,6,15,1.26,5.51,11.04,,,,,,
Ireland,Premier Division,2021,01/11/2021,19:45,St. Patricks,Bohemians,2,2,D,2.27,3.37,3.45,2.27,3.5,3.46,2.19,3.27,3.24,,,,,,
Ireland,Premier Division,2021,01/11/2021,20:00,Finn Harps,Drogheda,0,0,D,2.06,3.47,3.91,2.16,3.47,4.01,2.07,3.24,3.63,,,,,,
Ireland,Premier Division,2021,02/11/2021,18:15,Waterford,Derry City,2,2,D,3.06,3.33,2.5,3.08,3.33,2.59,2.93,3.16,2.43,,,,,,
Ireland,Premier Division,2021,03/11/2021,19:45,Bray,Galway,0,0,D,2.84,3.33,2.62,2.84,3.35,2.75,2.61,3.18,2.59,,,,,,
Ireland,Premier Division,2021,03/11/2021,19:45,Treaty United,UC Dublin,0,3,A,3.05,3.54,2.37,3.1,3.54,2.4,2.87,3.36,2.29,,,,,,
Ireland,Premier Division,2021,04/11/2021,19:45,Drogheda,Dundalk,0,1,A,4.09,3.68,1.95,4.23,3.68,2.01,3.92,3.43,1.91,,,,,,
Ireland,Premier Division,2021,05/11/2021,19:45,St. Patricks,Sligo Rovers,0,3,A,2.03,3.45,4.07,2.15,3.45,4.12,2,3.3,3.78,,,,,,
Ireland,Premier Division,2021,05/11/2021,19:45,Waterford,Shamrock Rovers,1,3,A,4.5,4.12,1.77,4.79,4.13,1.95,4.26,3.7,1.78,,,,,,
Ireland,Premier Division,2021,05/11/2021,20:00,Finn Harps,Derry City,1,1,D,2.71,3.33,2.79,2.78,3.33,2.82,2.62,3.15,2.71,,,,,,
Ireland,Premier Division,2021,07/11/2021,17:00,Bohemians,Drogheda,2,1,H,1.56,4.28,6.29,1.58,4.3,6.29,1.54,4.06,5.76,,,,,,
Ireland,Premier Division,2021,07/11/2021,17:00,Dundalk,Longford,2,0,H,1.23,6.38,14.73,1.24,6.5,17,1.21,6.06,13.23,,,,,,
Ireland,Premier Division,2021,07/11/2021,17:00,Galway,Bray,0,1,A,,,,2.1,3.6,3.75,2,3.38,3.42,,,,,,
Ireland,Premier Division,2021,07/11/2021,17:00,UC Dublin,Treaty United,1,2,A,,,,1.82,3.88,4.65,1.73,3.65,4.22,,,,,,
Ireland,Premier Division,2021,12/11/2021,19:45,Bohemians,Shamrock Rovers,3,1,H,3.41,3.3,2.32,3.6,3.41,2.32,3.26,3.26,2.21,,,,,,
Ireland,Premier Division,2021,12/11/2021,19:45,Derry City,Sligo Rovers,2,0,H,1.72,4,4.88,1.76,4,5.03,1.71,3.74,4.63,,,,,,
Ireland,Premier Division,2021,12/11/2021,19:45,St. Patricks,Finn Harps,2,2,D,2.36,3.29,3.34,2.37,3.4,3.4,2.29,3.19,3.16,,,,,,
Ireland,Premier Division,2021,13/11/2021,19:30,Longford,Waterford,1,1,D,5.1,4.22,1.67,5.16,4.22,1.71,4.81,3.92,1.65,,,,,,
Ireland,Premier Division,2021,19/11/2021,19:45,Bray,UC Dublin,0,2,A,,,,3,3.4,2.41,2.86,3.22,2.3,,,,,,
Ireland,Premier Division,2021,19/11/2021,19:45,Dundalk,Derry City,1,2,A,2.32,3.48,3.24,2.38,3.6,3.6,2.25,3.37,3.07,,,,,,
Ireland,Premier Division,2021,19/11/2021,19:45,Finn Harps,Longford,5,0,H,1.45,4.69,7.97,1.46,4.69,7.97,1.42,4.45,7.23,,,,,,
Ireland,Premier Division,2021,19/11/2021,19:45,Shamrock Rovers,Drogheda,2,1,H,1.45,5.04,6.92,1.62,5.05,9,1.46,4.39,6.51,,,,,,
Ireland,Premier Division,2021,19/11/2021,19:45,Sligo Rovers,Bohemians,1,1,D,4.25,3.94,1.85,4.4,3.94,2,4.06,3.73,1.81,,,,,,
Ireland,Premier Division,2021,19/11/2021,19:45,Waterford,St. Patricks,0,0,D,2.47,3.34,3.09,2.95,3.41,3.15,2.37,3.27,2.95,,,,,,
Ireland,Premier Division,2021,26/11/2021,19:45,Waterford,UC Dublin,1,2,A,2.59,3.67,2.52,2.69,3.67,3.6,2.45,3.34,2.73,,,,,,
Ireland,Premier Division,2022,18/02/2022,19:45,Dundalk,Derry City,2,2,D,2.19,3.43,3.57,2.6,3.44,3.7,2.16,3.26,3.4,,,,,,
Ireland,Premier Division,2022,18/02/2022,19:45,Shelbourne,St. Patricks,0,3,A,3.9,3.18,2.19,3.9,3.25,2.24,3.59,3.07,2.17,,,,,,
Ireland,Premier Division,2022,18/02/2022,20:00,Shamrock Rovers,UC Dublin,3,0,H,1.18,7.42,19.66,1.3,7.5,19.68,1.17,6.63,16.82,,,,,,
Ireland,Premier Division,2022,25/02/2022,19:45,Bohemians,Dundalk,2,2,D,2.27,3.51,3.31,2.3,3.52,3.31,2.23,3.34,3.11,,,,,,
Ireland,Premier Division,2022,25/02/2022,19:45,Derry City,Shamrock Rovers,2,1,H,4.11,3.4,2.03,4.11,3.4,2.12,3.81,3.24,2.02,,,,,,
Ireland,Premier Division,2022,25/02/2022,19:45,Drogheda,Shelbourne,0,2,A,3.38,3.29,2.34,3.41,3.32,2.56,3.15,3.12,2.33,,,,,,
Ireland,Premier Division,2022,25/02/2022,19:45,St. Patricks,Sligo Rovers,1,2,A,1.91,3.37,4.78,1.93,3.5,4.78,1.86,3.31,4.38,,,,,,
Ireland,Premier Division,2022,25/02/2022,19:45,UC Dublin,Finn Harps,0,0,D,3.33,3.58,2.23,3.4,3.58,2.35,3.15,3.25,2.26,,,,,,
Ireland,Premier Division,2022,28/02/2022,19:45,Bohemians,St. Patricks,1,0,H,2.51,3.48,2.93,2.56,3.48,2.95,2.46,3.29,2.81,,,,,,
Ireland,Premier Division,2022,28/02/2022,19:45,Derry City,Sligo Rovers,0,0,D,2.1,3.34,3.95,2.14,3.34,3.95,2.08,3.15,3.71,,,,,,
Ireland,Premier Division,2022,28/02/2022,19:45,Dundalk,Finn Harps,3,0,H,1.79,3.73,4.89,1.81,3.8,4.89,1.76,3.61,4.52,,,,,,
Ireland,Premier Division,2022,28/02/2022,19:45,UC Dublin,Shelbourne,0,0,D,3.62,3.39,2.19,4.2,3.46,2.2,3.48,3.31,2.1,,,,,,
Ireland,Premier Division,2022,28/02/2022,20:00,Shamrock Rovers,Drogheda,3,1,H,1.23,6.39,15.63,1.25,6.5,15.63,1.22,5.94,13.3,,,,,,
Ireland,Premier Division,2022,04/03/2022,19:45,Drogheda,UC Dublin,4,2,H,2.09,3.47,3.82,2.15,3.47,3.82,2.08,3.26,3.57,,,,,,
Ireland,Premier Division,2022,04/03/2022,19:45,Shelbourne,Derry City,0,1,A,3.77,3.35,2.15,3.85,3.37,2.25,3.63,3.22,2.08,,,,,,
Ireland,Premier Division,2022,04/03/2022,19:45,St. Patricks,Shamrock Rovers,1,0,H,4.3,3.47,1.97,4.34,3.47,2.15,3.99,3.23,1.98,,,,,,
Ireland,Premier Division,2022,04/03/2022,20:00,Finn Harps,Bohemians,1,1,D,3.31,3.18,2.43,3.36,3.3,2.43,3.22,3.11,2.3,,,,,,
Ireland,Premier Division,2022,05/03/2022,19:45,Sligo Rovers,Dundalk,0,0,D,3,3.37,2.52,3.09,3.4,2.55,2.88,3.2,2.45,,,,,,
Ireland,Premier Division,2022,11/03/2022,19:45,Drogheda,Sligo Rovers,0,3,A,3.71,3.27,2.21,3.82,3.32,2.23,3.56,3.17,2.13,,,,,,
Ireland,Premier Division,2022,11/03/2022,19:45,Shelbourne,Dundalk,1,1,D,3.38,3.2,2.38,3.5,3.34,2.38,3.32,3.15,2.23,,,,,,
Ireland,Premier Division,2022,11/03/2022,20:00,Finn Harps,St. Patricks,0,2,A,3.17,3.24,2.48,3.2,3.28,2.48,3.05,3.15,2.38,,,,,,
Ireland,Premier Division,2022,11/03/2022,20:00,Shamrock Rovers,Bohemians,1,0,H,1.65,3.93,5.93,1.7,3.93,5.93,1.65,3.65,5.39,,,,,,
Ireland,Premier Division,2022,14/03/2022,19:45,Bohemians,Shelbourne,1,1,D,1.94,3.36,4.61,1.98,3.36,4.69,1.91,3.17,4.41,,,,,,
Ireland,Premier Division,2022,14/03/2022,19:45,Derry City,Drogheda,2,0,H,1.48,4.41,7.77,1.48,4.5,7.77,1.45,4.27,6.99,,,,,,
Ireland,Premier Division,2022,14/03/2022,19:45,Dundalk,Shamrock Rovers,0,0,D,4.54,3.71,1.85,4.62,3.71,1.85,4.4,3.51,1.8,,,,,,
Ireland,Premier Division,2022,14/03/2022,19:45,Sligo Rovers,Finn Harps,3,1,H,2.07,3.16,4.37,2.12,3.3,4.37,2.05,3.14,3.85,,,,,,
Ireland,Premier Division,2022,14/03/2022,19:45,St. Patricks,UC Dublin,2,0,H,1.44,4.75,7.78,1.47,4.9,8,1.42,4.49,7.18,,,,,,
Ireland,Premier Division,2022,18/03/2022,17:00,UC Dublin,Bohemians,1,1,D,5.54,3.82,1.7,5.75,3.9,1.75,5.1,3.74,1.66,,,,,,
Ireland,Premier Division,2022,18/03/2022,19:45,Derry City,St. Patricks,2,1,H,2.27,3.21,3.62,2.27,3.36,3.62,2.2,3.17,3.39,,,,,,
Ireland,Premier Division,2022,18/03/2022,19:45,Drogheda,Dundalk,1,0,H,4.93,3.83,1.77,4.99,3.83,1.77,4.72,3.64,1.72,,,,,,
Ireland,Premier Division,2022,18/03/2022,19:45,Shelbourne,Finn Harps,0,3,A,2.34,3.06,3.65,2.42,3.28,3.75,2.23,2.98,3.54,,,,,,
Ireland,Premier Division,2022,18/03/2022,20:00,Shamrock Rovers,Sligo Rovers,2,2,D,1.68,3.73,5.92,1.72,3.8,6,1.65,3.55,5.54,,,,,,
Ireland,Premier Division,2022,01/04/2022,19:45,Bohemians,Derry City,1,2,A,2.62,3.26,2.95,2.88,3.27,3.1,2.58,3.08,2.83,,,,,,
Ireland,Premier Division,2022,01/04/2022,19:45,Dundalk,UC Dublin,2,0,H,1.46,4.57,7.74,1.52,4.84,8.1,1.45,4.4,6.81,,,,,,
Ireland,Premier Division,2022,01/04/2022,19:45,Sligo Rovers,Shelbourne,0,1,A,1.85,3.37,5.17,1.89,3.4,5.17,1.83,3.25,4.7,,,,,,
Ireland,Premier Division,2022,01/04/2022,19:45,St. Patricks,Drogheda,1,1,D,1.4,4.82,9.09,1.44,4.82,9.19,1.4,4.47,7.86,,,,,,
Ireland,Premier Division,2022,01/04/2022,20:00,Finn Harps,Shamrock Rovers,0,3,A,5.42,3.46,1.8,5.42,3.62,1.81,4.94,3.43,1.74,,,,,,
Ireland,Premier Division,2022,04/04/2022,19:45,UC Dublin,Derry City,0,2,A,9.87,4.74,1.39,10,5.02,1.4,8.91,4.64,1.35,,,,,,
Ireland,Premier Division,2022,04/04/2022,20:00,Finn Harps,Drogheda,2,2,D,2.26,3.37,3.48,2.26,3.37,3.5,2.2,3.21,3.31,,,,,,
Ireland,Premier Division,2022,05/04/2022,19:45,Sligo Rovers,Bohemians,0,1,A,2.46,3.28,3.16,2.47,3.31,3.3,2.35,3.1,3.13,,,,,,
Ireland,Premier Division,2022,08/04/2022,19:45,Drogheda,Bohemians,1,1,D,4.67,3.73,1.83,4.7,3.73,1.83,4.46,3.52,1.78,,,,,,
Ireland,Premier Division,2022,08/04/2022,19:45,Shelbourne,Shamrock Rovers,1,2,A,8.52,4.1,1.49,9.4,4.1,1.65,8.02,3.79,1.47,,,,,,
Ireland,Premier Division,2022,08/04/2022,19:45,St. Patricks,Dundalk,0,0,D,2.77,3.39,2.69,2.77,3.42,2.8,2.62,3.26,2.63,,,,,,
Ireland,Premier Division,2022,09/04/2022,17:30,Finn Harps,Derry City,1,2,A,5,3.61,1.81,5,3.61,1.87,4.62,3.36,1.8,,,,,,
Ireland,Premier Division,2022,09/04/2022,19:45,Sligo Rovers,UC Dublin,2,2,D,1.39,4.66,10.42,1.4,4.66,11,1.37,4.31,9.74,,,,,,
Ireland,Premier Division,2022,15/04/2022,19:45,Bohemians,Finn Harps,2,2,D,1.76,3.76,5.14,1.85,3.76,5.14,1.75,3.57,4.65,,,,,,
Ireland,Premier Division,2022,15/04/2022,19:45,Derry City,Shelbourne,1,2,A,1.54,3.98,7.56,1.58,4.3,8.64,1.53,3.8,6.63,,,,,,
Ireland,Premier Division,2022,15/04/2022,19:45,Dundalk,Sligo Rovers,2,1,H,2.14,3.31,3.88,2.14,3.41,4.02,2.06,3.25,3.65,,,,,,
Ireland,Premier Division,2022,15/04/2022,19:45,UC Dublin,Drogheda,0,2,A,2.89,3.4,2.59,3.18,3.46,2.6,2.76,3.26,2.5,,,,,,
Ireland,Premier Division,2022,15/04/2022,20:00,Shamrock Rovers,St. Patricks,1,0,H,1.72,3.69,5.59,1.78,3.8,6,1.72,3.52,4.98,,,,,,
Ireland,Premier Division,2022,18/04/2022,15:00,Shelbourne,Bohemians,1,4,A,4.05,3.15,2.16,4.25,3.2,2.19,3.8,3.09,2.08,,,,,,
Ireland,Premier Division,2022,18/04/2022,17:00,UC Dublin,St. Patricks,1,2,A,9.37,5.34,1.35,11.5,5.5,1.47,9.43,5.05,1.32,,,,,,
Ireland,Premier Division,2022,18/04/2022,18:00,Finn Harps,Sligo Rovers,0,1,A,2.82,3.01,2.93,3.15,3.04,2.93,2.72,2.94,2.77,,,,,,
Ireland,Premier Division,2022,18/04/2022,19:00,Shamrock Rovers,Dundalk,1,0,H,1.41,4.83,8.6,1.53,4.83,9.19,1.44,4.29,7.19,,,,,,
Ireland,Premier Division,2022,18/04/2022,19:45,Drogheda,Derry City,1,1,D,6.22,3.97,1.62,6.3,4,1.64,5.77,3.81,1.59,,,,,,
Ireland,Premier Division,2022,22/04/2022,19:45,Bohemians,Shamrock Rovers,1,3,A,4.84,3.57,1.84,5.01,3.66,2.05,4.51,3.41,1.81,,,,,,
Ireland,Premier Division,2022,22/04/2022,19:45,Derry City,UC Dublin,7,1,H,1.15,8.78,19.1,1.21,8.94,23,1.15,7.56,16.7,,,,,,
Ireland,Premier Division,2022,22/04/2022,19:45,Dundalk,Shelbourne,2,1,H,1.97,3.22,4.75,1.97,3.4,4.8,1.89,3.21,4.39,,,,,,
Ireland,Premier Division,2022,22/04/2022,19:45,St. Patricks,Finn Harps,2,0,H,1.75,3.73,5.29,1.76,3.9,5.5,1.69,3.61,4.99,,,,,,
Ireland,Premier Division,2022,23/04/2022,19:45,Sligo Rovers,Drogheda,3,2,H,1.73,3.56,5.81,1.73,3.72,5.98,1.66,3.54,5.48,,,,,,
Ireland,Premier Division,2022,29/04/2022,19:45,Bohemians,UC Dublin,3,0,H,1.26,6.61,11.06,1.26,6.8,15,1.22,6.29,11.38,,,,,,
Ireland,Premier Division,2022,29/04/2022,19:45,Dundalk,Drogheda,4,1,H,1.62,4.09,5.86,1.64,4.12,6,1.59,3.91,5.46,,,,,,
Ireland,Premier Division,2022,29/04/2022,19:45,Sligo Rovers,Shamrock Rovers,1,1,D,5.84,3.8,1.68,5.84,3.8,1.79,5.23,3.57,1.68,,,,,,
Ireland,Premier Division,2022,29/04/2022,19:45,St. Patricks,Derry City,0,4,A,3.06,3.24,2.55,3.1,3.25,2.57,2.97,3.09,2.46,,,,,,
Ireland,Premier Division,2022,29/04/2022,20:00,Finn Harps,Shelbourne,1,0,H,2.56,2.95,3.35,2.58,3.05,3.35,2.49,2.91,3.12,,,,,,
Ireland,Premier Division,2022,06/05/2022,19:45,Derry City,Bohemians,1,1,D,1.63,4.32,5.43,1.67,4.32,5.5,1.63,3.97,4.97,,,,,,
Ireland,Premier Division,2022,06/05/2022,19:45,Drogheda,St. Patricks,0,4,A,5.33,3.92,1.7,5.35,3.92,1.84,4.83,3.59,1.72,,,,,,
Ireland,Premier Division,2022,06/05/2022,19:45,Shelbourne,Sligo Rovers,2,1,H,2.92,2.91,2.93,2.99,2.98,2.93,2.8,2.84,2.8,,,,,,
Ireland,Premier Division,2022,06/05/2022,19:45,UC Dublin,Dundalk,2,2,D,7.04,4.78,1.47,7.5,4.85,1.47,6.68,4.59,1.43,,,,,,
Ireland,Premier Division,2022,06/05/2022,20:00,Shamrock Rovers,Finn Harps,3,1,H,1.23,6.07,16.1,1.23,6.5,18,1.2,5.93,15.43,,,,,,
Ireland,Premier Division,2022,09/05/2022,19:45,Derry City,St. Patricks,0,0,D,1.72,3.86,5.22,1.75,4.15,5.22,1.7,3.7,4.74,,,,,,
Ireland,Premier Division,2022,09/05/2022,20:00,Shamrock Rovers,Sligo Rovers,3,1,H,1.42,4.55,9.18,1.42,4.75,9.18,1.38,4.48,8.3,,,,,,
Ireland,Premier Division,2022,13/05/2022,19:45,Dundalk,Bohemians,3,1,H,2.59,3.49,2.82,2.6,3.58,2.91,2.43,3.39,2.76,,,,,,
Ireland,Premier Division,2022,13/05/2022,19:45,Shamrock Rovers,Derry City,1,0,H,2,3.36,4.34,2.12,3.45,4.34,1.98,3.26,3.93,,,,,,
Ireland,Premier Division,2022,13/05/2022,19:45,Shelbourne,Drogheda,1,0,H,1.82,3.49,5.15,1.84,3.5,5.5,1.77,3.33,4.96,,,,,,
Ireland,Premier Division,2022,13/05/2022,20:00,Finn Harps,UC Dublin,0,1,A,1.77,3.91,4.8,1.8,3.92,4.8,1.73,3.74,4.52,,,,,,
Ireland,Premier Division,2022,14/05/2022,19:45,Sligo Rovers,St. Patricks,1,1,D,2.64,3.11,3.06,2.96,3.24,3.06,2.67,3.06,2.75,,,,,,
Ireland,Premier Division,2022,19/05/2022,19:45,UC Dublin,Shamrock Rovers,0,3,A,18.39,8.29,1.16,19,8.5,1.17,17.04,7.4,1.15,,,,,,
Ireland,Premier Division,2022,20/05/2022,19:45,Bohemians,Sligo Rovers,2,1,H,1.94,3.56,4.28,2.01,3.78,4.28,1.94,3.46,3.79,,,,,,
Ireland,Premier Division,2022,20/05/2022,19:45,Derry City,Dundalk,1,2,A,1.58,4.42,5.8,1.58,4.42,6,1.55,4.09,5.59,,,,,,
Ireland,Premier Division,2022,20/05/2022,19:45,Drogheda,Finn Harps,3,1,H,3.2,3.16,2.51,3.2,3.16,2.7,2.93,3.02,2.53,,,,,,
Ireland,Premier Division,2022,20/05/2022,19:45,St. Patricks,Shelbourne,1,2,A,1.95,3.18,4.94,2,3.35,4.94,1.92,3.1,4.48,,,,,,
Ireland,Premier Division,2022,23/05/2022,19:45,Drogheda,Shamrock Rovers,1,0,H,14.16,6.21,1.24,15,6.21,1.25,12.69,5.67,1.23,,,,,,
Ireland,Premier Division,2022,23/05/2022,19:45,Shelbourne,UC Dublin,2,0,H,1.52,3.93,8.48,1.52,4.5,8.9,1.45,3.94,8.13,,,,,,
Ireland,Premier Division,2022,23/05/2022,19:45,Sligo Rovers,Derry City,2,1,H,4.85,3.54,1.85,4.85,3.65,1.87,4.55,3.43,1.79,,,,,,
Ireland,Premier Division,2022,23/05/2022,19:45,St. Patricks,Bohemians,3,0,H,2.95,3.35,2.57,2.95,3.45,2.65,2.8,3.23,2.48,,,,,,
Ireland,Premier Division,2022,23/05/2022,20:00,Finn Harps,Dundalk,0,1,A,4.16,3.41,2.02,4.2,3.5,2.04,3.88,3.32,1.95,,,,,,
Ireland,Premier Division,2022,27/05/2022,19:45,Bohemians,Drogheda,1,1,D,1.49,4.75,6.65,1.49,4.84,7.4,1.43,4.49,6.52,,,,,,
Ireland,Premier Division,2022,27/05/2022,19:45,Derry City,Finn Harps,2,2,D,1.42,4.85,8.29,1.47,5.55,10.5,1.4,4.57,7.41,,,,,,
Ireland,Premier Division,2022,27/05/2022,19:45,Dundalk,St. Patricks,1,0,H,1.99,3.62,4.01,2,3.62,4.01,1.96,3.41,3.73,,,,,,
Ireland,Premier Division,2022,27/05/2022,19:45,UC Dublin,Sligo Rovers,1,1,D,5.62,3.95,1.67,5.62,4,1.67,5.2,3.75,1.63,,,,,,
Ireland,Premier Division,2022,27/05/2022,20:00,Shamrock Rovers,Shelbourne,2,0,H,1.56,3.75,8.18,1.6,4.35,8.9,1.54,3.67,6.84,,,,,,
Ireland,Premier Division,2022,17/06/2022,19:45,Bohemians,Shelbourne,1,0,H,2.11,3.25,4.06,2.2,3.3,4.06,2.07,3.14,3.7,,,,,,
Ireland,Premier Division,2022,17/06/2022,19:45,Derry City,Drogheda,1,1,D,1.21,6.89,14.7,1.23,7.25,17,1.19,6.64,12.94,,,,,,
Ireland,Premier Division,2022,17/06/2022,19:45,Dundalk,Shamrock Rovers,1,0,H,4.01,3.27,2.11,4.01,3.42,2.13,3.66,3.22,2.06,,,,,,
Ireland,Premier Division,2022,17/06/2022,19:45,St. Patricks,UC Dublin,2,1,H,1.32,5.69,10.34,1.32,5.69,11,1.29,5.25,9.72,,,,,,
Ireland,Premier Division,2022,18/06/2022,19:45,Sligo Rovers,Finn Harps,3,0,H,2.05,3.34,4.08,2.06,3.5,4.1,2.01,3.27,3.75,,,,,,
Ireland,Premier Division,2022,24/06/2022,19:45,Drogheda,Sligo Rovers,0,0,D,3.8,3.52,2.08,3.8,3.55,2.12,3.57,3.39,2.02,,,,,,
Ireland,Premier Division,2022,24/06/2022,19:45,Shamrock Rovers,Bohemians,1,0,H,1.6,4.21,5.93,1.62,4.21,6,1.58,3.92,5.53,,,,,,
Ireland,Premier Division,2022,24/06/2022,19:45,Shelbourne,Dundalk,0,0,D,3.21,3.12,2.52,3.36,3.17,2.52,3.19,3,2.36,,,,,,
Ireland,Premier Division,2022,24/06/2022,19:45,UC Dublin,Derry City,0,1,A,9.63,5.15,1.36,10,5.3,1.37,8.66,4.95,1.33,,,,,,
Ireland,Premier Division,2022,24/06/2022,20:00,Finn Harps,St. Patricks,2,2,D,4.01,3.43,2,4.01,3.6,2.15,3.51,3.33,2.06,,,,,,
Ireland,Premier Division,2022,27/06/2022,19:45,St. Patricks,Shamrock Rovers,1,2,A,4.13,3.22,2.1,4.13,3.42,2.11,3.79,3.16,2.04,,,,,,
Ireland,Premier Division,2022,01/07/2022,19:45,Bohemians,Derry City,2,3,A,2.69,3.34,2.81,2.75,3.45,2.81,2.58,3.28,2.63,,,,,,
Ireland,Premier Division,2022,01/07/2022,19:45,Dundalk,UC Dublin,3,0,H,1.26,6.41,11.8,1.28,6.41,12,1.25,5.76,10.65,,,,,,
Ireland,Premier Division,2022,01/07/2022,19:45,St. Patricks,Drogheda,3,0,H,1.47,4.45,7.85,1.48,4.52,7.85,1.44,4.3,6.82,,,,,,
Ireland,Premier Division,2022,01/07/2022,20:00,Finn Harps,Shamrock Rovers,0,1,A,6.86,4.14,1.53,7,4.2,1.57,6.2,4.01,1.51,,,,,,
Ireland,Premier Division,2022,02/07/2022,19:45,Sligo Rovers,Shelbourne,3,1,H,2.39,2.98,3.64,2.4,3.1,3.64,2.3,2.89,3.44,,,,,,
Ireland,Premier Division,2022,07/07/2022,19:45,UC Dublin,Bohemians,1,3,A,8.03,4.88,1.41,8.5,5.1,1.42,7.48,4.64,1.38,,,,,,
Ireland,Premier Division,2022,08/07/2022,19:45,Drogheda,Dundalk,1,0,H,6.83,4.27,1.54,7,4.27,1.55,6.37,3.96,1.51,,,,,,
Ireland,Premier Division,2022,08/07/2022,19:45,Shelbourne,Finn Harps,3,1,H,1.93,3.36,4.66,1.98,3.42,4.66,1.91,3.26,4.19,,,,,,
Ireland,Premier Division,2022,15/07/2022,19:45,Drogheda,Bohemians,0,1,A,4.96,4,1.72,4.96,4.1,1.77,4.56,3.74,1.71,,,,,,
Ireland,Premier Division,2022,15/07/2022,19:45,St. Patricks,Dundalk,1,1,D,2.5,3.18,3.2,2.55,3.4,3.2,2.47,3.06,2.93,,,,,,
Ireland,Premier Division,2022,17/07/2022,18:00,Finn Harps,Derry City,1,2,A,5.85,4.24,1.6,5.87,4.24,1.63,5.43,3.86,1.59,,,,,,
Ireland,Premier Division,2022,17/07/2022,18:00,Sligo Rovers,UC Dublin,0,2,A,1.45,4.56,8,1.5,5,9.7,1.42,4.29,7.61,,,,,,
Ireland,Premier Division,2022,22/07/2022,19:45,Dundalk,Finn Harps,3,0,H,1.47,4.51,7.69,1.47,4.95,9,1.39,4.56,7.71,,,,,,
Ireland,Premier Division,2022,22/07/2022,19:45,UC Dublin,Shelbourne,0,2,A,5.47,3.45,1.79,5.47,3.5,1.83,4.83,3.34,1.78,,,,,,
Ireland,Premier Division,2022,23/07/2022,14:00,Shamrock Rovers,Drogheda,1,1,D,1.23,7.06,12.46,1.23,7.06,15,1.2,6.26,12.58,,,,,,
Ireland,Premier Division,2022,01/08/2022,17:00,Drogheda,UC Dublin,1,1,D,1.71,3.97,5.13,1.75,3.97,5.13,1.71,3.69,4.63,,,,,,
Ireland,Premier Division,2022,05/08/2022,19:45,Dundalk,Derry City,1,1,D,2.35,3.28,3.36,2.45,3.3,3.36,2.33,3.19,3.04,,,,,,
Ireland,Premier Division,2022,05/08/2022,20:00,Finn Harps,Drogheda,3,0,H,2.25,3.44,3.43,2.35,3.6,3.43,2.22,3.36,3.09,,,,,,
Ireland,Premier Division,2022,07/08/2022,16:45,Sligo Rovers,Bohemians,2,1,H,3.11,3.46,2.4,3.15,3.6,2.4,2.96,3.31,2.3,,,,,,
Ireland,Premier Division,2022,12/08/2022,19:45,Bohemians,Dundalk,0,1,A,2.79,3.33,2.71,2.83,3.38,2.8,2.71,3.18,2.57,,,,,,
Ireland,Premier Division,2022,12/08/2022,19:45,Derry City,Shamrock Rovers,0,0,D,2.33,3.27,3.43,2.5,3.3,3.43,2.3,3.15,3.12,,,,,,
Ireland,Premier Division,2022,12/08/2022,19:45,Drogheda,Shelbourne,3,1,H,3.7,3.33,2.19,3.75,3.45,2.19,3.55,3.24,2.08,,,,,,
Ireland,Premier Division,2022,12/08/2022,19:45,UC Dublin,Finn Harps,2,1,H,3.46,3.46,2.22,3.5,3.46,2.3,3.28,3.24,2.18,,,,,,
Ireland,Premier Division,2022,14/08/2022,17:00,St. Patricks,Sligo Rovers,1,0,H,1.68,4.01,5.41,1.68,4.05,5.5,1.64,3.77,5.09,,,,,,
Ireland,Premier Division,2022,19/08/2022,19:45,Drogheda,Derry City,1,1,D,5.55,3.89,1.68,5.8,4.1,1.68,5.25,3.89,1.61,,,,,,
Ireland,Premier Division,2022,19/08/2022,19:45,Shelbourne,Bohemians,1,1,D,2.8,3.11,2.87,2.8,3.16,2.87,2.65,3.02,2.75,,,,,,
Ireland,Premier Division,2022,19/08/2022,19:45,UC Dublin,St. Patricks,1,2,A,6.02,4.21,1.59,6.02,4.21,1.6,5.58,4,1.56,,,,,,
Ireland,Premier Division,2022,19/08/2022,20:00,Finn Harps,Sligo Rovers,3,2,H,3.31,3.39,2.32,3.31,3.39,2.38,3.07,3.21,2.3,,,,,,
Ireland,Premier Division,2022,21/08/2022,19:00,Shamrock Rovers,Dundalk,3,0,H,1.94,3.54,4.33,1.97,3.54,4.35,1.91,3.32,4.06,,,,,,
Ireland,Premier Division,2022,29/08/2022,19:45,Bohemians,St. Patricks,1,3,A,3,3.41,2.5,3,3.41,2.6,2.85,3.23,2.44,,,,,,
Ireland,Premier Division,2022,29/08/2022,19:45,Shelbourne,Derry City,0,1,A,4.61,3.26,1.98,4.71,3.4,2.02,4.29,3.16,1.92,,,,,,
Ireland,Premier Division,2022,29/08/2022,19:45,Sligo Rovers,Dundalk,2,0,H,2.86,3.18,2.76,2.95,3.4,2.76,2.72,3.06,2.64,,,,,,
Ireland,Premier Division,2022,02/09/2022,19:45,Bohemians,Shamrock Rovers,1,0,H,4.3,3.64,1.92,4.5,3.64,1.96,4.16,3.48,1.84,,,,,,
Ireland,Premier Division,2022,02/09/2022,19:45,Derry City,UC Dublin,3,0,H,1.18,7.98,15.29,1.18,7.98,17,1.16,7.08,14.31,,,,,,
Ireland,Premier Division,2022,02/09/2022,19:45,Dundalk,Shelbourne,0,0,D,1.83,3.54,4.97,1.85,3.54,4.97,1.81,3.38,4.53,,,,,,
Ireland,Premier Division,2022,02/09/2022,19:45,St. Patricks,Finn Harps,2,1,H,1.35,5.55,9.05,1.39,5.55,9.05,1.36,4.94,7.59,,,,,,
Ireland,Premier Division,2022,03/09/2022,19:45,Sligo Rovers,Drogheda,2,0,H,1.67,4.08,5.4,1.8,4.08,5.4,1.71,3.71,4.69,,,,,,
Ireland,Premier Division,2022,09/09/2022,19:45,Derry City,Bohemians,1,0,H,1.6,4.24,5.83,1.72,4.25,6,1.56,4.02,5.46,,,,,,
Ireland,Premier Division,2022,09/09/2022,19:45,Drogheda,St. Patricks,0,2,A,5.13,4.37,1.65,5.25,4.37,1.84,4.8,4.01,1.64,,,,,,
Ireland,Premier Division,2022,09/09/2022,19:45,Shelbourne,Sligo Rovers,0,2,A,2.97,3.09,2.73,2.97,3.15,2.88,2.7,3.01,2.71,,,,,,
Ireland,Premier Division,2022,09/09/2022,19:45,UC Dublin,Dundalk,3,2,H,6.18,4.4,1.56,6.56,4.5,1.57,5.72,4.08,1.53,,,,,,
Ireland,Premier Division,2022,11/09/2022,19:00,Shamrock Rovers,Finn Harps,5,1,H,1.26,6.13,12.51,1.29,6.5,15,1.24,5.8,11.38,,,,,,
Ireland,Premier Division,2022,13/09/2022,19:45,Derry City,Sligo Rovers,1,0,H,1.5,4.35,7.45,1.53,4.35,7.45,1.49,4.11,6.29,,,,,,
Ireland,Premier Division,2022,22/09/2022,19:45,Shelbourne,Shamrock Rovers,0,0,D,5.25,3.44,1.82,5.25,3.44,1.86,4.67,3.28,1.81,,,,,,
Ireland,Premier Division,2022,24/09/2022,16:00,Finn Harps,Bohemians,0,2,A,2.68,3.4,2.77,2.7,3.4,2.77,2.59,3.28,2.62,,,,,,
Ireland,Premier Division,2022,26/09/2022,20:00,Shamrock Rovers,UC Dublin,1,0,H,1.17,8,18.15,1.23,8,18.15,1.2,6.36,13.14,,,,,,
Ireland,Premier Division,2022,30/09/2022,19:45,Bohemians,UC Dublin,1,0,H,1.66,4.22,5.2,1.66,4.22,5.4,1.62,3.93,4.98,,,,,,
Ireland,Premier Division,2022,30/09/2022,19:45,Dundalk,Drogheda,2,0,H,1.62,4.23,5.62,1.65,4.23,5.62,1.61,3.92,5.05,,,,,,
Ireland,Premier Division,2022,30/09/2022,19:45,St. Patricks,Derry City,0,1,A,3.1,3.24,2.53,3.1,3.25,2.53,2.93,3.11,2.43,,,,,,
Ireland,Premier Division,2022,30/09/2022,20:00,Finn Harps,Shelbourne,1,1,D,2.52,3.19,3.15,2.55,3.19,3.15,2.42,3.07,2.99,,,,,,
Ireland,Premier Division,2022,01/10/2022,19:45,Sligo Rovers,Shamrock Rovers,1,3,A,4.63,3.54,1.85,4.8,3.54,1.88,4.37,3.36,1.83,,,,,,
Ireland,Premier Division,2022,03/10/2022,19:45,Shelbourne,St. Patricks,4,4,D,3.37,3.06,2.48,3.5,3.13,2.48,3.25,2.97,2.33,,,,,,
Ireland,Premier Division,2022,07/10/2022,19:45,Bohemians,Drogheda,0,1,A,1.66,4.15,5.14,1.74,4.15,5.14,1.67,3.88,4.68,,,,,,
Ireland,Premier Division,2022,07/10/2022,19:45,Derry City,Finn Harps,3,0,H,1.23,6.49,13.42,1.26,6.49,13.42,1.24,5.76,11.5,,,,,,
Ireland,Premier Division,2022,07/10/2022,19:45,Dundalk,St. Patricks,1,2,A,2.65,3.32,2.82,2.66,3.65,2.9,2.53,3.25,2.71,,,,,,
Ireland,Premier Division,2022,07/10/2022,19:45,UC Dublin,Sligo Rovers,0,2,A,4.12,3.51,1.97,4.12,3.52,2.02,3.79,3.39,1.95,,,,,,
Ireland,Premier Division,2022,09/10/2022,17:00,Shamrock Rovers,Shelbourne,3,2,H,1.53,4.03,7.38,1.53,4.03,8,1.49,3.86,6.98,,,,,,
Ireland,Premier Division,2022,14/10/2022,19:45,St. Patricks,Bohemians,3,1,H,1.47,4.45,7.52,1.5,4.5,7.52,1.47,4.22,6.5,,,,,,
Ireland,Premier Division,2022,14/10/2022,20:00,Finn Harps,Dundalk,1,2,A,3.49,3.46,2.18,4,3.7,2.3,3.27,3.31,2.15,,,,,,
Ireland,Premier Division,2022,16/10/2022,17:00,Drogheda,Shamrock Rovers,1,1,D,8.21,4.82,1.41,9,4.85,1.41,7.71,4.57,1.38,,,,,,
Ireland,Premier Division,2022,21/10/2022,19:45,Bohemians,Finn Harps,2,2,D,2.1,3.5,3.69,2.13,3.51,3.81,2.05,3.4,3.44,,,,,,
Ireland,Premier Division,2022,21/10/2022,19:45,Derry City,Shelbourne,1,1,D,1.39,4.55,10,1.4,4.6,10,1.37,4.36,8.83,,,,,,
Ireland,Premier Division,2022,21/10/2022,19:45,Dundalk,Sligo Rovers,3,3,D,1.95,3.52,4.2,1.99,3.52,4.2,1.93,3.37,3.9,,,,,,
Ireland,Premier Division,2022,21/10/2022,19:45,Shamrock Rovers,St. Patricks,4,1,H,1.97,3.52,4.12,1.98,3.64,4.2,1.92,3.43,3.88,,,,,,
Ireland,Premier Division,2022,21/10/2022,19:45,UC Dublin,Drogheda,2,1,H,3.07,3.8,2.25,3.13,3.8,2.52,2.98,3.46,2.23,,,,,,
Ireland,Premier Division,2022,24/10/2022,19:45,Shelbourne,UC Dublin,1,1,D,1.43,4.4,9.02,1.44,4.5,9.02,1.41,4.24,8.1,,,,,,
Ireland,Premier Division,2022,24/10/2022,19:45,Sligo Rovers,Derry City,0,0,D,6.19,4,1.6,6.5,4,1.65,5.48,3.76,1.61,,,,,,
Ireland,Premier Division,2022,28/10/2022,19:45,Dundalk,Bohemians,2,1,H,1.72,3.97,4.89,1.75,4,4.89,1.71,3.78,4.53,,,,,,
Ireland,Premier Division,2022,28/10/2022,19:45,Shelbourne,Drogheda,6,0,H,1.56,4.18,6.43,1.64,4.2,6.43,1.58,3.86,5.57,,,,,,
Ireland,Premier Division,2022,28/10/2022,19:45,Sligo Rovers,St. Patricks,1,0,H,4.59,3.75,1.81,4.59,3.75,1.91,4.19,3.54,1.82,,,,,,
Ireland,Premier Division,2022,28/10/2022,20:00,Finn Harps,UC Dublin,1,3,A,1.94,3.57,4.15,1.95,3.57,4.3,1.9,3.43,3.92,,,,,,
Ireland,Premier Division,2022,30/10/2022,19:00,Shamrock Rovers,Derry City,1,0,H,2.99,3.26,2.56,2.99,3.26,3.4,2.79,3.1,2.58,,,,,,
Ireland,Premier Division,2022,06/11/2022,19:00,Bohemians,Sligo Rovers,3,1,H,2.12,3.5,3.62,2.55,3.5,3.62,2.12,3.31,3.33,,,,,,
Ireland,Premier Division,2022,06/11/2022,19:00,Derry City,Dundalk,0,1,A,1.37,4.97,9.32,1.38,4.97,10,1.35,4.67,8.28,,,,,,
Ireland,Premier Division,2022,06/11/2022,19:00,Drogheda,Finn Harps,2,0,H,2.19,3.66,3.29,2.2,3.69,3.29,2.14,3.48,3.14,,,,,,
Ireland,Premier Division,2022,06/11/2022,19:00,St. Patricks,Shelbourne,4,0,H,2.34,3.24,3.36,2.34,3.47,3.61,2.24,3.24,3.15,,,,,,
Ireland,Premier Division,2022,06/11/2022,19:00,UC Dublin,Shamrock Rovers,0,2,A,16.32,7.06,1.19,17,7.06,1.22,13.85,6.4,1.19,,,,,,
Ireland,Premier Division,2022,11/11/2022,19:45,UC Dublin,Waterford,1,0,H,,,,4,3.8,2.2,3.6,3.49,1.93,,,,,,
Ireland,Premier Division,2023,17/02/2023,19:45,Cork City,Bohemians,1,2,A,2.98,3.34,2.52,2.99,3.4,2.7,2.82,3.19,2.49,,,,,,
Ireland,Premier Division,2023,17/02/2023,19:45,Dundalk,UC Dublin,1,1,D,1.27,5.8,12.95,1.28,6.3,15,1.24,5.63,11.44,,,,,,
Ireland,Premier Division,2023,17/02/2023,19:45,Shelbourne,Drogheda,0,0,D,1.62,4.01,5.86,1.71,4.05,6,1.6,3.76,5.6,,,,,,
Ireland,Premier Division,2023,17/02/2023,19:45,St. Patricks,Derry City,1,1,D,3.28,3.28,2.36,3.4,3.41,2.54,3.06,3.19,2.32,,,,,,
Ireland,Premier Division,2023,18/02/2023,19:45,Sligo Rovers,Shamrock Rovers,1,1,D,5.66,3.78,1.68,6,3.86,1.7,5.46,3.65,1.63,,,,,,
Ireland,Premier Division,2023,24/02/2023,19:45,Bohemians,Dundalk,2,1,H,2.35,3.25,3.33,2.4,3.29,3.4,2.3,3.14,3.13,,,,,,
Ireland,Premier Division,2023,24/02/2023,19:45,Derry City,Cork City,2,0,H,1.4,4.77,8.79,1.41,4.9,9.1,1.36,4.6,8.31,,,,,,
Ireland,Premier Division,2023,24/02/2023,19:45,Drogheda,Shamrock Rovers,1,1,D,7.11,4.83,1.45,8,4.9,1.48,7.04,4.51,1.42,,,,,,
Ireland,Premier Division,2023,24/02/2023,19:45,St. Patricks,Shelbourne,1,0,H,2.06,3.3,4.08,2.07,3.4,4.5,2.01,3.17,3.89,,,,,,
Ireland,Premier Division,2023,24/02/2023,19:45,UC Dublin,Sligo Rovers,2,3,A,6.09,4.01,1.6,6.4,4.01,1.9,5.55,3.72,1.61,,,,,,
Ireland,Premier Division,2023,03/03/2023,19:45,Cork City,UC Dublin,4,0,H,1.58,4.17,6.06,1.62,4.17,6.2,1.56,3.88,5.63,,,,,,
Ireland,Premier Division,2023,03/03/2023,19:45,Drogheda,Sligo Rovers,1,0,H,3.27,3.41,2.3,3.35,3.47,2.31,3.13,3.28,2.23,,,,,,
Ireland,Premier Division,2023,03/03/2023,19:45,Dundalk,St. Patricks,5,0,H,2.91,3.18,2.68,2.93,3.23,2.71,2.78,3.1,2.56,,,,,,
Ireland,Premier Division,2023,03/03/2023,19:45,Shelbourne,Bohemians,1,0,H,2.58,3.03,3.16,2.6,3.25,3.18,2.45,2.98,3.04,,,,,,
Ireland,Premier Division,2023,03/03/2023,20:00,Shamrock Rovers,Derry City,1,2,A,2.65,3.16,2.96,2.68,3.23,3,2.52,3.07,2.85,,,,,,
Ireland,Premier Division,2023,06/03/2023,19:45,Bohemians,Drogheda,3,1,H,1.68,4.04,5.22,1.68,4.2,5.5,1.63,3.84,5.06,,,,,,
Ireland,Premier Division,2023,06/03/2023,19:45,Dundalk,Shelbourne,2,1,H,2.39,3.08,3.44,2.46,3.13,3.7,2.31,2.96,3.28,,,,,,
Ireland,Premier Division,2023,06/03/2023,19:45,Sligo Rovers,St. Patricks,2,1,H,2.77,3.32,2.7,2.84,3.37,2.74,2.71,3.16,2.57,,,,,,
Ireland,Premier Division,2023,06/03/2023,19:45,UC Dublin,Derry City,0,4,A,9.51,5.14,1.35,13,5.5,1.35,8.86,4.96,1.32,,,,,,
Ireland,Premier Division,2023,06/03/2023,20:00,Shamrock Rovers,Cork City,4,4,D,1.45,4.62,7.48,1.47,5,9.5,1.42,4.38,7.08,,,,,,
Ireland,Premier Division,2023,10/03/2023,19:45,Derry City,Dundalk,0,0,D,1.69,3.72,5.6,1.75,3.75,5.6,1.67,3.55,5.17,,,,,,
Ireland,Premier Division,2023,10/03/2023,19:45,Shelbourne,Shamrock Rovers,0,0,D,4.24,3.18,2.07,4.4,3.28,2.07,4.08,3.1,1.97,,,,,,
Ireland,Premier Division,2023,10/03/2023,19:45,St. Patricks,Bohemians,0,2,A,2.43,3.25,3.19,2.44,3.35,3.23,2.34,3.13,3.06,,,,,,
Ireland,Premier Division,2023,10/03/2023,19:45,UC Dublin,Drogheda,0,1,A,4.35,3.66,1.88,4.4,3.78,1.89,4.08,3.55,1.83,,,,,,
Ireland,Premier Division,2023,11/03/2023,19:45,Sligo Rovers,Cork City,2,2,D,2.32,3.31,3.34,2.32,3.45,3.81,2.21,3.17,3.27,,,,,,
Ireland,Premier Division,2023,16/03/2023,19:45,Drogheda,Dundalk,0,1,A,3.12,3.42,2.38,3.2,3.5,2.46,2.99,3.23,2.32,,,,,,
Ireland,Premier Division,2023,17/03/2023,17:00,Cork City,Shelbourne,0,2,A,2.98,3.1,2.67,3.12,3.12,2.8,2.88,2.97,2.57,,,,,,
Ireland,Premier Division,2023,17/03/2023,17:00,Shamrock Rovers,St. Patricks,2,2,D,1.64,3.99,5.68,1.71,4.1,5.9,1.61,3.75,5.35,,,,,,
Ireland,Premier Division,2023,17/03/2023,19:45,Bohemians,UC Dublin,2,1,H,1.25,5.99,12.82,1.27,6.3,14,1.24,5.59,11.38,,,,,,
Ireland,Premier Division,2023,17/03/2023,19:45,Derry City,Sligo Rovers,1,1,D,1.58,4.04,6.42,1.59,4.2,7.1,1.54,3.83,6.16,,,,,,
Ireland,Premier Division,2023,31/03/2023,19:45,Cork City,Drogheda,1,1,D,2.23,3.52,3.34,2.27,3.55,3.45,2.17,3.29,3.26,,,,,,
Ireland,Premier Division,2023,31/03/2023,19:45,Dundalk,Shamrock Rovers,0,4,A,4.74,3.95,1.75,5.25,3.97,2.05,4.63,3.64,1.72,,,,,,
Ireland,Premier Division,2023,31/03/2023,19:45,Shelbourne,Derry City,0,1,A,3.74,3.06,2.28,4.2,3.15,2.33,3.57,2.92,2.22,,,,,,
Ireland,Premier Division,2023,31/03/2023,19:45,St. Patricks,UC Dublin,3,0,H,1.31,5.72,10.07,1.33,5.8,11,1.3,5.17,9.14,,,,,,
Ireland,Premier Division,2023,01/04/2023,19:45,Sligo Rovers,Bohemians,0,1,A,2.99,3.18,2.61,3.09,3.23,2.64,2.9,3.08,2.46,,,,,,
Ireland,Premier Division,2023,07/04/2023,19:45,Bohemians,Shamrock Rovers,0,2,A,4.13,3.54,1.96,4.2,3.54,2.09,3.73,3.29,2,,,,,,
Ireland,Premier Division,2023,07/04/2023,19:45,Derry City,Drogheda,0,1,A,1.35,5.23,9.62,1.38,5.3,10,1.34,4.76,8.8,,,,,,
Ireland,Premier Division,2023,07/04/2023,19:45,Dundalk,Sligo Rovers,1,2,A,2.39,3.34,3.17,2.49,3.39,3.22,2.34,3.16,3.03,,,,,,
Ireland,Premier Division,2023,07/04/2023,19:45,St. Patricks,Cork City,4,0,H,1.68,4,5.2,1.68,4.3,6,1.59,3.83,5.41,,,,,,
Ireland,Premier Division,2023,07/04/2023,19:45,UC Dublin,Shelbourne,0,0,D,7.94,4.05,1.5,8,4.25,1.54,7.25,3.87,1.48,,,,,,
Ireland,Premier Division,2023,10/04/2023,17:00,Cork City,Dundalk,1,0,H,2.3,3.22,3.48,2.5,3.35,3.5,2.26,3.1,3.21,,,,,,
Ireland,Premier Division,2023,10/04/2023,19:00,Derry City,Bohemians,0,1,A,1.64,3.86,6,1.72,3.93,6.2,1.63,3.61,5.48,,,,,,
Ireland,Premier Division,2023,10/04/2023,19:45,Drogheda,St. Patricks,1,3,A,3.46,3.59,2.15,3.46,3.81,2.18,3.22,3.42,2.11,,,,,,
Ireland,Premier Division,2023,10/04/2023,19:45,Shelbourne,Sligo Rovers,2,1,H,2.42,3.03,3.46,2.46,3.1,3.55,2.35,2.91,3.25,,,,,,
Ireland,Premier Division,2023,10/04/2023,20:00,Shamrock Rovers,UC Dublin,3,0,H,1.03,24.01,48.26,1.07,15,51,1.05,11.67,33.36,,,,,,
Ireland,Premier Division,2023,14/04/2023,19:45,Bohemians,St. Patricks,2,3,A,2.34,3.39,3.21,2.37,3.45,3.25,2.27,3.25,3.05,,,,,,
Ireland,Premier Division,2023,14/04/2023,19:45,Shamrock Rovers,Shelbourne,2,2,D,1.45,4.28,8.56,1.56,4.28,8.56,1.47,3.92,7.16,,,,,,
Ireland,Premier Division,2023,14/04/2023,19:45,UC Dublin,Cork City,1,0,H,5.19,4.02,1.68,5.3,4.02,1.72,4.92,3.7,1.67,,,,,,
Ireland,Premier Division,2023,15/04/2023,19:45,Sligo Rovers,Drogheda,1,1,D,1.85,3.63,4.53,1.85,3.84,4.8,1.77,3.53,4.41,,,,,,
Ireland,Premier Division,2023,16/04/2023,15:00,Dundalk,Derry City,2,2,D,4.33,3.38,1.97,4.5,3.4,2,4.11,3.24,1.92,,,,,,
Ireland,Premier Division,2023,21/04/2023,19:45,Cork City,Derry City,1,3,A,4.75,3.42,1.88,4.75,3.6,1.94,4.32,3.31,1.85,,,,,,
Ireland,Premier Division,2023,21/04/2023,19:45,Drogheda,Bohemians,0,2,A,3.05,3.21,2.54,3.6,3.4,2.54,2.97,3.12,2.4,,,,,,
Ireland,Premier Division,2023,21/04/2023,19:45,Shelbourne,Dundalk,1,1,D,2.19,3.11,3.9,2.26,3.21,4.2,2.08,3.02,3.82,,,,,,
Ireland,Premier Division,2023,21/04/2023,19:45,St. Patricks,Shamrock Rovers,0,2,A,3.85,3.7,1.98,3.93,3.76,2.01,3.72,3.47,1.93,,,,,,
Ireland,Premier Division,2023,22/04/2023,19:45,Sligo Rovers,UC Dublin,3,1,H,1.31,5.4,11.23,1.38,5.6,12,1.28,5.04,10.62,,,,,,
Ireland,Premier Division,2023,28/04/2023,19:45,Derry City,St. Patricks,2,0,H,1.83,3.66,4.62,1.87,3.7,4.75,1.79,3.49,4.37,,,,,,
Ireland,Premier Division,2023,28/04/2023,19:45,Dundalk,Drogheda,3,2,H,2.15,3.48,3.56,2.2,3.53,3.7,2.07,3.31,3.46,,,,,,
Ireland,Premier Division,2023,28/04/2023,19:45,Shelbourne,Cork City,2,1,H,2.17,3.05,4.07,2.23,3.3,4.33,2.11,2.98,3.81,,,,,,
Ireland,Premier Division,2023,28/04/2023,19:45,UC Dublin,Bohemians,1,1,D,8.64,4.55,1.42,8.83,4.65,1.43,7.7,4.41,1.39,,,,,,
Ireland,Premier Division,2023,28/04/2023,20:00,Shamrock Rovers,Sligo Rovers,2,1,H,1.46,4.5,7.71,1.49,4.6,7.71,1.43,4.32,7.03,,,,,,
Ireland,Premier Division,2023,01/05/2023,15:00,St. Patricks,Sligo Rovers,0,1,A,2.3,3.43,3.27,2.33,3.53,3.55,2.2,3.32,3.14,,,,,,
Ireland,Premier Division,2023,01/05/2023,17:00,Bohemians,Cork City,5,0,H,1.72,3.71,5.42,1.8,3.78,5.6,1.69,3.55,5.01,,,,,,
Ireland,Premier Division,2023,01/05/2023,17:00,Drogheda,Shelbourne,1,1,D,2.82,3.06,2.85,2.93,3.2,2.86,2.75,2.98,2.66,,,,,,
Ireland,Premier Division,2023,01/05/2023,17:00,UC Dublin,Dundalk,0,2,A,5.76,4.01,1.63,6,4.1,1.67,5.43,3.79,1.6,,,,,,
Ireland,Premier Division,2023,01/05/2023,19:15,Derry City,Shamrock Rovers,0,2,A,2.47,3.16,3.2,2.56,3.29,3.25,2.41,3.08,2.98,,,,,,
Ireland,Premier Division,2023,05/05/2023,19:45,Cork City,St. Patricks,2,3,A,3.08,3.5,2.36,3.38,3.52,2.41,3.04,3.3,2.27,,,,,,
Ireland,Premier Division,2023,05/05/2023,19:45,Drogheda,Derry City,0,1,A,4.18,3.4,2,4.33,3.55,2.07,3.94,3.27,1.96,,,,,,
Ireland,Premier Division,2023,05/05/2023,19:45,Shamrock Rovers,Bohemians,2,0,H,1.78,3.69,4.95,1.81,3.77,5.1,1.74,3.52,4.74,,,,,,
Ireland,Premier Division,2023,05/05/2023,19:45,Shelbourne,UC Dublin,1,0,H,1.33,5.04,11.15,1.36,5.1,13,1.31,4.68,10.54,,,,,,
Ireland,Premier Division,2023,06/05/2023,19:45,Sligo Rovers,Dundalk,0,1,A,1.81,3.63,4.81,1.89,3.72,4.9,1.77,3.48,4.5,,,,,,
Ireland,Premier Division,2023,12/05/2023,19:45,Bohemians,Derry City,0,1,A,3.23,3.08,2.51,3.28,3.2,2.54,3.05,3.01,2.44,,,,,,
Ireland,Premier Division,2023,12/05/2023,19:45,Dundalk,Cork City,2,1,H,1.87,3.66,4.4,1.9,3.74,4.45,1.84,3.45,4.2,,,,,,
Ireland,Premier Division,2023,12/05/2023,19:45,St. Patricks,Drogheda,3,0,H,1.93,3.9,3.84,1.97,3.97,4.05,1.88,3.66,3.74,,,,,,
Ireland,Premier Division,2023,12/05/2023,19:45,UC Dublin,Shamrock Rovers,0,3,A,15.82,7.09,1.19,18,7.6,1.22,15.8,6.57,1.17,,,,,,
Ireland,Premier Division,2023,13/05/2023,19:45,Sligo Rovers,Shelbourne,0,3,A,2.36,2.96,3.68,2.38,3.14,3.73,2.26,2.93,3.45,,,,,,
Ireland,Premier Division,2023,15/05/2023,19:45,Derry City,Dundalk,3,0,H,1.55,4.12,6.73,1.6,4.2,6.9,1.52,3.9,6.39,,,,,,
Ireland,Premier Division,2023,15/05/2023,20:00,Shamrock Rovers,St. Patricks,3,2,H,1.58,4.29,5.86,1.62,4.4,5.86,1.56,4.05,5.4,,,,,,
Ireland,Premier Division,2023,19/05/2023,19:45,Cork City,Sligo Rovers,1,0,H,3.37,3.61,2.17,3.5,3.61,2.24,3.3,3.34,2.12,,,,,,
Ireland,Premier Division,2023,19/05/2023,19:45,Derry City,UC Dublin,4,1,H,1.1,11.44,27.6,1.12,12,34,1.09,9.09,25.8,,,,,,
Ireland,Premier Division,2023,19/05/2023,19:45,Dundalk,Bohemians,2,2,D,2.96,3.24,2.58,3.01,3.3,2.63,2.82,3.1,2.52,,,,,,
Ireland,Premier Division,2023,19/05/2023,19:45,Shelbourne,St. Patricks,0,1,A,2.73,3.27,2.77,2.76,3.31,2.81,2.64,3.12,2.67,,,,,,
Ireland,Premier Division,2023,19/05/2023,20:00,Shamrock Rovers,Drogheda,1,2,A,1.29,5.89,10.73,1.35,6.3,12,1.28,5.37,9.92,,,,,,
Ireland,Premier Division,2023,26/05/2023,19:45,Bohemians,Shelbourne,0,0,D,2.3,3.04,3.71,2.36,3.13,3.75,2.23,2.97,3.47,,,,,,
Ireland,Premier Division,2023,26/05/2023,19:45,Cork City,Shamrock Rovers,1,0,H,7.3,4.67,1.46,7.3,4.67,1.56,6.19,4.25,1.48,,,,,,
Ireland,Premier Division,2023,26/05/2023,19:45,Drogheda,UC Dublin,3,1,H,1.41,4.97,7.74,1.43,5.1,9,1.37,4.73,7.51,,,,,,
Ireland,Premier Division,2023,26/05/2023,19:45,St. Patricks,Dundalk,2,1,H,1.71,3.95,5.01,1.75,3.95,5.1,1.69,3.7,4.73,,,,,,
Ireland,Premier Division,2023,27/05/2023,19:45,Sligo Rovers,Derry City,1,0,H,4.61,3.37,1.92,4.9,3.5,1.96,4.33,3.28,1.86,,,,,,
Ireland,Premier Division,2023,02/06/2023,19:45,Bohemians,Sligo Rovers,2,0,H,2.11,3.32,3.85,2.13,3.41,3.89,2.06,3.22,3.61,,,,,,
Ireland,Premier Division,2023,02/06/2023,19:45,Derry City,Shelbourne,0,0,D,1.52,3.84,8.27,1.6,3.96,8.3,1.51,3.68,7.28,,,,,,
Ireland,Premier Division,2023,02/06/2023,19:45,Drogheda,Cork City,0,1,A,2.22,3.43,3.43,2.25,3.47,3.47,2.16,3.3,3.25,,,,,,
Ireland,Premier Division,2023,02/06/2023,19:45,Shamrock Rovers,Dundalk,2,0,H,1.54,4.38,6.21,1.57,4.6,7.1,1.5,4.15,6.01,,,,,,
Ireland,Premier Division,2023,02/06/2023,19:45,UC Dublin,St. Patricks,1,3,A,14.03,6.12,1.24,15,6.8,1.38,12.6,5.82,1.23,,,,,,
Ireland,Premier Division,2023,05/06/2023,17:00,Cork City,Bohemians,2,1,H,3.24,3.25,2.4,3.33,3.3,2.4,3.14,3.1,2.31,,,,,,
Ireland,Premier Division,2023,05/06/2023,17:00,Dundalk,UC Dublin,4,1,H,1.24,6.27,12.45,1.27,6.6,13,1.23,5.82,11.43,,,,,,
Ireland,Premier Division,2023,05/06/2023,18:00,Sligo Rovers,Shamrock Rovers,0,3,A,4.15,3.68,1.92,4.85,3.82,1.92,4.01,3.53,1.85,,,,,,
Ireland,Premier Division,2023,05/06/2023,18:45,St. Patricks,Derry City,4,1,H,3.14,3.39,2.38,3.35,3.47,2.4,3.09,3.2,2.28,,,,,,
Ireland,Premier Division,2023,05/06/2023,19:45,Shelbourne,Drogheda,3,2,H,2.22,3.3,3.58,2.27,3.45,4.3,2.13,3.2,3.47,,,,,,
Ireland,Premier Division,2023,09/06/2023,19:45,Cork City,Dundalk,1,2,A,2.74,3.14,2.86,2.82,3.3,2.88,2.64,3.05,2.72,,,,,,
Ireland,Premier Division,2023,09/06/2023,19:45,Derry City,Bohemians,0,0,D,1.96,3.28,4.56,2.02,3.34,4.61,1.93,3.13,4.23,,,,,,
Ireland,Premier Division,2023,09/06/2023,19:45,Drogheda,St. Patricks,2,1,H,3.34,3.58,2.19,3.66,3.8,2.24,3.2,3.45,2.12,,,,,,
Ireland,Premier Division,2023,09/06/2023,19:45,Shelbourne,Sligo Rovers,1,1,D,2.4,3.17,3.33,2.41,3.4,4.1,2.29,3.1,3.2,,,,,,
Ireland,Premier Division,2023,09/06/2023,20:00,Shamrock Rovers,UC Dublin,4,0,H,1.06,16.88,33.19,1.14,19,41,1.05,12.98,30.1,,,,,,
Ireland,Premier Division,2023,23/06/2023,19:45,Bohemians,Shamrock Rovers,2,2,D,3.58,3.28,2.22,4.33,3.47,2.3,3.42,3.18,2.15,,,,,,
Ireland,Premier Division,2023,23/06/2023,19:45,Derry City,Cork City,2,0,H,1.51,4.22,7.21,1.53,4.7,8.1,1.49,3.98,6.66,,,,,,
Ireland,Premier Division,2023,23/06/2023,19:45,Drogheda,Dundalk,1,2,A,2.63,3.7,2.62,2.71,3.7,2.71,2.57,3.42,2.54,,,,,,
Ireland,Premier Division,2023,23/06/2023,19:45,St. Patricks,Shelbourne,1,0,H,1.89,3.37,4.77,2.06,3.45,4.77,1.9,3.23,4.23,,,,,,
Ireland,Premier Division,2023,23/06/2023,19:45,UC Dublin,Sligo Rovers,2,1,H,7.82,4.45,1.46,8.5,4.75,1.48,7.1,4.28,1.43,,,,,,
Ireland,Premier Division,2023,26/06/2023,19:45,Dundalk,St. Patricks,1,1,D,2.74,3.54,2.59,2.76,3.75,2.7,2.6,3.45,2.51,,,,,,
Ireland,Premier Division,2023,26/06/2023,20:00,Shamrock Rovers,Derry City,1,0,H,2.05,3.39,3.98,2.1,3.64,4.76,2.01,3.29,3.73,,,,,,
Ireland,Premier Division,2023,30/06/2023,19:45,Cork City,Drogheda,1,1,D,2.43,3.45,3.02,2.5,3.51,3.15,2.36,3.29,2.9,,,,,,
Ireland,Premier Division,2023,30/06/2023,19:45,Dundalk,Shamrock Rovers,2,0,H,3.44,3.53,2.18,3.78,3.74,2.2,3.48,3.44,2.03,,,,,,
Ireland,Premier Division,2023,30/06/2023,19:45,Shelbourne,Derry City,1,1,D,3.63,3.01,2.35,3.7,3.05,2.41,3.43,2.91,2.29,,,,,,
Ireland,Premier Division,2023,30/06/2023,19:45,Sligo Rovers,Bohemians,3,1,H,2.87,3.1,2.77,3.28,3.23,2.86,2.77,3.06,2.61,,,,,,
Ireland,Premier Division,2023,30/06/2023,19:45,St. Patricks,UC Dublin,7,0,H,1.13,9.6,19.78,1.15,10,21,1.12,8.29,17.97,,,,,,
Ireland,Premier Division,2023,07/07/2023,19:45,Bohemians,Dundalk,3,2,H,2.23,3.44,3.4,2.3,3.53,3.4,2.19,3.34,3.15,,,,,,
Ireland,Premier Division,2023,07/07/2023,19:45,Derry City,Sligo Rovers,2,1,H,1.71,3.64,5.62,1.75,3.72,5.9,1.69,3.51,5.11,,,,,,
Ireland,Premier Division,2023,07/07/2023,19:45,Drogheda,Shamrock Rovers,0,0,D,4.17,3.64,1.92,4.33,3.75,1.95,3.86,3.52,1.89,,,,,,
Ireland,Premier Division,2023,07/07/2023,19:45,St. Patricks,Cork City,1,1,D,1.43,4.77,7.66,1.5,4.9,8.5,1.41,4.55,7.11,,,,,,
Ireland,Premier Division,2023,07/07/2023,19:45,UC Dublin,Shelbourne,0,4,A,11.06,5.11,1.33,15,5.7,1.48,10.99,5.02,1.29,,,,,,
Ireland,Premier Division,2023,14/07/2023,19:45,Shelbourne,Bohemians,1,1,D,2.76,2.89,3.08,2.76,3.03,3.23,2.6,2.85,2.97,,,,,,
Ireland,Premier Division,2023,14/07/2023,19:45,UC Dublin,Drogheda,1,3,A,7.94,4.95,1.41,8.76,5.23,1.43,7.62,4.64,1.38,,,,,,
Ireland,Premier Division,2023,15/07/2023,19:45,Sligo Rovers,Cork City,3,0,H,2.06,3.41,3.93,2.07,3.5,4,2,3.3,3.7,,,,,,
Ireland,Premier Division,2023,28/07/2023,19:45,Bohemians,UC Dublin,2,0,H,1.13,9.39,19.46,1.15,12,29,1.11,8.72,19.11,,,,,,
Ireland,Premier Division,2023,28/07/2023,19:45,Cork City,Shelbourne,0,2,A,3.43,3.03,2.43,3.6,3.25,2.7,3.21,2.99,2.34,,,,,,
Ireland,Premier Division,2023,28/07/2023,19:45,Drogheda,Sligo Rovers,2,2,D,2.59,3.34,2.88,2.65,3.37,2.89,2.49,3.22,2.75,,,,,,
Ireland,Premier Division,2023,04/08/2023,19:45,Bohemians,Drogheda,4,2,H,1.63,4.07,5.62,1.73,4.2,5.62,1.61,3.88,5.15,,,,,,
Ireland,Premier Division,2023,04/08/2023,19:45,Sligo Rovers,St. Patricks,0,2,A,3.29,3.53,2.24,3.5,3.64,2.24,3.2,3.41,2.13,,,,,,
Ireland,Premier Division,2023,06/08/2023,17:00,Dundalk,Shelbourne,1,1,D,2.68,3.08,2.98,2.72,3.3,3.03,2.54,3.02,2.84,,,,,,
Ireland,Premier Division,2023,06/08/2023,18:00,Shamrock Rovers,Cork City,2,1,H,1.31,5.51,10.95,1.36,5.7,11,1.29,5.15,9.72,,,,,,
Ireland,Premier Division,2023,11/08/2023,19:45,Cork City,UC Dublin,1,1,D,1.24,6.27,13.46,1.33,6.5,13.5,1.26,5.46,10.67,,,,,,
Ireland,Premier Division,2023,11/08/2023,19:45,Dundalk,Sligo Rovers,1,0,H,1.78,3.86,4.66,1.8,3.89,4.97,1.73,3.62,4.51,,,,,,
Ireland,Premier Division,2023,11/08/2023,19:45,Shelbourne,Shamrock Rovers,1,1,D,3.81,3.12,2.22,3.81,3.24,2.27,3.45,3.05,2.17,,,,,,
Ireland,Premier Division,2023,11/08/2023,19:45,St. Patricks,Bohemians,0,0,D,2.67,3.46,2.71,2.69,3.75,2.8,2.49,3.4,2.64,,,,,,
Ireland,Premier Division,2023,13/08/2023,18:30,Derry City,Drogheda,3,0,H,1.5,4.53,6.74,1.53,4.7,6.9,1.47,4.16,6.29,,,,,,
Ireland,Premier Division,2023,25/08/2023,19:45,Bohemians,Derry City,2,2,D,2.94,3.22,2.62,3,3.25,2.64,2.85,3.09,2.51,,,,,,
Ireland,Premier Division,2023,25/08/2023,19:45,Drogheda,Cork City,3,1,H,2.07,3.48,3.79,2.08,3.65,3.94,2,3.44,3.55,,,,,,
Ireland,Premier Division,2023,25/08/2023,19:45,Shamrock Rovers,Dundalk,1,0,H,1.54,4.27,6.45,1.57,4.4,6.6,1.52,4.07,5.94,,,,,,
Ireland,Premier Division,2023,25/08/2023,19:45,UC Dublin,St. Patricks,0,1,A,11.17,7.01,1.23,17,8.1,1.23,12.23,6.79,1.19,,,,,,
Ireland,Premier Division,2023,26/08/2023,19:45,Sligo Rovers,Shelbourne,0,1,A,3.08,3.17,2.55,3.21,3.2,2.7,2.97,3.04,2.45,,,,,,
Ireland,Premier Division,2023,01/09/2023,19:45,Cork City,Sligo Rovers,3,0,H,2.65,3.11,2.99,2.68,3.24,3.04,2.54,3.07,2.84,,,,,,
Ireland,Premier Division,2023,01/09/2023,19:45,Drogheda,UC Dublin,3,0,H,1.32,5.75,9.31,1.38,5.8,10,1.33,5.09,8.3,,,,,,
Ireland,Premier Division,2023,01/09/2023,19:45,Dundalk,Derry City,1,3,A,3.46,3.39,2.22,3.5,3.45,2.25,3.3,3.21,2.19,,,,,,
Ireland,Premier Division,2023,01/09/2023,19:45,Shamrock Rovers,Bohemians,3,0,H,1.94,3.55,4.2,2.04,3.57,4.3,1.93,3.37,3.9,,,,,,
Ireland,Premier Division,2023,01/09/2023,19:45,Shelbourne,St. Patricks,2,1,H,2.51,3.08,3.23,2.51,3.24,3.32,2.38,3.05,3.08,,,,,,
Ireland,Premier Division,2023,06/09/2023,19:45,UC Dublin,Derry City,0,5,A,19.29,9.01,1.14,21,9.8,1.15,17.4,7.89,1.13,,,,,,
Ireland,Premier Division,2023,15/09/2023,19:45,Derry City,Shamrock Rovers,1,1,D,2.35,3.07,3.55,2.37,3.3,3.55,2.26,3.12,3.24,,,,,,
Ireland,Premier Division,2023,16/09/2023,19:45,Sligo Rovers,UC Dublin,2,0,H,1.23,6.57,12.77,1.27,7.4,15,1.21,6.11,12.58,,,,,,
Ireland,Premier Division,2023,22/09/2023,19:45,Drogheda,Bohemians,0,0,D,4.72,4.17,1.71,5,4.3,1.87,4.35,3.84,1.72,,,,,,
Ireland,Premier Division,2023,22/09/2023,19:45,Shelbourne,Cork City,2,1,H,1.69,3.78,5.52,1.73,3.84,5.75,1.66,3.6,5.33,,,,,,
Ireland,Premier Division,2023,22/09/2023,19:45,Sligo Rovers,Derry City,1,0,H,5.2,3.78,1.72,5.25,3.78,1.89,4.75,3.5,1.75,,,,,,
Ireland,Premier Division,2023,22/09/2023,19:45,St. Patricks,Dundalk,3,1,H,2,3.76,3.74,2.06,3.82,3.83,1.95,3.55,3.6,,,,,,
Ireland,Premier Division,2023,22/09/2023,19:45,UC Dublin,Shamrock Rovers,0,0,D,36.07,13.66,1.07,46,15,1.08,31.4,11.23,1.06,,,,,,
Ireland,Premier Division,2023,25/09/2023,19:45,Bohemians,Shelbourne,1,1,D,2.16,3.42,3.59,2.19,3.47,3.88,2.08,3.27,3.5,,,,,,
Ireland,Premier Division,2023,25/09/2023,19:45,Dundalk,Cork City,5,0,H,1.83,3.81,4.45,1.87,3.92,4.8,1.8,3.64,4.13,,,,,,
Ireland,Premier Division,2023,25/09/2023,19:45,St. Patricks,Drogheda,1,2,A,1.53,4.56,6.04,1.58,4.6,6.04,1.52,4.26,5.56,,,,,,
Ireland,Premier Division,2023,29/09/2023,19:45,Bohemians,Sligo Rovers,3,1,H,1.65,4,5.6,1.69,4.25,6,1.61,3.91,5.21,,,,,,
Ireland,Premier Division,2023,29/09/2023,19:45,Cork City,St. Patricks,0,1,A,3.55,3.68,2.08,3.86,3.75,2.12,3.42,3.5,2.03,,,,,,
Ireland,Premier Division,2023,29/09/2023,19:45,Derry City,UC Dublin,6,0,H,1.04,22.62,40.93,1.07,23,61,1.04,13.96,36.19,,,,,,
Ireland,Premier Division,2023,29/09/2023,19:45,Dundalk,Drogheda,3,1,H,1.57,4.41,5.7,1.72,4.5,5.7,1.56,4.2,5.17,,,,,,
Ireland,Premier Division,2023,29/09/2023,19:45,Shamrock Rovers,Shelbourne,1,0,H,1.7,3.75,5.45,1.75,3.78,5.5,1.68,3.56,5.08,,,,,,
Ireland,Premier Division,2023,06/10/2023,19:45,Drogheda,Derry City,0,0,D,8.51,5.27,1.37,9.5,5.27,1.63,7.75,4.81,1.36,,,,,,
Ireland,Premier Division,2023,06/10/2023,19:45,Shelbourne,Dundalk,1,0,H,2.25,3.36,3.42,2.33,3.36,3.45,2.21,3.24,3.22,,,,,,
Ireland,Premier Division,2023,12/10/2023,19:45,UC Dublin,Bohemians,1,2,A,20.78,9.33,1.13,21,9.8,1.15,18.01,8.12,1.12,,,,,,
Ireland,Premier Division,2023,20/10/2023,19:45,Bohemians,St. Patricks,0,2,A,1.83,3.79,4.15,1.9,3.97,4.58,1.82,3.69,4,,,,,,
Ireland,Premier Division,2023,20/10/2023,19:45,Derry City,Shelbourne,0,0,D,1.66,3.71,6.05,1.68,3.84,6.2,1.63,3.62,5.62,,,,,,
Ireland,Premier Division,2023,20/10/2023,19:45,Sligo Rovers,Dundalk,0,2,A,2.38,3.44,3.1,2.7,3.52,3.15,2.32,3.33,2.96,,,,,,
Ireland,Premier Division,2023,22/10/2023,15:00,UC Dublin,Cork City,0,2,A,5.85,4.2,1.59,6.5,4.5,1.59,5.89,4.09,1.53,,,,,,
Ireland,Premier Division,2023,22/10/2023,20:00,Shamrock Rovers,Drogheda,5,0,H,1.17,7.95,16.69,1.22,8.3,18,1.16,7.25,14.79,,,,,,
Ireland,Premier Division,2023,23/10/2023,19:30,St. Patricks,Sligo Rovers,1,0,H,1.59,4.29,5.74,1.6,4.49,6.91,1.54,4.04,5.83,,,,,,
Ireland,Premier Division,2023,27/10/2023,19:45,Cork City,Derry City,0,1,A,6.4,4.06,1.57,6.5,4.3,1.59,6.03,3.97,1.53,,,,,,
Ireland,Premier Division,2023,27/10/2023,19:45,Dundalk,Bohemians,2,0,H,3.29,3.91,2.11,3.3,3.91,2.36,3.06,3.58,2.16,,,,,,
Ireland,Premier Division,2023,27/10/2023,19:45,Shelbourne,UC Dublin,3,2,H,1.16,8.42,16.16,1.18,9.9,28,1.13,7.71,18.03,,,,,,
Ireland,Premier Division,2023,27/10/2023,20:00,St. Patricks,Shamrock Rovers,0,2,A,5,3.84,1.74,5.25,4,1.91,4.68,3.62,1.72,,,,,,
Ireland,Premier Division,2023,28/10/2023,18:00,Sligo Rovers,Drogheda,0,0,D,1.87,3.66,4.4,1.92,3.9,5.03,1.81,3.57,4.23,,,,,,
Ireland,Premier Division,2023,30/10/2023,16:45,Cork City,Shamrock Rovers,0,0,D,4.76,4.11,1.71,6.44,4.42,1.75,4.74,3.91,1.65,,,,,,
Ireland,Premier Division,2023,03/11/2023,19:45,Bohemians,Cork City,4,0,H,1.19,6.94,12.08,1.21,7.7,17,1.17,6.88,14.04,,,,,,
Ireland,Premier Division,2023,03/11/2023,19:45,Derry City,St. Patricks,3,0,H,1.43,4.78,7.73,1.45,4.78,8,1.42,4.42,7.15,,,,,,
Ireland,Premier Division,2023,03/11/2023,19:45,Drogheda,Shelbourne,2,4,A,5.43,3.93,1.67,5.5,4,1.79,4.99,3.74,1.66,,,,,,
Ireland,Premier Division,2023,03/11/2023,19:45,Shamrock Rovers,Sligo Rovers,4,2,H,1.25,6.24,11.65,1.32,6.25,13,1.24,5.67,10.91,,,,,,
Ireland,Premier Division,2023,03/11/2023,19:45,UC Dublin,Dundalk,1,5,A,11.09,6.87,1.24,13,6.87,1.24,11.64,6.47,1.2,,,,,,
Ireland,Premier Division,2023,10/11/2023,19:45,Waterford,Cork City,1,1,D,2.98,3.33,2.45,3.15,3.41,2.57,2.87,3.22,2.38,,,,,,
Ireland,Premier Division,2024,16/02/2024,19:45,Bohemians,Sligo Rovers,2,2,D,2.04,3.46,3.91,2.17,3.6,4,1.97,3.4,3.67,,,,,,
Ireland,Premier Division,2024,16/02/2024,19:45,Derry City,Drogheda,2,1,H,1.33,5.36,10.18,1.35,5.75,10.18,1.3,5.14,8.87,,,,,,
Ireland,Premier Division,2024,16/02/2024,19:45,Galway,St. Patricks,0,1,A,2.41,3.49,3.02,2.63,3.5,3.05,2.41,3.37,2.77,,,,,,
Ireland,Premier Division,2024,16/02/2024,19:45,Shamrock Rovers,Dundalk,1,1,D,1.43,4.67,7.91,1.43,5.29,9,1.38,4.58,7.6,,,,,,
Ireland,Premier Division,2024,16/02/2024,19:45,Waterford,Shelbourne,1,1,D,3.73,3.29,2.17,3.73,3.4,2.17,3.51,3.23,2.08,,,,,,
Ireland,Premier Division,2024,23/02/2024,19:45,Drogheda,Waterford,1,4,A,2.76,3.33,2.7,2.76,3.33,2.88,2.62,3.18,2.63,,,,,,
Ireland,Premier Division,2024,23/02/2024,19:45,Dundalk,Galway,0,2,A,2.35,3.21,3.39,2.36,3.21,3.59,2.23,3.07,3.31,,,,,,
Ireland,Premier Division,2024,23/02/2024,19:45,Shelbourne,Shamrock Rovers,2,1,H,3.68,3.09,2.28,3.81,3.1,2.28,3.64,2.94,2.16,,,,,,
Ireland,Premier Division,2024,23/02/2024,19:45,St. Patricks,Bohemians,0,1,A,2.42,3.38,3.08,2.49,3.4,3.2,2.34,3.27,2.92,,,,,,
Ireland,Premier Division,2024,24/02/2024,19:45,Sligo Rovers,Derry City,0,0,D,4.38,3.51,1.92,4.38,3.51,1.97,4.01,3.35,1.89,,,,,,
Ireland,Premier Division,2024,01/03/2024,19:45,Derry City,St. Patricks,2,1,H,1.81,3.47,5.1,1.84,3.6,5.2,1.76,3.37,4.72,,,,,,
Ireland,Premier Division,2024,01/03/2024,19:45,Galway,Waterford,2,1,H,1.94,3.38,4.48,2.01,3.4,4.6,1.89,3.23,4.17,,,,,,
Ireland,Premier Division,2024,01/03/2024,19:45,Sligo Rovers,Shelbourne,0,1,A,3.24,3.09,2.49,3.24,3.1,2.55,3.1,2.93,2.43,,,,,,
Ireland,Premier Division,2024,04/03/2024,19:45,Drogheda,Bohemians,2,1,H,3.13,3.6,2.29,3.25,3.61,2.29,3.05,3.43,2.19,,,,,,
Ireland,Premier Division,2024,04/03/2024,19:45,Dundalk,Sligo Rovers,0,5,A,2.26,3.27,3.5,2.26,3.4,3.55,2.17,3.18,3.31,,,,,,
Ireland,Premier Division,2024,04/03/2024,19:45,Shamrock Rovers,Derry City,2,2,D,2.17,3.31,3.7,2.21,3.4,3.85,2.1,3.2,3.48,,,,,,
Ireland,Premier Division,2024,04/03/2024,19:45,Shelbourne,Galway,1,0,H,2.72,3.1,2.92,2.72,3.1,3.04,2.56,2.96,2.87,,,,,,
Ireland,Premier Division,2024,04/03/2024,19:45,Waterford,St. Patricks,3,1,H,3.3,3.33,2.32,3.49,3.33,2.34,3.27,3.17,2.21,,,,,,
Ireland,Premier Division,2024,08/03/2024,19:45,Bohemians,Shelbourne,0,2,A,3.09,3.09,2.59,3.1,3.2,2.73,2.81,3.03,2.59,,,,,,
Ireland,Premier Division,2024,08/03/2024,19:45,Derry City,Waterford,3,0,H,1.56,4.11,6.6,1.56,4.11,7,1.51,3.92,6.39,,,,,,
Ireland,Premier Division,2024,08/03/2024,19:45,Galway,Drogheda,0,0,D,1.62,4.05,5.83,1.63,4.05,6,1.57,3.84,5.61,,,,,,
Ireland,Premier Division,2024,08/03/2024,19:45,St. Patricks,Dundalk,1,0,H,1.92,3.5,4.38,1.96,3.56,5.33,1.85,3.42,4.19,,,,,,
Ireland,Premier Division,2024,09/03/2024,19:45,Sligo Rovers,Shamrock Rovers,0,0,D,4.44,3.61,1.88,4.65,3.61,1.9,4.24,3.42,1.83,,,,,,
Ireland,Premier Division,2024,15/03/2024,19:45,Bohemians,Derry City,2,1,H,3.4,3.34,2.28,3.75,3.34,2.33,3.28,3.23,2.19,,,,,,
Ireland,Premier Division,2024,15/03/2024,19:45,Dundalk,Waterford,0,0,D,2.18,3.57,3.4,2.25,3.57,3.4,2.14,3.4,3.21,,,,,,
Ireland,Premier Division,2024,15/03/2024,19:45,Galway,Shamrock Rovers,0,1,A,3.29,3.42,2.29,3.5,3.42,2.34,3.2,3.23,2.22,,,,,,
Ireland,Premier Division,2024,15/03/2024,19:45,St. Patricks,Shelbourne,1,2,A,2.76,2.98,2.98,2.82,3.11,2.98,2.7,2.92,2.76,,,,,,
Ireland,Premier Division,2024,16/03/2024,19:45,Sligo Rovers,Drogheda,3,1,H,1.79,3.63,4.92,1.83,3.63,5,1.75,3.51,4.66,,,,,,
Ireland,Premier Division,2024,29/03/2024,19:45,Derry City,Galway,0,1,A,1.91,3.14,5.01,1.96,3.49,5.07,1.84,3.15,4.68,,,,,,
Ireland,Premier Division,2024,29/03/2024,19:45,Drogheda,St. Patricks,0,0,D,3.57,3.42,2.14,3.6,3.52,2.16,3.4,3.35,2.06,,,,,,
Ireland,Premier Division,2024,29/03/2024,19:45,Shamrock Rovers,Bohemians,3,1,H,1.49,4.3,7.07,1.5,4.43,7.5,1.46,4.16,6.57,,,,,,
Ireland,Premier Division,2024,29/03/2024,19:45,Shelbourne,Dundalk,2,1,H,1.8,3.49,4.99,1.83,3.52,5.09,1.76,3.37,4.75,,,,,,
Ireland,Premier Division,2024,29/03/2024,19:45,Waterford,Sligo Rovers,0,1,A,2.48,3.09,3.21,2.58,3.15,3.21,2.46,2.99,2.97,,,,,,
Ireland,Premier Division,2024,01/04/2024,13:00,Dundalk,Drogheda,0,0,D,2.3,3.43,3.2,2.4,3.5,3.2,2.23,3.34,3.02,,,,,,
Ireland,Premier Division,2024,01/04/2024,17:00,Shelbourne,Derry City,0,0,D,3.5,2.85,2.49,3.51,2.96,2.5,3.24,2.85,2.4,,,,,,
Ireland,Premier Division,2024,01/04/2024,17:00,St. Patricks,Sligo Rovers,3,0,H,2.38,3.24,3.22,2.38,3.25,3.5,2.27,3.12,3.17,,,,,,
Ireland,Premier Division,2024,01/04/2024,17:00,Waterford,Shamrock Rovers,1,2,A,5.78,4.22,1.62,5.78,4.22,1.62,5.39,3.97,1.56,,,,,,
Ireland,Premier Division,2024,01/04/2024,19:45,Galway,Bohemians,0,2,A,1.74,3.53,5.39,1.85,3.53,5.5,1.76,3.34,4.78,,,,,,
Ireland,Premier Division,2024,05/04/2024,19:45,Bohemians,Waterford,0,1,A,1.93,3.59,4.08,1.96,3.65,4.09,1.89,3.43,3.88,,,,,,
Ireland,Premier Division,2024,05/04/2024,19:45,Derry City,Dundalk,4,1,H,1.3,5.14,12.1,1.36,5.25,12.1,1.3,4.68,10.36,,,,,,
Ireland,Premier Division,2024,05/04/2024,19:45,Drogheda,Shelbourne,2,2,D,3.71,3.06,2.26,3.74,3.09,2.4,3.46,2.96,2.2,,,,,,
Ireland,Premier Division,2024,05/04/2024,19:45,St. Patricks,Shamrock Rovers,2,1,H,4.03,3.68,1.92,4.17,3.68,2.01,3.86,3.44,1.9,,,,,,
Ireland,Premier Division,2024,12/04/2024,19:45,Drogheda,Derry City,2,2,D,5.53,3.51,1.74,5.6,3.51,1.85,5.02,3.31,1.74,,,,,,
Ireland,Premier Division,2024,12/04/2024,19:45,Dundalk,St. Patricks,0,0,D,3.22,3.24,2.38,3.25,3.28,2.55,3.03,3.11,2.34,,,,,,
Ireland,Premier Division,2024,12/04/2024,19:45,Shelbourne,Bohemians,1,2,A,2.14,3.22,3.82,2.17,3.26,4,2.06,3.13,3.67,,,,,,
Ireland,Premier Division,2024,12/04/2024,19:45,Waterford,Galway,0,0,D,3.16,3.18,2.45,3.16,3.21,2.49,3,3.08,2.37,,,,,,
Ireland,Premier Division,2024,12/04/2024,20:00,Shamrock Rovers,Sligo Rovers,3,0,H,1.39,5.06,7.77,1.41,5.06,8.04,1.36,4.71,7.61,,,,,,
Ireland,Premier Division,2024,15/04/2024,19:45,Bohemians,Dundalk,1,0,H,2,3.36,4.1,2.06,3.37,4.1,1.97,3.24,3.82,,,,,,
Ireland,Premier Division,2024,19/04/2024,19:45,Bohemians,Drogheda,1,0,H,1.81,3.53,4.39,1.9,3.58,4.59,1.8,3.46,4.24,,,,,,
Ireland,Premier Division,2024,19/04/2024,19:45,Derry City,Shamrock Rovers,1,3,A,2.5,3.22,3.05,2.58,3.3,3.05,2.48,3.12,2.82,,,,,,
Ireland,Premier Division,2024,19/04/2024,19:45,Galway,Shelbourne,1,0,H,2.56,3,3.18,2.7,3.14,3.18,2.55,2.91,2.92,,,,,,
Ireland,Premier Division,2024,19/04/2024,19:45,Sligo Rovers,Dundalk,1,1,D,2.29,3.12,3.55,2.29,3.2,3.57,2.2,3.04,3.37,,,,,,
Ireland,Premier Division,2024,19/04/2024,19:45,St. Patricks,Waterford,1,1,D,1.79,3.65,4.75,1.86,3.69,4.9,1.77,3.49,4.35,,,,,,
Ireland,Premier Division,2024,22/04/2024,19:45,Derry City,St. Patricks,3,1,H,1.78,3.53,5.08,1.85,3.55,5.5,1.75,3.37,4.71,,,,,,
Ireland,Premier Division,2024,22/04/2024,19:45,Shelbourne,Shamrock Rovers,0,0,D,3.66,3.31,2.15,3.76,3.33,2.19,3.57,3.19,2.05,,,,,,
Ireland,Premier Division,2024,22/04/2024,19:45,Sligo Rovers,Galway,0,0,D,3.6,3.17,2.24,3.61,3.17,2.4,3.37,3.02,2.2,,,,,,
Ireland,Premier Division,2024,26/04/2024,19:45,Drogheda,Sligo Rovers,3,1,H,2.31,3.2,3.41,2.5,3.38,3.41,2.27,3.09,3.09,,,,,,
Ireland,Premier Division,2024,26/04/2024,19:45,Dundalk,Bohemians,2,0,H,2.68,3.2,2.83,2.8,3.3,2.83,2.67,3.08,2.6,,,,,,
Ireland,Premier Division,2024,26/04/2024,19:45,Shelbourne,St. Patricks,1,0,H,2.3,3.03,3.65,2.45,3.2,3.65,2.3,2.97,3.18,,,,,,
Ireland,Premier Division,2024,26/04/2024,19:45,Waterford,Derry City,0,2,A,4.35,3.29,1.97,4.5,3.5,2,4.1,3.21,1.88,,,,,,
Ireland,Premier Division,2024,26/04/2024,20:00,Shamrock Rovers,Galway,1,1,D,1.77,3.62,4.98,1.77,3.75,5.5,1.7,3.48,4.71,,,,,,
Ireland,Premier Division,2024,29/04/2024,20:00,Shamrock Rovers,Drogheda,4,0,H,1.38,5.09,8.09,1.38,5.1,8.09,1.34,4.89,7.51,,,,,,
Ireland,Premier Division,2024,03/05/2024,19:45,Bohemians,Shamrock Rovers,1,1,D,5.09,3.74,1.72,5.09,3.74,1.74,4.64,3.55,1.7,,,,,,
Ireland,Premier Division,2024,03/05/2024,19:45,Dundalk,Shelbourne,0,0,D,3.35,3.02,2.45,3.45,3.13,2.49,3.11,2.94,2.37,,,,,,
Ireland,Premier Division,2024,03/05/2024,19:45,Galway,Derry City,0,0,D,3.2,3.18,2.43,3.2,3.3,2.51,3.01,3.07,2.34,,,,,,
Ireland,Premier Division,2024,03/05/2024,19:45,Sligo Rovers,Waterford,0,1,A,2.26,3.17,3.56,2.28,3.3,3.56,2.2,3.09,3.28,,,,,,
Ireland,Premier Division,2024,03/05/2024,19:45,St. Patricks,Drogheda,1,0,H,1.83,3.62,4.56,1.86,3.62,4.56,1.79,3.45,4.23,,,,,,
Ireland,Premier Division,2024,06/05/2024,13:00,Drogheda,Dundalk,2,1,H,2.76,3.24,2.72,2.85,3.28,2.72,2.69,3.1,2.58,,,,,,
Ireland,Premier Division,2024,06/05/2024,17:00,Bohemians,Galway,0,1,A,2.63,2.95,3.13,2.63,3.2,3.13,2.51,2.94,2.91,,,,,,
Ireland,Premier Division,2024,06/05/2024,17:00,Shamrock Rovers,Waterford,1,3,A,1.39,4.86,8.44,1.44,5,9,1.38,4.54,7.43,,,,,,
Ireland,Premier Division,2024,06/05/2024,17:00,Sligo Rovers,St. Patricks,1,0,H,3.46,3.16,2.31,3.46,3.25,2.4,3.18,3.08,2.26,,,,,,
Ireland,Premier Division,2024,06/05/2024,19:45,Derry City,Shelbourne,1,1,D,1.99,2.97,4.95,1.99,3.15,4.95,1.92,2.94,4.55,,,,,,
Ireland,Premier Division,2024,10/05/2024,19:45,Derry City,Bohemians,1,0,H,1.47,4.3,7.52,1.54,4.3,7.52,1.47,4.05,6.76,,,,,,
Ireland,Premier Division,2024,10/05/2024,19:45,Galway,Sligo Rovers,0,0,D,1.79,3.35,5.41,1.91,3.35,5.5,1.79,3.2,4.91,,,,,,
Ireland,Premier Division,2024,10/05/2024,19:45,Shamrock Rovers,St. Patricks,2,2,D,1.61,3.91,6.02,1.61,4.25,6.24,1.55,3.94,5.68,,,,,,
Ireland,Premier Division,2024,10/05/2024,19:45,Shelbourne,Drogheda,1,1,D,1.68,3.64,5.77,1.72,3.68,5.77,1.65,3.55,5.23,,,,,,
Ireland,Premier Division,2024,10/05/2024,19:45,Waterford,Dundalk,4,1,H,2.36,3.07,3.45,2.44,3.15,3.45,2.29,3.04,3.23,,,,,,
Ireland,Premier Division,2024,17/05/2024,19:45,Drogheda,Galway,2,3,A,3.12,3.37,2.38,3.15,3.45,2.38,2.98,3.26,2.31,,,,,,
Ireland,Premier Division,2024,17/05/2024,19:45,Dundalk,Shamrock Rovers,1,0,H,5.5,4.08,1.62,6,4.2,1.69,5.46,4.05,1.55,,,,,,
Ireland,Premier Division,2024,17/05/2024,19:45,Shelbourne,Waterford,1,0,H,1.84,3.36,4.97,1.9,3.56,5,1.8,3.34,4.53,,,,,,
Ireland,Premier Division,2024,17/05/2024,19:45,Sligo Rovers,Bohemians,0,3,A,2.93,3.18,2.62,2.96,3.45,2.69,2.75,3.17,2.52,,,,,,
Ireland,Premier Division,2024,17/05/2024,19:45,St. Patricks,Derry City,0,1,A,2.9,3.22,2.6,3.25,3.45,2.64,2.82,3.13,2.48,,,,,,
Ireland,Premier Division,2024,20/05/2024,19:45,St. Patricks,Shelbourne,1,2,A,2.82,2.94,2.92,2.82,3.1,2.92,2.68,2.92,2.77,,,,,,
Ireland,Premier Division,2024,20/05/2024,20:00,Shamrock Rovers,Derry City,1,0,H,1.97,3.36,4.26,2.06,3.5,4.4,1.91,3.28,4.04,,,,,,
Ireland,Premier Division,2024,23/05/2024,19:45,Waterford,Drogheda,4,2,H,2.28,3.46,3.2,2.35,3.46,3.4,2.16,3.3,3.2,,,,,,
Ireland,Premier Division,2024,24/05/2024,19:45,Bohemians,St. Patricks,2,2,D,2.91,3.24,2.59,2.96,3.29,2.7,2.67,3.15,2.59,,,,,,
Ireland,Premier Division,2024,24/05/2024,19:45,Derry City,Sligo Rovers,2,2,D,1.33,5.18,10.25,1.33,5.53,10.25,1.29,5,9.42,,,,,,
Ireland,Premier Division,2024,24/05/2024,19:45,Galway,Dundalk,2,0,H,2.03,3.16,4.3,2.07,3.2,4.33,1.97,3.06,4.1,,,,,,
Ireland,Premier Division,2024,24/05/2024,20:00,Shamrock Rovers,Shelbourne,0,2,A,1.72,3.58,5.47,1.76,3.75,5.47,1.7,3.5,4.87,,,,,,
Ireland,Premier Division,2024,31/05/2024,19:45,Drogheda,Shamrock Rovers,0,2,A,5.06,4.12,1.66,5.5,4.3,1.66,4.95,3.97,1.6,,,,,,
Ireland,Premier Division,2024,31/05/2024,19:45,Dundalk,Derry City,0,0,D,4.74,3.48,1.84,4.8,3.49,1.93,4.28,3.3,1.84,,,,,,
Ireland,Premier Division,2024,31/05/2024,19:45,Shelbourne,Sligo Rovers,1,2,A,1.51,4.04,7.51,1.53,4.2,7.8,1.49,3.85,6.72,,,,,,
Ireland,Premier Division,2024,31/05/2024,19:45,St. Patricks,Galway,2,1,H,2.6,3.13,2.99,2.6,3.2,2.99,2.48,3.06,2.86,,,,,,
Ireland,Premier Division,2024,31/05/2024,19:45,Waterford,Bohemians,2,1,H,2.77,3.25,2.7,2.8,3.29,2.8,2.62,3.16,2.63,,,,,,
Ireland,Premier Division,2024,03/06/2024,17:00,Sligo Rovers,Drogheda,2,1,H,2.34,3.32,3.22,2.34,3.55,3.81,2.1,3.22,3.44,,,,,,
Ireland,Premier Division,2024,03/06/2024,17:15,St. Patricks,Dundalk,2,3,A,1.91,3.44,4.41,2,3.46,4.41,1.89,3.31,4.08,,,,,,
Ireland,Premier Division,2024,03/06/2024,18:00,Derry City,Waterford,3,0,H,1.49,4.28,7.19,1.53,4.6,7.2,1.48,4.11,6.28,,,,,,
Ireland,Premier Division,2024,07/06/2024,19:45,Derry City,Galway,2,0,H,1.9,3.35,4.52,1.96,3.4,4.54,1.87,3.25,4.23,,,,,,
Ireland,Premier Division,2024,07/06/2024,19:45,Drogheda,St. Patricks,0,0,D,3.75,3.62,1.99,3.8,3.64,2.15,3.56,3.44,1.97,,,,,,
Ireland,Premier Division,2024,07/06/2024,19:45,Shelbourne,Dundalk,1,0,H,1.83,3.3,5.06,1.86,3.4,5.13,1.78,3.27,4.73,,,,,,
Ireland,Premier Division,2024,07/06/2024,19:45,Waterford,Sligo Rovers,4,1,H,1.93,3.46,4.19,1.96,3.5,4.3,1.91,3.34,3.92,,,,,,
Ireland,Premier Division,2024,13/06/2024,19:45,Bohemians,Derry City,1,2,A,4.16,3.34,2,4.16,3.4,2.04,3.84,3.25,1.96,,,,,,
Ireland,Premier Division,2024,13/06/2024,19:45,Dundalk,Sligo Rovers,1,0,H,1.8,3.67,4.7,1.91,3.67,4.7,1.82,3.43,4.24,,,,,,
Ireland,Premier Division,2024,13/06/2024,19:45,Galway,Drogheda,3,0,H,1.61,3.98,5.82,1.65,4.05,5.82,1.6,3.79,5.27,,,,,,
Ireland,Premier Division,2024,13/06/2024,19:45,St. Patricks,Shamrock Rovers,2,1,H,4.34,4.04,1.78,4.5,4.04,1.78,4.3,3.82,1.72,,,,,,
Ireland,Premier Division,2024,13/06/2024,19:45,Waterford,Shelbourne,0,1,A,3.21,3.14,2.45,3.21,3.16,2.47,3.05,3.07,2.36,,,,,,
Ireland,Premier Division,2024,28/06/2024,19:45,Derry City,Drogheda,5,1,H,1.27,5.78,11.77,1.3,5.8,12,1.26,5.39,10.37,,,,,,
Ireland,Premier Division,2024,28/06/2024,19:45,Dundalk,Waterford,0,2,A,2.5,3.29,2.99,2.55,3.3,3.1,2.43,3.15,2.88,,,,,,
Ireland,Premier Division,2024,28/06/2024,19:45,Shelbourne,Galway,2,0,H,2.4,2.94,3.55,2.4,2.98,3.63,2.31,2.88,3.4,,,,,,
Ireland,Premier Division,2024,28/06/2024,19:45,Sligo Rovers,Shamrock Rovers,2,0,H,5.51,4.28,1.58,5.69,4.33,1.68,5.07,4.11,1.57,,,,,,
Ireland,Premier Division,2024,28/06/2024,19:45,St. Patricks,Bohemians,0,0,D,2.2,3.41,3.43,2.49,3.55,3.43,2.17,3.33,3.19,,,,,,
Ireland,Premier Division,2024,04/07/2024,19:45,Drogheda,Shelbourne,1,1,D,4.78,3.45,1.84,4.99,3.53,1.84,4.58,3.38,1.77,,,,,,
Ireland,Premier Division,2024,04/07/2024,19:45,Galway,Bohemians,1,1,D,2.27,3.28,3.39,2.3,3.3,3.55,2.16,3.15,3.34,,,,,,
Ireland,Premier Division,2024,04/07/2024,19:45,Sligo Rovers,Derry City,2,1,H,5.55,3.74,1.68,5.65,3.81,1.68,5.2,3.63,1.64,,,,,,
Ireland,Premier Division,2024,04/07/2024,19:45,Waterford,St. Patricks,1,0,H,2.66,3.6,2.6,2.8,3.62,2.6,2.64,3.41,2.47,,,,,,
Ireland,Premier Division,2024,04/07/2024,20:00,Shamrock Rovers,Dundalk,1,0,H,1.36,5.18,8.73,1.37,5.2,9,1.34,4.83,8.09,,,,,,
Ireland,Premier Division,2024,12/07/2024,19:45,Bohemians,Sligo Rovers,0,2,A,1.78,3.91,4.44,1.82,3.91,4.5,1.75,3.75,4.23,1.83,3.95,4.9,,,
Ireland,Premier Division,2024,12/07/2024,19:45,Dundalk,Drogheda,4,2,H,2.21,3.43,3.39,2.28,3.43,3.45,2.19,3.27,3.22,2.32,3.5,3.45,,,
Ireland,Premier Division,2024,12/07/2024,19:45,Galway,Waterford,1,0,H,1.95,3.58,4.03,1.96,3.58,4.2,1.89,3.44,3.92,1.96,3.7,4.5,,,
Ireland,Premier Division,2024,26/07/2024,19:45,Bohemians,Dundalk,1,1,D,1.83,3.84,4.27,1.95,3.84,4.27,1.83,3.57,4.01,1.9,3.8,4.6,,,
Ireland,Premier Division,2024,26/07/2024,19:45,Drogheda,Waterford,2,0,H,2.53,3.62,2.72,2.53,3.62,2.8,2.43,3.45,2.65,2.62,3.8,2.78,,,
Ireland,Premier Division,2024,27/07/2024,19:45,Sligo Rovers,Galway,2,0,H,3.43,3.4,2.2,3.5,3.4,2.31,3.13,3.24,2.24,3.35,3.45,2.38,,,
Ireland,Premier Division,2024,02/08/2024,19:45,Drogheda,Bohemians,2,2,D,3.17,3.66,2.22,3.25,3.68,2.28,3.04,3.47,2.18,3.3,3.7,2.32,,,
Ireland,Premier Division,2024,02/08/2024,19:45,Dundalk,Galway,0,2,A,3.4,3.14,2.35,3.4,3.35,2.4,3.19,3.1,2.28,3.45,3.25,2.42,,,
Ireland,Premier Division,2024,02/08/2024,19:45,Waterford,Shamrock Rovers,1,2,A,3.83,3.8,1.93,4,3.81,1.93,3.77,3.65,1.87,4.3,3.85,1.95,,,
Ireland,Premier Division,2024,04/08/2024,18:00,St. Patricks,Sligo Rovers,3,2,H,1.84,3.64,4.46,1.88,3.75,4.47,1.81,3.56,4.13,1.89,3.8,4.7,,,
Ireland,Premier Division,2024,05/08/2024,19:45,Shelbourne,Derry City,0,0,D,3.93,3.07,2.18,3.93,3.15,2.23,3.67,2.99,2.14,3.95,3.1,2.3,,,
Ireland,Premier Division,2024,09/08/2024,19:45,Bohemians,Waterford,2,3,A,1.85,3.84,4.14,1.88,3.84,4.2,1.82,3.64,3.96,1.89,3.95,4.5,,,
Ireland,Premier Division,2024,09/08/2024,19:45,Derry City,Dundalk,1,1,D,1.28,5.66,11.85,1.29,5.66,12,1.26,5.27,10.66,1.29,6.2,14.5,,,
Ireland,Premier Division,2024,10/08/2024,19:45,Sligo Rovers,Shelbourne,2,1,H,3.55,3.06,2.32,3.55,3.15,2.37,3.31,2.97,2.29,3.6,3.1,2.44,,,
Ireland,Premier Division,2024,11/08/2024,15:00,Galway,St. Patricks,1,1,D,1.72,3.64,5.35,2.12,3.81,5.35,1.75,3.52,4.55,1.83,3.75,5.2,,,
Ireland,Premier Division,2024,11/08/2024,19:00,Shamrock Rovers,Drogheda,1,1,D,1.36,5.54,7.62,1.43,5.7,9,1.31,5.33,8.1,1.35,5.9,10.5,,,
Ireland,Premier Division,2024,23/08/2024,19:45,Drogheda,Sligo Rovers,7,0,H,2.3,3.37,3.26,2.35,3.37,3.26,2.25,3.25,3.08,2.36,3.45,3.35,,,
Ireland,Premier Division,2024,23/08/2024,19:45,Shelbourne,Bohemians,1,1,D,2.15,3.32,3.67,2.17,3.32,3.67,2.12,3.12,3.5,2.2,3.3,3.95,,,
Ireland,Premier Division,2024,23/08/2024,19:45,Waterford,Derry City,0,1,A,4.9,3.73,1.75,4.9,3.73,1.78,4.55,3.56,1.73,5.3,3.8,1.79,,,
Ireland,Premier Division,2024,25/08/2024,19:00,Shamrock Rovers,Galway,1,1,D,1.85,3.47,4.7,2,3.47,4.7,1.88,3.31,4.1,1.97,3.5,4.7,,,
Ireland,Premier Division,2024,30/08/2024,19:45,Dundalk,Shelbourne,0,1,A,4.62,3.2,1.95,4.62,3.2,2.15,4.12,3.01,2,4.6,3.2,2.08,,,
Ireland,Premier Division,2024,30/08/2024,19:45,Galway,Derry City,1,0,H,3.28,3.03,2.48,3.28,3.03,2.48,3.14,2.93,2.39,3.4,3.05,2.58,,,
Ireland,Premier Division,2024,31/08/2024,19:45,Sligo Rovers,Waterford,2,0,H,2.83,3.36,2.58,2.83,3.37,2.58,2.71,3.25,2.49,2.92,3.45,2.66,,,
Ireland,Premier Division,2024,01/09/2024,11:30,Bohemians,Shamrock Rovers,2,1,H,3.58,3.44,2.13,3.58,3.5,2.17,3.32,3.37,2.09,3.7,3.55,2.18,,,
Ireland,Premier Division,2024,01/09/2024,18:00,St. Patricks,Drogheda,4,1,H,1.82,3.73,4.48,1.84,3.73,4.48,1.78,3.58,4.2,1.85,3.9,4.7,,,
Ireland,Premier Division,2024,05/09/2024,19:45,Dundalk,St. Patricks,1,2,A,3.97,3.43,2.01,3.97,3.45,2.05,3.76,3.32,1.97,4.2,3.65,2.02,,,
Ireland,Premier Division,2024,06/09/2024,19:45,Bohemians,Shelbourne,1,1,D,2.55,3.05,3.14,2.56,3.25,3.14,2.45,3.03,2.98,2.58,3.15,3.25,,,
Ireland,Premier Division,2024,13/09/2024,19:45,Shamrock Rovers,Sligo Rovers,4,0,H,1.3,5.7,10.07,1.32,5.71,10.09,1.28,5.31,9.19,1.31,6.4,11.5,,,
Ireland,Premier Division,2024,13/09/2024,19:45,Waterford,Dundalk,2,1,H,1.97,3.58,3.9,2.02,3.63,4.02,1.92,3.46,3.77,2.02,3.7,4.1,,,
Ireland,Premier Division,2024,16/09/2024,19:45,Galway,Shamrock Rovers,1,2,A,3.12,3.15,2.5,3.12,3.17,2.56,2.95,3.07,2.42,3.2,3.2,2.62,,,
Ireland,Premier Division,2024,20/09/2024,19:45,Bohemians,Drogheda,0,1,A,1.85,3.79,4.21,1.87,3.79,4.21,1.83,3.63,3.96,1.88,3.95,4.4,,,
Ireland,Premier Division,2024,20/09/2024,19:45,Derry City,Shamrock Rovers,1,1,D,2.31,3.27,3.32,2.4,3.37,3.4,2.26,3.2,3.13,2.46,3.3,3.35,,,
Ireland,Premier Division,2024,20/09/2024,19:45,Galway,Shelbourne,1,0,H,2.18,3.07,3.92,2.25,3.24,3.92,2.13,2.99,3.68,2.26,3.1,4.1,,,
Ireland,Premier Division,2024,20/09/2024,19:45,St. Patricks,Waterford,3,0,H,1.59,4.18,5.72,1.62,4.2,5.72,1.57,4.03,5.22,1.65,4.2,6,,,
Ireland,Premier Division,2024,21/09/2024,19:45,Sligo Rovers,Dundalk,2,1,H,2.14,3.57,3.43,2.2,3.65,3.64,2.08,3.48,3.29,2.2,3.55,3.55,,,
Ireland,Premier Division,2024,23/09/2024,19:45,Drogheda,Galway,0,0,D,3.25,3.52,2.24,3.3,3.58,2.38,2.99,3.36,2.26,3.3,3.55,2.38,,,
Ireland,Premier Division,2024,23/09/2024,19:45,Shamrock Rovers,Bohemians,1,0,H,1.49,4.3,7.09,1.6,4.45,7.09,1.5,4.07,6.17,1.58,4.5,6.6,,,
Ireland,Premier Division,2024,27/09/2024,19:45,Drogheda,Derry City,2,1,H,3.96,3.45,2.01,4.33,3.6,2.07,3.75,3.35,1.96,4.1,3.55,2.08,,,
Ireland,Premier Division,2024,27/09/2024,19:45,Dundalk,Bohemians,0,2,A,3.22,3.49,2.26,3.22,3.76,2.29,3.04,3.46,2.18,3.35,3.6,2.3,,,
Ireland,Premier Division,2024,27/09/2024,19:45,Shelbourne,Sligo Rovers,0,0,D,1.72,3.72,5.15,1.77,3.72,5.5,1.68,3.62,4.86,1.76,3.85,5.5,,,
Ireland,Premier Division,2024,27/09/2024,19:45,Waterford,Galway,1,2,A,3.57,3.19,2.24,3.57,3.25,2.25,3.35,3.13,2.19,3.6,3.3,2.32,,,
Ireland,Premier Division,2024,27/09/2024,20:00,Shamrock Rovers,St. Patricks,0,3,A,1.65,4.03,5.35,1.67,4.14,5.35,1.63,3.87,4.91,1.7,4.1,5.8,,,
Ireland,Premier Division,2024,30/09/2024,19:15,Shelbourne,St. Patricks,2,3,A,3.1,3.09,2.55,3.1,3.25,2.63,2.88,3.06,2.49,3.15,3.2,2.64,,,
Ireland,Premier Division,2024,04/10/2024,19:45,Galway,Dundalk,1,1,D,1.34,5.06,9.91,1.35,5.06,10,1.33,4.72,9.02,1.37,5.3,10.5,,,
Ireland,Premier Division,2024,06/10/2024,17:45,Shamrock Rovers,Shelbourne,2,0,H,1.52,3.94,7.6,1.55,4.33,7.6,1.49,3.95,6.54,1.54,4.4,7.6,,,
Ireland,Premier Division,2024,11/10/2024,19:45,Derry City,Bohemians,1,1,D,1.66,3.89,5.49,1.69,3.92,5.6,1.62,3.75,5.19,1.69,4,5.9,,,
Ireland,Premier Division,2024,11/10/2024,19:45,Waterford,Drogheda,0,0,D,2.62,3.46,2.71,2.62,3.47,2.71,2.51,3.32,2.65,2.62,3.6,2.86,,,
Ireland,Premier Division,2024,14/10/2024,19:15,Derry City,Sligo Rovers,1,1,D,1.36,5.22,8.54,1.39,5.25,9.01,1.33,4.91,8.08,1.37,5.8,10,,,
Ireland,Premier Division,2024,14/10/2024,19:45,Bohemians,St. Patricks,1,3,A,2.87,3.56,2.44,2.87,3.57,2.5,2.74,3.41,2.39,2.98,3.55,2.56,,,
Ireland,Premier Division,2024,18/10/2024,19:45,Drogheda,Shamrock Rovers,0,1,A,4.58,4.05,1.74,4.75,4.05,1.74,4.5,3.83,1.68,5.1,4.1,1.75,,,
Ireland,Premier Division,2024,18/10/2024,19:45,Dundalk,Derry City,0,2,A,5.02,4.15,1.66,5.02,4.15,1.69,4.83,3.83,1.64,5.3,4.2,1.72,,,
Ireland,Premier Division,2024,18/10/2024,19:45,Shelbourne,Waterford,3,1,H,1.69,3.79,5.31,1.72,3.79,5.5,1.66,3.6,5.04,1.72,3.9,6,,,
Ireland,Premier Division,2024,18/10/2024,19:45,St. Patricks,Galway,2,1,H,2.02,3.44,3.92,2.09,3.48,3.92,1.97,3.36,3.7,2.1,3.6,3.95,,,
Ireland,Premier Division,2024,19/10/2024,19:45,Sligo Rovers,Bohemians,0,2,A,2.86,3.42,2.53,2.86,3.51,2.54,2.72,3.36,2.43,2.92,3.65,2.58,,,
Ireland,Premier Division,2024,25/10/2024,19:45,Galway,Sligo Rovers,2,2,D,1.55,4.04,6.68,1.58,4.05,6.68,1.53,3.92,6.04,1.6,4.3,6.8,,,
Ireland,Premier Division,2024,25/10/2024,19:45,Shelbourne,Drogheda,2,1,H,1.47,4.28,7.56,1.5,4.51,7.6,1.45,4.17,6.91,1.49,4.6,8.4,,,
Ireland,Premier Division,2024,25/10/2024,19:45,St. Patricks,Derry City,1,0,H,2.35,3.31,3.22,2.41,3.31,3.22,2.33,3.2,3,2.46,3.45,3.2,,,
Ireland,Premier Division,2024,25/10/2024,19:45,Waterford,Bohemians,1,1,D,2.79,3.35,2.62,2.79,3.35,2.63,2.7,3.24,2.51,2.86,3.5,2.68,,,
Ireland,Premier Division,2024,27/10/2024,17:45,Dundalk,Shamrock Rovers,0,1,A,11.53,6.12,1.25,14,6.26,1.29,10.87,5.81,1.23,13.5,6.6,1.28,,,
Ireland,Premier Division,2024,01/11/2024,19:45,Bohemians,Galway,1,1,D,2.38,3.33,3.14,2.8,3.33,3.26,2.33,3.18,3.01,2.5,3.4,3.2,,,
Ireland,Premier Division,2024,01/11/2024,19:45,Derry City,Shelbourne,0,1,A,2.21,3.25,3.58,2.25,3.25,3.75,2.15,3.09,3.46,2.32,3.35,3.55,,,
Ireland,Premier Division,2024,01/11/2024,19:45,Drogheda,Dundalk,0,0,D,1.88,3.78,4.07,2.04,3.82,4.07,1.87,3.64,3.79,1.96,3.85,4.2,,,
Ireland,Premier Division,2024,01/11/2024,19:45,Shamrock Rovers,Waterford,2,1,H,1.18,7.2,15.9,1.21,7.2,15.9,1.18,6.62,13.19,1.2,8.2,19,,,
Ireland,Premier Division,2024,01/11/2024,19:45,Sligo Rovers,St. Patricks,0,2,A,5.26,4.42,1.6,5.3,4.43,1.61,4.99,4.24,1.56,5.5,4.6,1.64,,,
Ireland,Premier Division,2024,16/11/2024,14:00,Bray,Drogheda,1,3,A,5.23,3.78,1.67,5.77,3.86,1.67,5.07,3.71,1.64,5.9,3.95,1.7,,,
Ireland,Premier Division,2025,14/02/2025,19:45,Cork City,Galway,2,2,D,3.95,3.16,2.13,3.95,3.25,2.13,3.67,3.09,2.08,4.3,3.25,2.16,,,
Ireland,Premier Division,2025,14/02/2025,19:45,Shelbourne,Derry City,3,1,H,2.94,2.91,2.82,3,2.97,2.82,2.86,2.83,2.67,3.15,2.94,2.84,,,
Ireland,Premier Division,2025,14/02/2025,19:45,St. Patricks,Drogheda,0,0,D,1.54,4.09,6.58,1.54,4.58,7.5,1.48,4.12,6.28,1.55,4.4,7.6,,,
Ireland,Premier Division,2025,15/02/2025,19:45,Sligo Rovers,Waterford,2,3,A,2.53,3.31,2.93,2.53,3.35,3,2.42,3.22,2.85,2.66,3.4,2.98,,,
Ireland,Premier Division,2025,16/02/2025,14:00,Bohemians,Shamrock Rovers,1,0,H,3.36,3.44,2.22,3.41,3.44,2.32,3.16,3.25,2.21,3.35,3.65,2.28,,,
Ireland,Premier Division,2025,21/02/2025,19:45,Derry City,Bohemians,1,0,H,2.03,3.31,4.09,2.09,3.45,4.2,1.96,3.29,3.83,2.06,3.4,4.4,,,
Ireland,Premier Division,2025,21/02/2025,19:45,Drogheda,Sligo Rovers,3,0,H,2.41,3.12,3.31,2.49,3.2,3.32,2.34,3.06,3.1,2.42,3.35,3.4,,,
Ireland,Premier Division,2025,21/02/2025,19:45,Galway,St. Patricks,2,1,H,2.75,3.1,2.84,2.95,3.34,2.84,2.66,3.05,2.69,2.86,3.15,2.94,,,
Ireland,Premier Division,2025,21/02/2025,19:45,Waterford,Shelbourne,0,1,A,3.93,3.24,2.1,4.2,3.25,2.13,3.8,3.08,2.05,4,3.25,2.18,,,
Ireland,Premier Division,2025,28/02/2025,19:45,Cork City,Bohemians,2,1,H,2.98,3.36,2.47,2.98,3.5,2.58,2.86,3.19,2.44,3.05,3.35,2.56,,,
Ireland,Premier Division,2025,28/02/2025,19:45,Derry City,Waterford,1,2,A,1.48,4.21,7.68,1.5,4.21,7.68,1.46,4.05,6.96,1.5,4.4,8.4,,,
Ireland,Premier Division,2025,28/02/2025,19:45,Drogheda,Galway,1,1,D,3.63,3.07,2.28,3.75,3.07,2.45,3.44,2.92,2.28,3.8,3.2,2.32,,,
Ireland,Premier Division,2025,28/02/2025,19:45,Shelbourne,Shamrock Rovers,1,1,D,2.95,2.89,2.83,2.95,3,2.87,2.83,2.82,2.72,3.15,2.9,2.88,,,
Ireland,Premier Division,2025,28/02/2025,19:45,St. Patricks,Sligo Rovers,4,3,H,1.41,4.83,7.69,1.44,5.05,7.69,1.41,4.57,6.87,1.44,5.1,8.6,,,
Ireland,Premier Division,2025,03/03/2025,19:45,Bohemians,Drogheda,0,1,A,1.79,3.41,5.28,1.81,3.58,5.28,1.77,3.33,4.8,1.83,3.6,5.6,,,
Ireland,Premier Division,2025,03/03/2025,19:45,Galway,Shelbourne,1,1,D,2.31,2.97,3.71,2.45,2.97,3.71,2.31,2.83,3.48,2.46,2.96,3.8,,,
Ireland,Premier Division,2025,03/03/2025,19:45,Sligo Rovers,Shamrock Rovers,2,1,H,4.52,3.88,1.78,4.6,4.2,1.78,4.34,3.75,1.74,5,3.95,1.8,,,
Ireland,Premier Division,2025,03/03/2025,19:45,St. Patricks,Derry City,2,0,H,2.23,3.34,3.42,2.27,3.5,3.42,2.18,3.24,3.27,2.34,3.4,3.5,,,
Ireland,Premier Division,2025,03/03/2025,19:45,Waterford,Cork City,2,1,H,2.29,3.28,3.37,2.29,3.3,3.4,2.22,3.17,3.25,2.3,3.4,3.55,,,
Ireland,Premier Division,2025,07/03/2025,19:45,Cork City,Sligo Rovers,1,1,D,2.44,3.56,2.87,2.6,3.56,2.87,2.44,3.41,2.72,2.56,3.6,2.98,,,
Ireland,Premier Division,2025,07/03/2025,19:45,Derry City,Galway,1,1,D,1.88,3.37,4.75,1.97,3.37,4.75,1.9,3.18,4.34,1.93,3.35,5.2,,,
Ireland,Premier Division,2025,07/03/2025,19:45,Shamrock Rovers,St. Patricks,1,0,H,2.39,3.24,3.21,2.39,3.27,3.3,2.28,3.14,3.17,2.42,3.3,3.4,,,
Ireland,Premier Division,2025,07/03/2025,19:45,Shelbourne,Drogheda,0,1,A,1.75,3.54,5.32,1.78,3.54,5.5,1.74,3.39,4.98,1.79,3.6,5.9,,,
Ireland,Premier Division,2025,07/03/2025,19:45,Waterford,Bohemians,0,3,A,3.26,3.32,2.32,3.26,3.37,2.36,3.05,3.24,2.3,3.3,3.45,2.4,,,
Ireland,Premier Division,2025,14/03/2025,19:45,Drogheda,Shamrock Rovers,1,2,A,4.56,3.37,1.9,4.6,3.37,2,4.23,3.22,1.9,4.6,3.45,2,,,
Ireland,Premier Division,2025,14/03/2025,19:45,Galway,Waterford,1,0,H,1.95,3.33,4.4,1.95,3.36,4.4,1.89,3.25,4.23,1.99,3.4,4.8,,,
Ireland,Premier Division,2025,14/03/2025,19:45,Shelbourne,Cork City,1,1,D,1.64,3.72,6.09,1.67,3.77,6.5,1.62,3.59,5.66,1.67,3.7,7,,,
Ireland,Premier Division,2025,14/03/2025,19:45,St. Patricks,Bohemians,3,0,H,1.78,3.64,4.92,1.8,3.64,5,1.74,3.49,4.71,1.79,3.75,5.4,,,
Ireland,Premier Division,2025,15/03/2025,19:45,Sligo Rovers,Derry City,0,1,A,4.38,3.62,1.86,4.5,3.7,1.9,4.22,3.47,1.83,4.7,3.65,1.92,,,
Ireland,Premier Division,2025,28/03/2025,19:45,Bohemians,Galway,0,2,A,2.25,3.16,3.6,2.3,3.17,3.6,2.22,3.08,3.35,2.3,3.25,3.75,,,
Ireland,Premier Division,2025,28/03/2025,19:45,Cork City,Drogheda,1,1,D,2.65,3.24,2.83,2.65,3.24,2.83,2.6,3.1,2.76,2.76,3.3,2.92,,,
Ireland,Premier Division,2025,28/03/2025,19:45,Sligo Rovers,Shelbourne,1,2,A,3.8,3.21,2.15,3.8,3.24,2.16,3.64,3.17,2.08,3.95,3.35,2.2,,,
Ireland,Premier Division,2025,28/03/2025,19:45,Waterford,St. Patricks,1,2,A,4.82,3.67,1.78,4.82,3.74,1.83,4.4,3.57,1.77,4.9,3.95,1.84,,,
Ireland,Premier Division,2025,28/03/2025,20:00,Shamrock Rovers,Derry City,0,0,D,2.12,3.01,4.24,2.13,3.2,4.24,2.05,3,4.01,2.16,3.15,4.3,,,
Ireland,Premier Division,2025,04/04/2025,19:45,Bohemians,Sligo Rovers,4,2,H,1.44,4.54,7.62,1.45,4.54,7.62,1.43,4.38,7.1,1.46,4.9,8.4,,,
Ireland,Premier Division,2025,04/04/2025,19:45,Derry City,Cork City,2,1,H,1.47,4.32,7.54,1.48,4.5,7.6,1.44,4.17,7.37,1.49,4.5,8.8,,,
Ireland,Premier Division,2025,04/04/2025,19:45,Drogheda,Waterford,2,0,H,2.03,3.31,4.09,2.05,3.31,4.09,2,3.24,3.9,2.1,3.35,4.2,,,
Ireland,Premier Division,2025,04/04/2025,19:45,Galway,Shamrock Rovers,0,1,A,3.44,3.01,2.41,3.55,3.1,2.41,3.32,2.99,2.32,3.55,3.05,2.46,,,
Ireland,Premier Division,2025,04/04/2025,19:45,St. Patricks,Shelbourne,0,0,D,1.81,3.42,5.11,1.87,3.47,5.11,1.8,3.35,4.69,1.85,3.5,5.7,,,
Ireland,Premier Division,2025,11/04/2025,19:45,Cork City,St. Patricks,0,2,A,6.67,4.19,1.53,7.17,4.2,1.55,6.45,3.88,1.51,7.2,4.2,1.57,,,
Ireland,Premier Division,2025,11/04/2025,19:45,Derry City,Drogheda,1,3,A,1.74,3.43,5.71,1.74,3.55,5.71,1.69,3.36,5.33,1.78,3.55,6,,,
Ireland,Premier Division,2025,11/04/2025,19:45,Shelbourne,Bohemians,1,0,H,2.39,3.15,3.31,2.39,3.2,3.31,2.3,3.11,3.13,2.48,3.2,3.4,,,
Ireland,Premier Division,2025,11/04/2025,20:00,Shamrock Rovers,Waterford,2,0,H,1.42,4.35,9.14,1.44,4.7,9.5,1.39,4.2,8.53,1.44,4.6,10.5,,,
Ireland,Premier Division,2025,12/04/2025,19:45,Sligo Rovers,Galway,1,2,A,3.56,3.43,2.14,3.56,3.43,2.21,3.36,3.28,2.12,3.75,3.5,2.2,,,
Ireland,Premier Division,2025,14/04/2025,20:00,Shamrock Rovers,Cork City,4,1,H,1.36,4.73,10.15,1.36,4.75,10.5,1.33,4.52,9.45,1.39,4.8,12,,,
Ireland,Premier Division,2025,18/04/2025,19:45,Bohemians,Cork City,1,0,H,1.5,4.26,7.03,1.54,4.26,7.03,1.49,4.02,6.41,1.55,4.3,7.2,,,
Ireland,Premier Division,2025,18/04/2025,19:45,Drogheda,Shelbourne,2,2,D,2.92,2.99,2.77,2.92,3.14,2.77,2.77,2.96,2.65,3,3,2.86,,,
Ireland,Premier Division,2025,18/04/2025,19:45,Galway,Derry City,2,3,A,2.77,2.91,2.99,2.77,2.95,2.99,2.63,2.85,2.89,2.82,2.96,3.2,,,
Ireland,Premier Division,2025,18/04/2025,19:45,St. Patricks,Shamrock Rovers,2,2,D,2.87,3.08,2.74,2.87,3.18,2.74,2.74,3.03,2.61,2.94,3.1,2.9,,,
Ireland,Premier Division,2025,18/04/2025,19:45,Waterford,Sligo Rovers,0,4,A,1.93,3.69,3.96,2.06,3.69,3.96,1.91,3.53,3.72,1.99,3.9,4,,,
Ireland,Premier Division,2025,21/04/2025,14:00,Shamrock Rovers,Bohemians,2,3,A,1.68,3.66,5.67,1.71,3.75,5.67,1.65,3.56,5.22,1.74,3.75,6,,,
Ireland,Premier Division,2025,21/04/2025,17:00,Cork City,Waterford,2,1,H,2.2,3.29,3.57,2.2,3.33,3.57,2.14,3.27,3.29,2.26,3.45,3.65,,,
Ireland,Premier Division,2025,21/04/2025,17:00,Drogheda,St. Patricks,0,0,D,3.39,3.27,2.28,3.45,3.27,2.28,3.25,3.16,2.2,3.55,3.4,2.32,,,
Ireland,Premier Division,2025,21/04/2025,17:00,Shelbourne,Galway,2,2,D,2.33,3.12,3.45,2.33,3.12,3.5,2.26,3.04,3.28,2.36,3.1,3.7,,,
Ireland,Premier Division,2025,22/04/2025,19:45,Derry City,Sligo Rovers,3,0,H,1.47,4.37,7.52,1.51,4.37,7.67,1.45,4.05,7.1,1.5,4.6,7.8,,,
Ireland,Premier Division,2025,25/04/2025,19:45,Bohemians,St. Patricks,2,1,H,3.17,3.23,2.42,3.17,3.35,2.42,2.96,3.18,2.36,3.3,3.3,2.5,,,
Ireland,Premier Division,2025,25/04/2025,19:45,Galway,Drogheda,2,1,H,2.17,3.16,3.8,2.2,3.16,3.8,2.15,3.09,3.48,2.22,3.2,4,,,
Ireland,Premier Division,2025,25/04/2025,19:45,Shamrock Rovers,Shelbourne,2,2,D,1.87,3.25,5.02,1.92,3.25,5.02,1.87,3.16,4.44,1.94,3.3,5.3,,,
Ireland,Premier Division,2025,25/04/2025,19:45,Waterford,Derry City,2,1,H,4.66,3.48,1.85,4.66,3.6,1.9,4.35,3.36,1.82,5,3.5,1.92,,,
Ireland,Premier Division,2025,26/04/2025,19:45,Sligo Rovers,Cork City,1,1,D,2.21,3.61,3.22,2.25,3.61,3.22,2.16,3.43,3.11,2.3,3.7,3.3,,,
Ireland,Premier Division,2025,02/05/2025,19:45,Bohemians,Waterford,1,2,A,1.54,4.28,6.19,1.55,4.28,6.54,1.51,4.03,6,1.59,4.4,6.8,,,
Ireland,Premier Division,2025,02/05/2025,19:45,Cork City,Shamrock Rovers,1,1,D,4.69,3.69,1.79,4.75,3.69,1.83,4.45,3.49,1.78,4.9,3.7,1.87,,,
Ireland,Premier Division,2025,02/05/2025,19:45,Derry City,Shelbourne,2,0,H,2.33,3.01,3.59,2.33,3.2,3.6,2.21,3,3.49,2.34,3.1,3.85,,,
Ireland,Premier Division,2025,02/05/2025,19:45,Sligo Rovers,Drogheda,2,2,D,2.63,3.26,2.84,2.65,3.26,2.84,2.58,3.15,2.7,2.78,3.25,2.92,,,
Ireland,Premier Division,2025,02/05/2025,19:45,St. Patricks,Galway,2,0,H,1.91,3.52,4.31,1.92,3.6,4.31,1.88,3.4,4.05,1.95,3.55,4.7,,,
Ireland,Premier Division,2025,05/05/2025,17:00,Drogheda,Cork City,3,2,H,1.9,3.57,4.26,1.93,3.57,4.5,1.85,3.44,4.14,1.98,3.55,4.5,,,
Ireland,Premier Division,2025,05/05/2025,17:00,Galway,Bohemians,1,2,A,2.86,3.32,2.58,2.86,3.32,2.7,2.72,3.17,2.55,2.92,3.35,2.76,,,
Ireland,Premier Division,2025,05/05/2025,17:00,Shelbourne,Waterford,0,1,A,1.47,4.24,7.87,1.5,4.24,7.87,1.46,4.03,7.18,1.52,4.4,8.2,,,
Ireland,Premier Division,2025,05/05/2025,19:00,Shamrock Rovers,Sligo Rovers,2,0,H,1.31,5.45,10.06,1.38,5.45,10.06,1.3,5.09,9.23,1.34,5.7,12,,,
Ireland,Premier Division,2025,05/05/2025,19:45,Derry City,St. Patricks,1,0,H,2.04,3.23,4.15,2.35,3.23,4.2,2.07,3.08,3.79,2.14,3.2,4.4,,,
Ireland,Premier Division,2025,09/05/2025,19:45,Cork City,Derry City,1,2,A,5.27,3.4,1.79,5.5,3.5,1.81,5.07,3.31,1.74,5.6,3.5,1.83,,,
Ireland,Premier Division,2025,09/05/2025,19:45,Shamrock Rovers,Drogheda,3,0,H,1.47,4.15,8.05,1.47,4.2,8.16,1.44,4.01,7.62,1.5,4.3,8.8,,,
Ireland,Premier Division,2025,09/05/2025,19:45,Shelbourne,St. Patricks,2,1,H,2.51,3.12,3.13,2.51,3.12,3.2,2.41,3.02,3.04,2.58,3.2,3.25,,,
Ireland,Premier Division,2025,09/05/2025,19:45,Waterford,Galway,1,0,H,3.21,3.53,2.25,3.5,3.53,2.25,3.21,3.3,2.18,3.4,3.5,2.3,,,
Ireland,Premier Division,2025,10/05/2025,19:45,Sligo Rovers,Bohemians,0,1,A,4.18,3.77,1.86,4.18,3.85,1.92,3.89,3.58,1.86,4.5,3.9,1.9,,,
Ireland,Premier Division,2025,16/05/2025,19:45,Bohemians,Shelbourne,1,0,H,2.38,3.15,3.32,2.44,3.2,3.32,2.31,3.08,3.16,2.42,3.2,3.5,,,
Ireland,Premier Division,2025,16/05/2025,19:45,Drogheda,Derry City,1,1,D,3.91,3.26,2.1,3.91,3.26,2.25,3.63,3.05,2.15,4,3.15,2.22,,,
Ireland,Premier Division,2025,16/05/2025,19:45,Galway,Sligo Rovers,0,1,A,1.61,4,5.82,1.69,4.04,5.82,1.62,3.88,5.16,1.65,4.1,6.2,,,
Ireland,Premier Division,2025,16/05/2025,19:45,St. Patricks,Cork City,3,2,H,1.41,4.73,8.06,1.41,4.73,8.81,1.38,4.53,7.79,1.42,4.8,10.5,,,
Ireland,Premier Division,2025,16/05/2025,19:45,Waterford,Shamrock Rovers,1,3,A,5.32,3.75,1.7,5.5,3.85,1.72,4.98,3.69,1.67,5.5,3.95,1.74,,,
Ireland,Premier Division,2025,19/05/2025,19:45,Shelbourne,Drogheda,0,0,D,1.91,3.46,4.38,1.95,3.46,4.4,1.9,3.33,4.17,1.97,3.45,4.8,,,
Ireland,Premier Division,2025,19/05/2025,20:00,Shamrock Rovers,St. Patricks,4,0,H,1.83,3.47,4.87,1.85,3.6,4.87,1.79,3.47,4.51,1.86,3.75,5,,,
Ireland,Premier Division,2025,23/05/2025,19:45,Derry City,Shamrock Rovers,1,2,A,2.73,2.95,3,2.79,2.96,3,2.69,2.91,2.84,2.82,3,3.15,,,
Ireland,Premier Division,2025,23/05/2025,19:45,Drogheda,Bohemians,1,0,H,3.26,3.27,2.35,3.26,3.33,2.45,3.05,3.21,2.32,3.3,3.35,2.4,,,
Ireland,Premier Division,2025,23/05/2025,19:45,Galway,Cork City,2,1,H,1.72,3.79,5.06,1.76,3.79,5.4,1.7,3.63,4.93,1.77,3.85,5.4,,,
Ireland,Premier Division,2025,23/05/2025,19:45,Shelbourne,Sligo Rovers,3,2,H,1.64,3.96,5.58,1.65,3.96,5.58,1.61,3.89,5.26,1.67,4.1,6,,,
Ireland,Premier Division,2025,23/05/2025,19:45,St. Patricks,Waterford,2,2,D,1.46,4.75,6.76,1.5,4.75,6.76,1.45,4.51,6.25,1.48,4.9,7.6,,,
Ireland,Premier Division,2025,30/05/2025,19:45,Bohemians,Derry City,1,0,H,2.32,3.1,3.51,2.33,3.2,3.51,2.27,3.06,3.31,2.42,3.1,3.65,,,
Ireland,Premier Division,2025,30/05/2025,19:45,Cork City,Shelbourne,1,1,D,3.49,3.32,2.22,3.55,3.32,2.23,3.43,3.21,2.14,3.7,3.45,2.22,,,
Ireland,Premier Division,2025,30/05/2025,19:45,Sligo Rovers,St. Patricks,0,1,A,3.64,3.72,2.01,3.64,3.72,2.06,3.47,3.56,2,4,3.75,2.02,,,
Ireland,Premier Division,2025,30/05/2025,19:45,Waterford,Drogheda,2,2,D,2.62,3.46,2.72,2.7,3.46,2.72,2.59,3.29,2.65,2.76,3.5,2.78,,,
Ireland,Premier Division,2025,30/05/2025,20:00,Shamrock Rovers,Galway,0,0,D,1.56,3.96,6.7,1.56,4.4,6.7,1.52,4.03,6.09,1.61,4.3,6.6,,,
Ireland,Premier Division,2025,13/06/2025,19:45,Cork City,Bohemians,0,2,A,4.01,3.63,1.94,4.2,3.63,1.94,3.79,3.39,1.85,4.2,3.65,2,,,
Ireland,Premier Division,2025,13/06/2025,19:45,Derry City,Galway,1,1,D,1.81,3.47,4.96,1.9,3.5,4.96,1.8,3.31,4.2,1.92,3.45,5.1,,,
Ireland,Premier Division,2025,13/06/2025,19:45,Shelbourne,Shamrock Rovers,1,2,A,4,3.08,2.15,4,3.15,2.15,3.51,3,2.08,4,3.2,2.22,,,
Ireland,Premier Division,2025,13/06/2025,19:45,St. Patricks,Drogheda,0,0,D,1.77,3.77,4.73,1.77,3.8,4.73,1.71,3.53,4.39,1.81,3.8,5.1,,,
Ireland,Premier Division,2025,14/06/2025,19:45,Sligo Rovers,Waterford,1,0,H,2.3,3.65,3.02,2.38,3.65,3.02,2.27,3.43,2.75,2.42,3.75,3.05,,,
Ireland,Premier Division,2025,16/06/2025,19:45,Drogheda,Shamrock Rovers,1,2,A,5.23,3.62,1.74,5.23,3.62,1.77,4.6,3.38,1.72,5.4,3.7,1.82,,,
Ireland,Premier Division,2025,16/06/2025,19:45,St. Patricks,Shelbourne,0,1,A,2.26,3.2,3.52,2.26,3.25,3.52,2.16,3.07,3.23,2.32,3.3,3.65,,,
Ireland,Premier Division,2025,20/06/2025,19:45,Drogheda,Sligo Rovers,1,0,H,1.91,3.53,4.26,1.91,3.53,4.35,1.81,3.34,4.08,1.96,3.7,4.4,,,
Ireland,Premier Division,2025,20/06/2025,19:45,Galway,St. Patricks,3,1,H,2.97,3.15,2.6,2.97,3.25,2.6,2.79,3.03,2.46,3.05,3.3,2.66,,,
Ireland,Premier Division,2025,20/06/2025,19:45,Shamrock Rovers,Cork City,4,1,H,1.29,5.4,11.74,1.29,6,13,1.24,5.29,10.47,1.31,5.7,15,,,
Ireland,Premier Division,2025,20/06/2025,19:45,Shelbourne,Derry City,0,1,A,2.66,2.76,3.33,2.66,2.88,3.33,2.48,2.75,3.04,2.7,2.88,3.45,,,
Ireland,Premier Division,2025,20/06/2025,19:45,Waterford,Bohemians,2,1,H,3.49,3.69,2.07,3.5,3.7,2.07,3.31,3.47,1.98,3.7,3.75,2.14,,,
Ireland,Premier Division,2025,23/06/2025,19:45,Bohemians,Shamrock Rovers,2,0,H,3.35,3.15,2.36,3.4,3.25,2.36,3.22,3.06,2.17,3.75,3.25,2.32,,,
Ireland,Premier Division,2025,23/06/2025,19:45,Cork City,Drogheda,1,1,D,2.89,3.33,2.55,2.9,3.4,2.55,2.76,3.2,2.36,3,3.4,2.66,,,
Ireland,Premier Division,2025,23/06/2025,19:45,Sligo Rovers,Galway,2,1,H,3.5,3.59,2.1,3.5,3.59,2.1,3.22,3.35,2.04,3.6,3.65,2.18,,,
Ireland,Premier Division,2025,23/06/2025,19:45,St. Patricks,Derry City,0,1,A,2.34,3.08,3.48,2.35,3.2,3.48,2.26,2.96,3.12,2.42,3.2,3.55,,,
Ireland,Premier Division,2025,23/06/2025,19:45,Waterford,Shelbourne,2,2,D,2.86,3.37,2.55,2.86,3.37,2.55,2.7,3.17,2.43,3.05,3.35,2.62,,,
Ireland,Premier Division,2025,27/06/2025,19:45,Bohemians,Sligo Rovers,1,1,D,1.31,5.75,9.07,1.31,5.75,10,1.26,5.28,8.85,1.32,6.2,11.5,,,
Ireland,Premier Division,2025,27/06/2025,19:45,Cork City,St. Patricks,0,0,D,4.32,3.76,1.83,4.32,3.76,1.85,3.98,3.46,1.8,4.5,3.85,1.91,,,
Ireland,Premier Division,2025,27/06/2025,19:45,Derry City,Drogheda,3,0,H,1.58,3.69,7.17,1.62,3.7,7.17,1.57,3.39,6.09,1.65,3.7,7.6,,,
Ireland,Premier Division,2025,27/06/2025,19:45,Galway,Shelbourne,1,1,D,3.09,3.14,2.52,3.1,3.14,2.55,2.84,3.02,2.42,3.1,3.25,2.62,,,
Ireland,Premier Division,2025,27/06/2025,20:00,Shamrock Rovers,Waterford,1,0,H,1.25,6.03,11.47,1.3,6.03,11.47,1.24,5.34,9.78,1.31,6,13,,,
Ireland,Premier Division,2025,04/07/2025,19:45,Derry City,Waterford,7,2,H,1.5,4.24,7.05,1.53,4.24,7.05,1.47,3.94,6.15,1.53,4.4,8,,,
Ireland,Premier Division,2025,04/07/2025,19:45,Drogheda,Galway,1,0,H,2.59,3.2,2.95,2.59,3.2,2.95,2.44,3.03,2.81,2.7,3.2,3.05,,,
Ireland,Premier Division,2025,04/07/2025,19:45,Shelbourne,Cork City,3,1,H,1.47,4.28,7.54,1.48,4.5,7.54,1.42,4.11,6.75,1.5,4.5,8.2,,,
Ireland,Premier Division,2025,04/07/2025,19:45,St. Patricks,Bohemians,0,0,D,2.54,3.33,2.9,2.54,3.35,2.9,2.41,3.19,2.72,2.58,3.5,3,,,
Ireland,Premier Division,2025,05/07/2025,19:45,Sligo Rovers,Shamrock Rovers,2,2,D,7.38,4.5,1.46,7.38,4.6,1.46,6.67,4.3,1.4,8,4.9,1.47,,,
Ireland,Premier Division,2025,11/07/2025,19:45,Bohemians,Galway,3,0,H,1.52,4.29,6.54,1.52,4.29,6.54,1.49,4,5.7,1.57,4.5,6.6,,,
Ireland,Premier Division,2025,11/07/2025,19:45,Waterford,Cork City,2,0,H,2.2,3.59,3.26,2.2,3.59,3.3,2.07,3.39,3.14,2.18,3.65,3.6,,,
Ireland,Premier Division,2025,12/07/2025,19:45,Sligo Rovers,Derry City,2,0,H,4.72,3.7,1.79,5,3.7,1.79,4.54,3.41,1.72,5,3.8,1.83,,,
Ireland,Premier Division,2025,25/07/2025,19:45,Cork City,Sligo Rovers,2,3,A,2.35,3.42,3.11,2.5,3.42,3.11,2.38,3.19,2.74,2.52,3.5,3.05,,,
Ireland,Premier Division,2025,25/07/2025,19:45,Derry City,Bohemians,1,1,D,2.27,3.18,3.53,2.35,3.18,3.53,2.22,2.99,3.2,2.28,3.35,3.7,,,
Ireland,Premier Division,2025,25/07/2025,19:45,Galway,Waterford,2,4,A,1.86,3.85,4.08,1.95,3.85,4.08,1.87,3.44,3.68,2.02,3.85,4,,,
Ireland,Premier Division,2025,01/08/2025,19:45,Bohemians,Drogheda,0,1,A,1.57,4.01,6.35,1.57,4.2,6.5,1.5,3.86,5.96,1.6,4.1,7.4,,,
Ireland,Premier Division,2025,01/08/2025,19:45,Cork City,Galway,1,0,H,3.3,3.51,2.22,3.3,3.6,2.25,3,3.31,2.17,3.5,3.65,2.26,,,
Ireland,Premier Division,2025,02/08/2025,19:45,Sligo Rovers,Shelbourne,0,2,A,3.7,3.46,2.08,3.7,3.46,2.15,3.21,3.23,2.1,3.4,3.45,2.3,,,
Ireland,Premier Division,2025,03/08/2025,16:00,Waterford,St. Patricks,0,2,A,3.8,3.6,2.01,3.8,3.65,2.01,3.46,3.41,1.94,3.85,3.8,2.06,,,
Ireland,Premier Division,2025,03/08/2025,19:00,Shamrock Rovers,Derry City,2,0,H,2.05,3.29,4.04,2.05,3.29,4.33,1.97,3.03,3.87,2.14,3.2,4.4,,,
Ireland,Premier Division,2025,08/08/2025,19:45,Derry City,Cork City,0,0,D,1.28,5.57,11.75,1.27,5.25,15,1.24,5.09,11,1.26,6.2,18,,,
Ireland,Premier Division,2025,08/08/2025,19:45,Drogheda,Waterford,0,0,D,1.97,3.5,4.04,1.96,3.7,4.2,1.85,3.42,3.71,1.99,3.75,4.1,,,
Ireland,Premier Division,2025,09/08/2025,17:00,Shelbourne,Bohemians,2,2,D,2.86,3.19,2.66,3.3,3.2,2.35,3.1,3.05,2.21,3.4,3.3,2.48,,,
Ireland,Premier Division,2025,10/08/2025,17:00,Galway,Shamrock Rovers,0,0,D,3.31,3.48,2.22,2.8,3.3,2.6,2.68,3.1,2.47,3,3.15,2.82,,,
Ireland,Premier Division,2025,10/08/2025,18:00,St. Patricks,Sligo Rovers,3,0,H,1.46,4.54,7.1,1.38,4.75,8,1.35,4.52,7.32,1.41,5.2,9.4,,,
Ireland,Premier Division,2025,22/08/2025,19:45,Bohemians,Cork City,3,0,H,1.34,5.4,9,1.4,5.1,8,1.34,4.66,7.3,1.37,5.7,9.8,1.38,4.5,6
Ireland,Premier Division,2025,22/08/2025,19:45,Drogheda,St. Patricks,0,1,A,3.46,3.26,2.26,3.75,3.35,2.1,3.46,3.18,2.02,3.9,3.5,2.12,3.25,3.1,2.1
Ireland,Premier Division,2025,22/08/2025,19:45,Galway,Derry City,1,2,A,3.17,3.09,2.5,2.8,3.2,2.63,2.64,3,2.54,3,3.15,2.78,2.55,3,2.55
Ireland,Premier Division,2025,22/08/2025,19:45,Waterford,Sligo Rovers,1,2,A,2.21,3.67,3.18,2.2,3.6,3.25,2.15,3.42,2.87,2.32,3.8,3.15,2.15,3.4,2.8
Ireland,Premier Division,2025,29/08/2025,19:45,Cork City,Waterford,2,0,H,2.54,3.55,2.75,2.55,3.4,2.7,2.46,3.28,2.57,2.66,3.75,2.78,2.55,3.4,2.63
Ireland,Premier Division,2025,29/08/2025,19:45,Derry City,St. Patricks,2,2,D,2.4,3.13,3.3,2.38,3.2,3.3,2.3,3.02,3,2.44,3.15,3.45,2.3,3.1,3.3
Ireland,Premier Division,2025,30/08/2025,19:45,Sligo Rovers,Bohemians,0,0,D,4.58,3.83,1.78,4.5,3.85,1.77,4.1,3.61,1.73,4.6,3.85,1.86,4.5,3.75,1.73
Ireland,Premier Division,2025,31/08/2025,19:00,Shamrock Rovers,Drogheda,2,1,H,1.5,4.12,7.56,1.48,4.25,8.5,1.44,3.88,6.74,1.51,4.2,9.6,1.48,3.75,8.5
Ireland,Premier Division,2025,07/09/2025,17:00,Shelbourne,Galway,1,0,H,1.97,3.26,4.42,1.95,3.45,4.2,1.88,3.23,3.89,2.02,3.35,4.6,1.95,3.2,4.2
Ireland,Premier Division,2025,12/09/2025,19:45,Bohemians,Derry City,3,4,A,2.22,3.1,3.77,2.23,3.25,3.5,2.15,3.02,3.31,2.3,3.2,3.8,2.1,3.1,3.5
Ireland,Premier Division,2025,19/09/2025,19:45,Bohemians,Waterford,2,1,H,1.39,5.14,7.57,1.38,4.8,8,1.35,4.65,6.8,1.43,5.1,8.6,1.38,4.5,7
Ireland,Premier Division,2025,19/09/2025,19:45,Cork City,Shamrock Rovers,1,1,D,7.79,4.38,1.45,8,4.33,1.44,6.86,4.09,1.41,8.8,4.8,1.46,7.5,4.33,1.42
Ireland,Premier Division,2025,19/09/2025,19:45,Derry City,Shelbourne,1,1,D,2.43,3.07,3.31,2.35,3,3.3,2.24,2.95,3.16,2.42,3.15,3.6,2.25,3,3.3
Ireland,Premier Division,2025,19/09/2025,19:45,Sligo Rovers,Drogheda,1,1,D,2.57,3.22,2.96,2.35,3.35,3.1,2.27,3.17,2.89,2.48,3.3,3.3,2.25,3.3,2.88
Ireland,Premier Division,2025,19/09/2025,19:45,St. Patricks,Galway,1,1,D,1.62,4.06,5.6,1.58,4.2,5.75,1.54,3.8,5.35,1.59,4.2,7,1.53,4.2,5.5
Ireland,Premier Division,2025,22/09/2025,19:45,Drogheda,Shelbourne,2,1,H,3.65,3.11,2.26,4.6,3.3,2.02,3.92,3.16,1.89,4.5,3.45,2,4.1,3.25,1.8
Ireland,Premier Division,2025,22/09/2025,19:45,Galway,Sligo Rovers,0,1,A,1.84,3.61,4.53,1.8,3.75,4.5,1.73,3.59,4.09,1.8,3.85,5,1.75,3.7,3.6
Ireland,Premier Division,2025,22/09/2025,19:45,St. Patricks,Cork City,4,0,H,1.28,5.79,10.53,1.3,5.25,10,1.26,5.11,9.18,1.29,6.2,13,1.27,4.75,10
Ireland,Premier Division,2025,22/09/2025,19:45,Waterford,Shamrock Rovers,1,2,A,5.13,3.92,1.68,5.25,3.85,1.67,4.8,3.6,1.62,6,3.85,1.72,4.75,3.6,1.65
Ireland,Premier Division,2025,26/09/2025,19:45,Drogheda,Derry City,1,1,D,3.59,3.03,2.32,3.55,3,2.25,3.4,2.88,2.17,3.75,3.15,2.34,3.4,2.88,2.2
Ireland,Premier Division,2025,26/09/2025,19:45,Galway,Cork City,2,1,H,1.54,4.36,6.02,1.6,4.2,5.75,1.52,3.96,5.32,1.59,4.5,6.2,1.55,3.9,4.75
Ireland,Premier Division,2025,26/09/2025,19:45,Shamrock Rovers,Bohemians,2,1,H,1.88,3.55,4.37,1.9,3.5,4,1.84,3.34,3.87,1.95,3.55,4.7,1.8,3.4,4
Ireland,Premier Division,2025,26/09/2025,19:45,Shelbourne,Waterford,2,1,H,1.44,4.61,7.53,1.47,4.33,8.5,1.42,4.13,6.45,1.49,4.6,8.4,1.42,4.33,6
Ireland,Premier Division,2025,27/09/2025,19:45,Sligo Rovers,St. Patricks,1,0,H,4.94,3.92,1.71,4.75,3.75,1.73,4.43,3.62,1.67,5.2,4,1.78,4.5,3.7,1.65
Ireland,Premier Division,2025,05/10/2025,16:00,Derry City,Sligo Rovers,1,0,H,1.59,4.14,5.77,1.57,4.2,6.25,1.52,3.9,5.57,1.61,4.3,6.4,1.5,4.2,6.25
Ireland,Premier Division,2025,05/10/2025,16:00,Waterford,Drogheda,2,0,H,2.52,3.34,2.93,2.4,3.5,2.9,2.32,3.27,2.76,2.54,3.4,3,2.3,3.4,2.9
Ireland,Premier Division,2025,10/10/2025,20:00,Shamrock Rovers,Shelbourne,0,1,A,2.22,3.12,3.74,2.2,3.2,3.7,2.09,3.04,3.45,2.3,3.15,3.8,2.2,3,3.6
Ireland,Premier Division,2025,13/10/2025,19:45,Cork City,Shelbourne,1,2,A,6.63,4.15,1.53,6,4.1,1.55,5.83,3.87,1.5,6.8,4.3,1.57,6,3.9,1.55
Ireland,Premier Division,2025,17/10/2025,19:45,Drogheda,Cork City,1,0,H,1.57,4.06,6.24,1.6,4.2,6.33,1.52,3.83,5.67,1.58,4.3,7,1.53,4.2,5.75
Ireland,Premier Division,2025,17/10/2025,19:45,Galway,Bohemians,2,0,H,3.23,3.45,2.27,3.14,3.5,2.25,2.97,3.28,2.19,3.25,3.5,2.38,3,3.5,2.2
Ireland,Premier Division,2025,17/10/2025,19:45,Shelbourne,Sligo Rovers,3,1,H,1.55,4.27,6.03,1.57,4.1,6.25,1.52,3.9,5.51,1.6,4.3,6.4,1.57,3.8,6
Ireland,Premier Division,2025,17/10/2025,19:45,St. Patricks,Shamrock Rovers,1,0,H,2.42,3.1,3.29,2.35,3.2,3.5,2.28,3.05,3.02,2.44,3.2,3.5,2.25,3,3.5
Ireland,Premier Division,2025,17/10/2025,19:45,Waterford,Derry City,1,2,A,3.57,3.36,2.17,3.33,3.5,2.25,3.19,3.26,2.1,3.6,3.4,2.28,3.1,3.5,2.2
Ireland,Premier Division,2025,20/10/2025,19:45,Bohemians,St. Patricks,0,0,D,2.58,3.18,2.98,2.45,3.2,3,2.31,3.11,2.89,2.48,3.35,3.25,2.4,3.2,3
Ireland,Premier Division,2025,24/10/2025,19:45,Galway,Drogheda,1,1,D,2.06,3.4,3.61,1.8,3.6,4.5,1.74,3.47,4.23,1.82,3.7,5.3,1.75,3.6,4.33
Ireland,Premier Division,2025,24/10/2025,19:45,St. Patricks,Waterford,1,1,D,1.39,4.96,7,1.47,4.75,7.5,1.41,4.29,6.35,1.46,5,8,1.42,4.2,7.5
Ireland,Premier Division,2025,25/10/2025,19:45,Sligo Rovers,Cork City,1,1,D,1.5,4.43,5.92,1.57,4.2,6,1.51,4.07,5.29,1.56,4.5,7,1.53,4.2,5
Ireland,Premier Division,2025,26/10/2025,15:00,Derry City,Shamrock Rovers,2,1,H,2.67,3,2.88,2.75,3.15,2.88,2.56,2.96,2.7,2.76,3,3.15,2.7,2.9,2.8
Ireland,Premier Division,2025,26/10/2025,16:00,Bohemians,Shelbourne,2,3,A,2.2,3.39,3.27,2.14,3.4,3.5,2.07,3.22,3.29,2.24,3.4,3.75,2.1,3.4,3.4
Ireland,Premier Division,2025,28/10/2025,20:00,Shamrock Rovers,Galway,1,0,H,,,,2.4,3.2,3.25,2.26,3.09,3.03,2.4,3.3,3.55,2.25,3.2,3.1
Ireland,Premier Division,2025,01/11/2025,16:30,Cork City,Derry City,0,1,A,,,,6.75,4,1.57,5.88,3.81,1.5,6.4,4.3,1.58,6,3.4,1.57
Ireland,Premier Division,2025,01/11/2025,16:30,Drogheda,Bohemians,1,4,A,,,,3.7,3.4,2.12,3.31,3.27,2.03,3.75,3.65,2.14,3.7,3.2,2
Ireland,Premier Division,2025,01/11/2025,16:30,Shamrock Rovers,Sligo Rovers,1,2,A,,,,2.5,3.4,2.92,2.39,3.17,2.73,2.6,3.25,3.15,2.5,3.1,2.75
Ireland,Premier Division,2025,01/11/2025,16:30,Shelbourne,St. Patricks,0,0,D,,,,2.6,3.3,2.75,2.48,3.16,2.61,2.68,3.35,2.94,2.4,3.3,2.63
Ireland,Premier Division,2025,01/11/2025,16:30,Waterford,Galway,1,1,D,,,,2.8,3.3,2.63,2.68,3.08,2.48,2.92,3.3,2.74,2.7,2.8,2.63
Ireland,Premier Division,2026,06/02/2026,19:45,Galway,Drogheda,0,1,A,,,,2.4,3.1,3.5,2.28,2.99,3.07,2.56,3.15,3.35,2.35,3,3
Ireland,Premier Division,2026,06/02/2026,19:45,Waterford,Shelbourne,1,1,D,,,,4.1,3.4,1.98,3.78,3.28,1.88,4.3,3.7,1.99,3.9,3.3,1.83
Ireland,Premier Division,2026,06/02/2026,20:00,Derry City,Sligo Rovers,2,1,H,,,,1.37,5,9,1.32,4.54,8.02,1.38,5.3,10,1.33,4.5,7.5
Ireland,Premier Division,2026,08/02/2026,14:00,Bohemians,St. Patricks,0,0,D,,,,2.75,3.05,2.8,2.61,2.88,2.68,2.9,3,2.94,2.75,2.8,2.63
Ireland,Premier Division,2026,13/02/2026,19:45,Derry City,Dundalk,2,2,D,,,,1.7,3.75,5.1,1.65,3.53,4.81,1.71,4,5.8,1.67,3.75,4.5
Ireland,Premier Division,2026,13/02/2026,20:00,Drogheda,Waterford,2,0,H,,,,2,3.4,4,1.92,3.24,3.66,1.98,3.6,4.3,1.9,3.25,3.8
Ireland,Premier Division,2026,14/02/2026,19:45,Sligo Rovers,Bohemians,0,4,A,,,,4.85,3.8,1.72,4.65,3.63,1.64,5.5,4,1.73,4.75,3.7,1.65
Ireland,Premier Division,2026,20/02/2026,19:45,Derry City,Bohemians,0,1,A,,,,2.4,3.25,3.2,2.27,3.11,2.96,2.52,3.25,3.25,2.2,3.1,3.1
Ireland,Premier Division,2026,20/02/2026,19:45,Shelbourne,Galway,1,1,D,,,,1.57,4,6.33,1.51,3.78,5.71,1.55,4.4,7.2,1.57,3.6,5.25
Ireland,Premier Division,2026,20/02/2026,19:45,Waterford,Sligo Rovers,0,0,D,,,,1.9,3.6,4,1.84,3.42,3.76,1.95,3.85,4.3,1.8,3.5,4
Ireland,Premier Division,2026,20/02/2026,20:00,Dundalk,Drogheda,1,1,D,,,,2.4,3.2,3.25,2.26,3.04,3.02,2.38,3.35,3.4,2.4,3,2.8
Ireland,Premier Division,2026,20/02/2026,20:00,Shamrock Rovers,St. Patricks,2,0,H,,,,2.4,3.1,3.4,2.27,2.85,3.22,2.54,2.96,3.6,2.15,3.1,3.4
Ireland,Premier Division,2026,23/02/2026,20:00,Shamrock Rovers,Dundalk,1,1,D,,,,1.55,4,7,1.45,3.88,6.38,1.51,4.4,8.2,1.44,3.9,6.25
Ireland,Premier Division,2026,27/02/2026,19:45,Derry City,Waterford,4,2,H,,,,1.5,4.33,6.5,1.44,4.11,5.94,1.52,4.8,7.4,1.45,4.1,6.25
Ireland,Premier Division,2026,27/02/2026,19:45,Drogheda,Shelbourne,1,2,A,,,,3.45,3.25,2.15,3.36,3.05,2.08,3.8,3.3,2.24,3.3,3.25,2.05
Ireland,Premier Division,2026,27/02/2026,19:45,Galway,Sligo Rovers,1,0,H,,,,1.83,3.55,4.8,1.73,3.37,4.36,1.86,3.7,4.9,1.75,3.3,4.5
Ireland,Premier Division,2026,27/02/2026,19:45,St. Patricks,Dundalk,4,0,H,,,,1.9,3.4,4.4,1.83,3.24,4.03,1.97,3.55,4.6,1.85,3.2,4.1
Ireland,Premier Division,2026,27/02/2026,20:00,Bohemians,Shamrock Rovers,3,2,H,,,,2.25,3.13,3.5,2.16,2.97,3.28,2.3,3.3,3.7,2.2,3.1,3.5
Ireland,Premier Division,2026,02/03/2026,19:45,St. Patricks,Galway,1,0,H,,,,1.77,3.5,5.75,1.67,3.38,4.86,1.75,3.75,5.9,1.67,3.4,5.75
Ireland,Premier Division,2026,06/03/2026,19:45,Galway,Dundalk,2,2,D,,,,2.3,3.25,3.25,2.22,3.08,3.04,2.4,3.3,3.4,2.3,3.1,3.2
Ireland,Premier Division,2026,06/03/2026,19:45,Waterford,Bohemians,0,1,A,,,,4.33,3.8,1.78,4.06,3.63,1.72,4.7,4,1.82,4.33,3.8,1.75
Ireland,Premier Division,2026,06/03/2026,20:00,Shamrock Rovers,Derry City,1,0,H,,,,2.08,3.4,3.65,2,3.23,3.41,2.16,3.6,3.8,2.05,3.4,3.6
Ireland,Premier Division,2026,06/03/2026,20:00,Shelbourne,St. Patricks,2,3,A,,,,2.3,3.1,3.35,2.25,2.97,3.11,2.46,3.2,3.45,2.3,3,3.25
Ireland,Premier Division,2026,07/03/2026,19:45,Sligo Rovers,Drogheda,2,1,H,,,,3.13,3.5,2.4,2.97,3.19,2.22,3.4,3.4,2.38,3,3.5,2.2
Ireland,Premier Division,2026,09/03/2026,19:45,Shelbourne,Shamrock Rovers,2,2,D,,,,2.55,3.1,3.05,2.38,3,2.85,2.56,3.15,3.3,2.38,3.1,3
Ireland,Premier Division,2026,13/03/2026,19:45,Bohemians,Galway,1,0,H,,,,1.55,4.2,6.4,1.49,3.86,5.7,1.6,4.2,6.8,1.53,3.8,5.75
Ireland,Premier Division,2026,13/03/2026,19:45,Derry City,Shelbourne,1,2,A,,,,2.3,3.25,3.25,2.16,3.13,3.1,2.28,3.35,3.6,2.15,3.1,3.25
Ireland,Premier Division,2026,13/03/2026,19:45,Dundalk,Waterford,5,0,H,,,,1.82,3.7,4.5,1.71,3.56,4.2,1.81,4,4.9,1.67,3.6,4.5
Ireland,Premier Division,2026,13/03/2026,19:45,St. Patricks,Drogheda,4,1,H,,,,1.65,3.75,6.6,1.53,3.56,5.96,1.6,4,7.4,1.53,3.6,6.5
Ireland,Premier Division,2026,13/03/2026,20:00,Sligo Rovers,Shamrock Rovers,0,2,A,,,,5.5,3.75,1.63,5.12,3.57,1.59,6.4,4,1.65,5.5,3.5,1.6
Ireland,Premier Division,2026,16/03/2026,19:45,Drogheda,Shamrock Rovers,0,0,D,,,,4.2,3.4,1.93,3.85,3.26,1.86,4.5,3.55,1.97,4.1,3.3,1.83
Ireland,Premier Division,2026,16/03/2026,19:45,Dundalk,Sligo Rovers,1,0,H,,,,1.69,3.8,5.1,1.63,3.63,4.67,1.74,4,5.4,1.62,3.7,4.75
Ireland,Premier Division,2026,16/03/2026,19:45,Shelbourne,Bohemians,0,0,D,,,,2.65,3.1,3,2.51,2.9,2.76,2.76,3.1,3,2.63,2.8,2.75
Ireland,Premier Division,2026,16/03/2026,19:45,St. Patricks,Derry City,0,0,D,,,,2.25,3.15,3.5,2.12,3.02,3.31,2.3,3.3,3.7,2.1,3,3.4
Ireland,Premier Division,2026,16/03/2026,20:00,Galway,Waterford,4,3,H,,,,1.73,3.75,4.8,1.65,3.59,4.55,1.73,4,5.3,1.65,3.6,4.75
Ireland,Premier Division,2026,20/03/2026,19:45,Derry City,Drogheda,2,2,D,,,,1.57,3.8,6.2,1.54,3.6,5.62,1.63,4,6.8,1.55,3.4,5.75
Ireland,Premier Division,2026,20/03/2026,19:45,Waterford,St. Patricks,0,2,A,,,,4.75,3.7,1.73,4.47,3.55,1.67,5.2,3.9,1.78,4.75,3.5,1.7
Ireland,Premier Division,2026,20/03/2026,20:00,Bohemians,Dundalk,1,1,D,,,,1.55,4,6.25,1.5,3.82,5.56,1.57,4.5,6.6,1.5,3.7,6
Ireland,Premier Division,2026,20/03/2026,20:00,Shamrock Rovers,Galway,2,0,H,,,,1.6,3.8,6.2,1.54,3.6,5.64,1.61,4.1,6.8,1.55,3.5,5.75
Ireland,Premier Division,2026,21/03/2026,19:45,Sligo Rovers,Shelbourne,0,1,A,,,,4.85,3.5,1.8,4.39,3.37,1.73,5.1,3.65,1.84,4.75,3.4,1.75
Ireland,Premier Division,2026,03/04/2026,19:45,Drogheda,Bohemians,0,0,D,,,,4.2,3.3,1.9,4.03,3.15,1.85,4.7,3.35,2,4.2,3.1,1.85
Ireland,Premier Division,2026,03/04/2026,19:45,Shelbourne,Dundalk,2,3,A,,,,1.76,3.7,4.85,1.7,3.52,4.33,1.78,3.95,5.2,1.7,3.5,4.5
Ireland,Premier Division,2026,03/04/2026,19:45,St. Patricks,Sligo Rovers,4,1,H,,,,1.33,5,13,1.28,4.67,9.38,1.33,5.5,13,1.27,4.5,11
Ireland,Premier Division,2026,03/04/2026,19:45,Waterford,Shamrock Rovers,1,1,D,,,,6.5,4.2,1.49,6.05,4.01,1.44,7.2,4.5,1.52,6,4,1.45
Ireland,Premier Division,2026,03/04/2026,20:00,Galway,Derry City,2,1,H,,,,2.82,3.1,2.7,2.71,2.92,2.55,3.05,2.98,2.9,2.7,2.88,2.6
Ireland,Premier Division,2026,06/04/2026,17:00,Bohemians,Waterford,1,1,D,,,,1.3,5.5,13,1.24,5.18,9.98,1.29,6.2,14,1.25,5.25,12
Ireland,Premier Division,2026,06/04/2026,17:00,Drogheda,Galway,2,3,A,,,,2.4,3.05,3.5,2.2,2.94,3.24,2.36,3.15,3.8,2.15,3,3.5
Ireland,Premier Division,2026,06/04/2026,17:00,Dundalk,St. Patricks,2,0,H,,,,3.8,3.45,2.05,3.63,3.31,1.9,4.2,3.65,2,3.8,3.25,1.9
Ireland,Premier Division,2026,06/04/2026,17:00,Shamrock Rovers,Shelbourne,3,2,H,,,,1.89,3.35,4.4,1.82,3.21,4.07,1.96,3.45,4.7,1.75,3.3,4.33
Ireland,Premier Division,2026,06/04/2026,17:00,Sligo Rovers,Derry City,0,0,D,,,,4.1,3.3,2,3.7,3.18,1.92,4.2,3.35,2.08,3.6,3,1.95
Ireland,Premier Division,2026,10/04/2026,19:45,Bohemians,Sligo Rovers,1,2,A,,,,1.35,5.2,11.5,1.3,4.65,8.33,1.37,5.3,11,1.33,4.33,8.5
Ireland,Premier Division,2026,10/04/2026,19:45,Dundalk,Derry City,2,2,D,,,,2.6,3.3,2.8,2.45,3.1,2.69,2.6,3.3,3.1,2.38,3.3,2.75
Ireland,Premier Division,2026,10/04/2026,20:00,St. Patricks,Shamrock Rovers,0,1,A,,,,2.3,3.13,3.35,2.18,3.03,3.17,2.38,3.25,3.55,2.2,3.1,3.25
Ireland,Premier Division,2026,17/04/2026,19:45,Drogheda,St. Patricks,1,3,A,,,,4.5,3.45,1.85,4.3,3.29,1.75,,,,4.33,3.4,1.73
Ireland,Premier Division,2026,17/04/2026,19:45,Dundalk,Galway,2,1,H,,,,1.87,3.65,4.1,1.8,3.43,3.87,,,,1.8,3.5,3.8
Ireland,Premier Division,2026,17/04/2026,19:45,Shelbourne,Derry City,1,2,A,,,,1.93,3.25,4.2,1.87,3.14,3.94,,,,1.83,3.2,4.1
Ireland,Premier Division,2026,17/04/2026,20:00,Shamrock Rovers,Bohemians,2,1,H,,,,2.4,3.05,3.15,2.32,2.9,3,,,,2.38,2.88,3
Ireland,Premier Division,2026,18/04/2026,19:45,Sligo Rovers,Waterford,2,0,H,,,,2.06,3.35,3.75,1.97,3.22,3.46,,,,1.95,3.25,3.75
Ireland,Premier Division,2026,24/04/2026,19:45,Shelbourne,Drogheda,3,4,A,,,,1.66,3.75,5.33,1.59,3.61,4.98,,,,1.6,3.7,5.25
Ireland,Premier Division,2026,24/04/2026,19:45,St. Patricks,Bohemians,3,1,H,,,,2.3,3.15,3.45,2.19,3.06,3.08,,,,2.25,3.1,3.1
Ireland,Premier Division,2026,24/04/2026,19:45,Waterford,Galway,1,1,D,,,,3.1,3.4,2.28,2.97,3.22,2.17,,,,3.1,3.3,2.15
Ireland,Premier Division,2026,24/04/2026,20:00,Derry City,Shamrock Rovers,1,0,H,,,,3.1,3.15,2.4,2.89,3.05,2.3,,,,2.8,3.1,2.4
Ireland,Premier Division,2026,25/04/2026,19:45,Sligo Rovers,Dundalk,2,0,H,,,,3.65,3.45,2.08,3.36,3.29,1.97,,,,3.3,3.4,2
Ireland,Premier Division,2026,01/05/2026,19:45,Drogheda,Sligo Rovers,1,0,H,,,,1.84,3.9,4.65,1.72,3.49,4.21,,,,1.7,3.9,4.5
Ireland,Premier Division,2026,01/05/2026,19:45,Dundalk,Shelbourne,1,2,A,,,,2.58,3.6,2.8,2.42,3.31,2.57,,,,2.55,3.5,2.6
Ireland,Premier Division,2026,01/05/2026,19:45,Galway,St. Patricks,2,2,D,,,,3.85,3.75,1.96,3.6,3.38,1.88,,,,3.8,3.5,1.91
Ireland,Premier Division,2026,01/05/2026,20:00,Bohemians,Derry City,1,1,D,,,,1.83,3.75,4.75,1.72,3.39,4.35,,,,1.7,3.6,4.75
Ireland,Premier Division,2026,01/05/2026,20:00,Shamrock Rovers,Waterford,1,0,H,,,,1.25,6.5,13.5,1.22,5.58,10.41,,,,1.25,6.25,11
Ireland,Premier Division,2026,04/05/2026,17:00,Bohemians,Shelbourne,2,2,D,,,,2.05,3.4,3.8,1.96,3.2,3.53,,,,1.95,3.3,3.6
Ireland,Premier Division,2026,04/05/2026,17:00,Derry City,Galway,1,1,D,,,,1.86,3.6,4.3,1.79,3.35,4.03,,,,1.8,3.4,4.1
Ireland,Premier Division,2026,04/05/2026,17:00,Shamrock Rovers,Drogheda,4,1,H,,,,1.53,4.1,6.5,1.49,3.82,5.76,,,,1.5,4.1,5.25
Ireland,Premier Division,2026,04/05/2026,17:00,Sligo Rovers,St. Patricks,1,1,D,,,,6.2,4,1.63,5.4,3.71,1.54,,,,5.5,4,1.53
Ireland,Premier Division,2026,04/05/2026,17:00,Waterford,Dundalk,3,3,D,,,,4.5,4,1.75,4.04,3.77,1.69,,,,4,4,1.7
Ireland,Premier Division,2026,08/05/2026,19:45,Drogheda,Derry City,1,0,H,,,,3.1,3.25,2.4,2.87,3.08,2.32,3.15,3.3,2.58,2.8,3,2.4
Ireland,Premier Division,2026,08/05/2026,19:45,Dundalk,Bohemians,1,3,A,,,,2.63,3.5,2.6,2.48,3.28,2.5,2.72,3.6,2.78,2.5,3.4,2.5
Ireland,Premier Division,2026,08/05/2026,19:45,Galway,Shamrock Rovers,1,3,A,,,,3.85,3.5,1.96,3.66,3.29,1.89,4.1,3.7,2,3.7,3.4,1.91
Ireland,Premier Division,2026,08/05/2026,19:45,Shelbourne,Sligo Rovers,0,0,D,,,,1.46,4.33,7,1.41,4.15,6.48,1.47,4.8,8.6,1.44,4.2,6
Ireland,Premier Division,2026,08/05/2026,20:00,St. Patricks,Waterford,4,1,H,,,,1.29,6.1,10.5,1.25,5.26,9.05,1.31,6,12,1.29,5,8.5
Ireland,Premier Division,2026,15/05/2026,19:45,Bohemians,Drogheda,2,1,H,,,,1.53,4.2,6.5,1.48,3.94,5.8,1.55,4.4,7.2,1.5,4.2,5.5
Ireland,Premier Division,2026,15/05/2026,19:45,St. Patricks,Shelbourne,0,1,A,,,,1.89,3.6,4.75,1.77,3.37,4.08,1.85,3.85,4.6,1.73,3.5,4.75
Ireland,Premier Division,2026,15/05/2026,19:45,Waterford,Derry City,2,2,D,,,,4.5,3.8,1.8,4.13,3.55,1.72,4.6,3.9,1.87,4.33,3.8,1.7
Ireland,Premier Division,2026,15/05/2026,20:00,Dundalk,Shamrock Rovers,1,0,H,,,,2.9,3.75,2.4,2.72,3.44,2.24,3,3.7,2.38,2.9,3.4,2.25
Ireland,Premier Division,2026,16/05/2026,19:45,Sligo Rovers,Galway,1,4,A,,,,2.75,3.25,2.62,2.62,3.04,2.53,2.96,3.15,2.82,2.6,3.2,2.6
Ireland,Premier Division,2026,18/05/2026,19:45,Waterford,Drogheda,2,1,H,,,,2.6,3.5,2.75,2.39,3.27,2.62,2.52,3.6,3,2.35,3.25,2.75
Ireland,Premier Division,2026,22/05/2026,19:45,Derry City,St. Patricks,0,0,D,,,,3.2,3.1,2.43,3.03,2.97,2.27,3.45,3.25,2.44,3.1,3,2.25
Ireland,Premier Division,2026,22/05/2026,19:45,Galway,Bohemians,2,4,A,,,,3.9,3.6,2.05,3.59,3.32,1.91,4,3.6,2.06,3.9,3.3,1.85
Ireland,Premier Division,2026,22/05/2026,19:45,Shelbourne,Waterford,2,1,H,,,,1.44,4.75,7.5,1.4,4.25,6.54,1.49,4.8,7.8,1.4,4.33,7
Ireland,Premier Division,2026,22/05/2026,20:00,Drogheda,Dundalk,1,1,D,,,,2.75,3.6,2.54,2.55,3.38,2.38,2.8,3.75,2.6,2.6,3.3,2.45
Ireland,Premier Division,2026,22/05/2026,20:00,Shamrock Rovers,Sligo Rovers,1,2,A,,,,1.3,5.5,11.5,1.27,4.9,9.27,1.32,5.8,13.5,1.25,5.5,9
Ireland,Premier Division,2026,25/05/2026,19:45,Derry City,Shelbourne,0,0,D,,,,2.68,3.1,2.9,2.53,2.94,2.68,2.8,3.15,3,2.63,3,2.63
Ireland,Premier Division,2026,25/05/2026,20:00,Bohemians,Shamrock Rovers,1,2,A,,,,2.33,3.3,3.25,2.17,3.12,3.08,2.34,3.35,3.5,2.15,3.2,3.25
Ireland,Premier Division,2026,29/05/2026,19:45,Drogheda,Waterford,3,3,D,,,,1.95,3.6,3.75,1.87,3.4,3.64,2,3.7,4.1,1.95,3.6,3.5
Ireland,Premier Division,2026,29/05/2026,19:45,Dundalk,Derry City,2,1,H,,,,2.28,3.3,3.2,2.19,3.18,2.99,2.36,3.4,3.35,2.2,3.25,3.2
Ireland,Premier Division,2026,29/05/2026,19:45,Shelbourne,Galway,1,1,D,,,,1.74,3.7,5,1.67,3.55,4.45,1.78,3.95,5.2,1.65,3.6,5
Ireland,Premier Division,2026,29/05/2026,19:45,Sligo Rovers,Bohemians,1,3,A,,,,6.4,4.2,1.52,5.86,3.88,1.48,7,4.3,1.56,6,3.8,1.5
Ireland,Premier Division,2026,29/05/2026,20:00,Shamrock Rovers,St. Patricks,1,0,H,,,,2.5,3.2,2.92,2.37,3.03,2.82,2.54,3.2,3.25,2.4,3,2.8
Ireland,Premier Division,2026,12/06/2026,19:45,Derry City,Bohemians,4,1,H,,,,2.9,3.15,2.63,2.7,3.02,2.48,2.9,3.25,2.76,2.63,3.1,2.63
Ireland,Premier Division,2026,12/06/2026,19:45,Galway,Dundalk,0,1,A,,,,2.8,3.6,2.46,2.62,3.37,2.34,2.84,3.65,2.58,2.63,3.3,2.4
Ireland,Premier Division,2026,12/06/2026,19:45,St. Patricks,Drogheda,2,0,H,,,,1.38,4.5,8.5,1.35,4.3,7.57,1.42,5,10,1.36,4.33,8.5
Ireland,Premier Division,2026,12/06/2026,19:45,Waterford,Sligo Rovers,4,0,H,,,,2.02,3.5,3.75,1.91,3.33,3.52,2.04,3.65,4,1.85,3.4,3.7
Ireland,Premier Division,2026,12/06/2026,20:00,Shelbourne,Shamrock Rovers,2,1,H,,,,2.64,3.2,2.71,2.56,3.06,2.62,2.82,3.15,2.88,2.6,3.1,2.6
Ireland,Premier Division,2026,19/06/2026,19:45,Drogheda,Shelbourne,2,2,D,,,,3.9,3.35,1.98,3.63,3.25,1.93,4.1,3.55,2.02,3.9,3.25,1.91
Ireland,Premier Division,2026,19/06/2026,19:45,Galway,Derry City,2,1,H,,,,3.5,3.4,2.33,3.19,3.18,2.12,3.7,3.45,2.24,3.5,3.2,2.05
Ireland,Premier Division,2026,19/06/2026,19:45,St. Patricks,Sligo Rovers,2,0,H,,,,1.25,6.5,14.5,1.2,5.75,11.43,1.24,7,17,1.18,6,13
Ireland,Premier Division,2026,19/06/2026,19:45,Waterford,Shamrock Rovers,0,2,A,,,,4.9,3.85,1.7,4.4,3.69,1.67,4.8,4.2,1.79,4.33,3.7,1.7
Ireland,Premier Division,2026,19/06/2026,20:00,Bohemians,Dundalk,1,2,A,,,,1.84,3.8,4.3,1.73,3.66,4.02,1.8,4,4.9,1.7,3.75,4.2
Ireland,Premier Division,2026,22/06/2026,19:45,Shelbourne,Bohemians,0,3,A,,,,2.75,3.25,2.62,2.6,3.09,2.53,2.88,3.35,2.78,2.63,3.2,2.45
Ireland,Premier Division,2026,22/06/2026,20:00,Shamrock Rovers,Derry City,1,1,D,,,,1.95,3.45,4.7,1.83,3.27,4.06,2,3.4,4.6,1.95,3.3,3.7
Ireland,Premier Division,2026,26/06/2026,19:30,Shamrock Rovers,Galway,3,1,H,,,,1.46,4.4,7.5,1.4,4.25,6.55,1.46,4.8,8.4,1.42,4.1,7
Ireland,Premier Division,2026,26/06/2026,19:45,Derry City,Drogheda,2,0,H,,,,1.57,4,6.4,1.51,3.82,5.69,1.57,4.3,7.4,1.5,3.8,6
Ireland,Premier Division,2026,26/06/2026,19:45,Dundalk,Waterford,2,3,A,,,,1.52,4.5,5.75,1.48,4.21,5.23,1.58,4.8,6,1.5,4.1,5.25
Ireland,Premier Division,2026,26/06/2026,20:00,Bohemians,St. Patricks,2,0,H,,,,2.5,3.25,3.05,2.33,3.11,2.86,2.5,3.3,3.25,2.25,3.1,3
Ireland,Premier Division,2026,27/06/2026,19:45,Sligo Rovers,Shelbourne,2,2,D,,,,4.5,3.6,1.76,4.27,3.48,1.73,4.8,3.8,1.84,4.33,3.5,1.73
Ireland,Premier Division,2026,03/07/2026,19:45,Derry City,Waterford,2,4,A,,,,1.48,4.4,7.25,1.43,4.22,6.14,1.53,4.8,6.8,1.48,4.2,6.25
Ireland,Premier Division,2026,03/07/2026,19:45,Drogheda,Bohemians,0,2,A,,,,4.4,3.6,1.77,4.24,3.49,1.73,4.8,3.7,1.88,4.2,3.6,1.73
Ireland,Premier Division,2026,03/07/2026,19:45,Sligo Rovers,Shamrock Rovers,1,2,A,,,,5.7,4,1.6,5.15,3.83,1.54,6.2,4.4,1.62,5,3.8,1.57
Ireland,Premier Division,2026,03/07/2026,19:45,St. Patricks,Galway,3,0,H,,,,1.44,4.6,7.1,1.4,4.36,6.46,1.46,4.9,8.2,1.42,4.5,6.25
Ireland,Premier Division,2026,03/07/2026,20:00,Shelbourne,Dundalk,2,1,H,,,,2,3.6,3.6,1.95,3.46,3.35,2.06,3.7,3.95,2,3.6,3.1
