Country,League,Season,Date,Time,Home,Away,HG,AG,Res,PSCH,PSCD,PSCA,MaxCH,MaxCD,MaxCA,AvgCH,AvgCD,AvgCA,BFECH,BFECD,BFECA,B365CH,B365CD,B365CA
Sweden,Allsvenskan,2012,31/03/2012,15:00,Elfsborg,Djurgarden,2,1,H,1.71,3.98,5.44,1.73,3.98,5.5,1.66,3.68,5,,,,,,
Sweden,Allsvenskan,2012,31/03/2012,15:00,GAIS,Hacken,0,0,D,2.21,3.57,3.48,2.5,3.57,3.5,2.25,3.24,3.11,,,,,,
Sweden,Allsvenskan,2012,31/03/2012,15:00,Sundsvall,Kalmar,0,1,A,2.72,2.39,2.8,2.75,3.31,2.82,2.64,3.14,2.62,,,,,,
Sweden,Allsvenskan,2012,01/04/2012,13:00,AIK,Mjallby,0,0,D,1.75,3.63,5.73,1.75,3.63,5.75,1.71,3.43,4.99,,,,,,
Sweden,Allsvenskan,2012,01/04/2012,16:30,Syrianska,Goteborg,2,1,H,5.01,3.49,1.87,5.01,3.65,1.89,4.63,3.41,1.77,,,,,,
Sweden,Allsvenskan,2012,02/04/2012,18:00,Malmo FF,Gefle,0,0,D,1.4,4.97,9.56,1.45,4.97,9.66,1.39,4.33,8.15,,,,,,
Sweden,Allsvenskan,2012,02/04/2012,18:00,Orebro,Atvidabergs,3,4,A,2.22,3.19,3.85,2.29,3.5,4,2.1,3.2,3.51,,,,,,
Sweden,Allsvenskan,2012,02/04/2012,18:05,Norrkoping,Helsingborg,1,0,H,3.72,3.67,2.09,3.91,3.67,2.09,3.63,3.34,2,,,,,,
Sweden,Allsvenskan,2012,06/04/2012,14:00,Atvidabergs,GAIS,2,1,H,2.87,3.43,2.63,2.93,3.43,2.7,2.68,3.21,2.54,,,,,,
Sweden,Allsvenskan,2012,06/04/2012,14:00,Gefle,Syrianska,1,1,D,2.14,3.34,3.9,2.19,3.4,4.25,2.02,3.27,3.64,,,,,,
Sweden,Allsvenskan,2012,07/04/2012,13:00,Hacken,Malmo FF,5,0,H,2.64,3.38,2.9,2.75,3.38,2.9,2.58,3.16,2.69,,,,,,
Sweden,Allsvenskan,2012,07/04/2012,15:00,Mjallby,Orebro,0,0,D,1.98,3.37,4.54,2.04,3.45,4.54,1.95,3.27,3.85,,,,,,
Sweden,Allsvenskan,2012,08/04/2012,14:00,Djurgarden,Sundsvall,1,0,H,1.61,4.12,6.44,1.7,4.12,6.44,1.63,3.64,5.32,,,,,,
Sweden,Allsvenskan,2012,08/04/2012,16:30,Helsingborg,Elfsborg,2,1,H,2.06,3.52,3.97,2.06,3.58,4.09,1.97,3.34,3.73,,,,,,
Sweden,Allsvenskan,2012,09/04/2012,14:00,Goteborg,Norrkoping,1,2,A,1.49,4.48,8.1,1.51,4.48,8.1,1.46,4.13,6.83,,,,,,
Sweden,Allsvenskan,2012,09/04/2012,16:30,Kalmar,AIK,1,2,A,2.58,3.39,2.95,2.58,3.39,3.2,2.4,3.15,2.95,,,,,,
Sweden,Allsvenskan,2012,10/04/2012,18:00,Atvidabergs,Gefle,6,1,H,2.1,3.42,3.96,2.1,3.42,3.96,2.01,3.24,3.63,,,,,,
Sweden,Allsvenskan,2012,11/04/2012,18:00,GAIS,Djurgarden,0,0,D,2.12,3.42,3.9,2.14,3.42,3.9,2.05,3.26,3.55,,,,,,
Sweden,Allsvenskan,2012,11/04/2012,18:00,Orebro,Helsingborg,0,0,D,3.22,3.44,2.39,3.4,3.44,2.39,3.22,3.26,2.19,,,,,,
Sweden,Allsvenskan,2012,12/04/2012,18:00,Elfsborg,Norrkoping,2,0,H,1.59,4.2,6.55,1.6,4.4,7,1.5,4.06,6.11,,,,,,
Sweden,Allsvenskan,2012,12/04/2012,18:00,Hacken,Mjallby,4,2,H,1.81,3.57,5.3,1.81,3.6,5.35,1.72,3.42,4.88,,,,,,
Sweden,Allsvenskan,2012,12/04/2012,18:00,Sundsvall,Syrianska,4,0,H,1.74,3.74,5.68,1.9,3.74,5.68,1.77,3.46,4.59,,,,,,
Sweden,Allsvenskan,2012,12/04/2012,18:05,AIK,Goteborg,1,1,D,2.38,3.25,3.42,2.43,3.3,3.42,2.27,3.18,3.1,,,,,,
Sweden,Allsvenskan,2012,13/04/2012,18:00,Malmo FF,Kalmar,2,0,H,1.66,3.92,6.12,1.8,3.92,6.12,1.64,3.68,5.24,,,,,,
Sweden,Allsvenskan,2012,15/04/2012,14:00,Syrianska,AIK,0,1,A,4.61,3.49,1.93,5,3.6,1.97,4.26,3.37,1.84,,,,,,
Sweden,Allsvenskan,2012,15/04/2012,16:30,Goteborg,Orebro,2,2,D,1.48,4.41,8.5,1.5,4.41,8.5,1.44,4.09,7.17,,,,,,
Sweden,Allsvenskan,2012,15/04/2012,16:30,Mjallby,Atvidabergs,2,0,H,2.04,3.5,4.05,2.12,3.5,4.05,2.03,3.3,3.49,,,,,,
Sweden,Allsvenskan,2012,16/04/2012,18:00,Gefle,Elfsborg,1,2,A,4.13,3.66,1.98,4.13,3.66,2,3.76,3.34,1.95,,,,,,
Sweden,Allsvenskan,2012,16/04/2012,18:00,Helsingborg,GAIS,1,1,D,1.79,3.52,5.62,1.83,3.65,5.69,1.72,3.43,4.94,,,,,,
Sweden,Allsvenskan,2012,16/04/2012,18:00,Kalmar,Hacken,3,1,H,3.27,3.42,2.35,3.38,3.42,2.88,2.92,3.22,2.36,,,,,,
Sweden,Allsvenskan,2012,16/04/2012,18:00,Norrkoping,Sundsvall,2,2,D,2.19,3.29,3.88,2.21,3.4,4,2.03,3.23,3.67,,,,,,
Sweden,Allsvenskan,2012,16/04/2012,18:05,Djurgarden,Malmo FF,2,3,A,2.54,3.3,3.07,2.8,3.32,3.07,2.52,3.18,2.75,,,,,,
Sweden,Allsvenskan,2012,20/04/2012,18:00,Mjallby,Djurgarden,4,3,H,2.13,3.28,4.09,2.2,3.3,4.09,2.09,3.19,3.54,,,,,,
Sweden,Allsvenskan,2012,21/04/2012,13:00,Atvidabergs,Helsingborg,1,2,A,3.23,3.42,2.39,3.4,3.43,2.39,3.07,3.26,2.26,,,,,,
Sweden,Allsvenskan,2012,21/04/2012,15:00,Kalmar,Gefle,0,1,A,1.74,3.76,5.55,1.75,3.76,5.75,1.71,3.54,4.83,,,,,,
Sweden,Allsvenskan,2012,22/04/2012,14:00,GAIS,Norrkoping,2,0,H,1.7,3.95,5.6,1.8,3.95,5.6,1.72,3.54,4.74,,,,,,
Sweden,Allsvenskan,2012,22/04/2012,16:30,AIK,Sundsvall,1,1,D,1.57,4.07,7.23,1.6,4.2,7.23,1.53,3.85,6.16,,,,,,
Sweden,Allsvenskan,2012,23/04/2012,18:00,Hacken,Goteborg,1,2,A,2.52,3.43,3,2.52,3.49,3.05,2.37,3.27,2.86,,,,,,
Sweden,Allsvenskan,2012,23/04/2012,18:00,Malmo FF,Syrianska,2,0,H,1.24,6.25,16.5,1.3,6.63,17,1.23,5.7,12.24,,,,,,
Sweden,Allsvenskan,2012,23/04/2012,18:05,Orebro,Elfsborg,0,2,A,3.74,3.62,2.11,3.78,3.62,2.13,3.49,3.34,2.04,,,,,,
Sweden,Allsvenskan,2012,26/04/2012,17:30,Elfsborg,GAIS,2,1,H,1.74,3.88,5.4,1.74,3.97,5.75,1.64,3.68,5.18,,,,,,
Sweden,Allsvenskan,2012,26/04/2012,17:30,Gefle,AIK,0,1,A,3.3,3.36,2.38,3.5,3.4,2.38,3.25,3.19,2.21,,,,,,
Sweden,Allsvenskan,2012,27/04/2012,18:00,Helsingborg,Mjallby,1,1,D,1.75,3.81,5.37,1.76,3.9,5.55,1.68,3.58,5.02,,,,,,
Sweden,Allsvenskan,2012,28/04/2012,13:00,Syrianska,Hacken,1,2,A,4.59,3.88,1.83,4.59,3.93,1.85,4.25,3.55,1.79,,,,,,
Sweden,Allsvenskan,2012,28/04/2012,15:00,Goteborg,Atvidabergs,2,1,H,1.47,4.63,8.19,1.5,4.65,8.19,1.44,4.19,7.08,,,,,,
Sweden,Allsvenskan,2012,29/04/2012,14:00,Djurgarden,Kalmar,1,1,D,1.9,3.62,4.61,1.99,3.62,4.61,1.86,3.41,4.07,,,,,,
Sweden,Allsvenskan,2012,29/04/2012,14:00,Sundsvall,Orebro,3,1,H,1.95,3.61,4.34,2.04,3.61,4.34,1.95,3.35,3.79,,,,,,
Sweden,Allsvenskan,2012,29/04/2012,16:30,Norrkoping,Malmo FF,3,2,H,3.94,3.5,2.08,4,3.51,2.1,3.61,3.32,2.01,,,,,,
Sweden,Allsvenskan,2012,02/05/2012,18:00,Atvidabergs,Hacken,0,3,A,3.1,3.52,2.39,3.13,3.52,2.41,2.92,3.29,2.32,,,,,,
Sweden,Allsvenskan,2012,02/05/2012,18:00,Goteborg,Sundsvall,2,0,H,1.5,4.5,7.4,1.55,4.5,7.4,1.49,4.07,6.37,,,,,,
Sweden,Allsvenskan,2012,02/05/2012,18:00,Syrianska,Elfsborg,1,4,A,6.18,4.2,1.61,6.5,4.23,1.61,5.7,3.93,1.55,,,,,,
Sweden,Allsvenskan,2012,02/05/2012,18:05,Helsingborg,AIK,0,0,D,1.85,3.77,4.58,2,3.77,4.68,1.85,3.44,4.15,,,,,,
Sweden,Allsvenskan,2012,03/05/2012,18:00,Djurgarden,Orebro,2,1,H,1.68,3.93,5.78,1.7,3.93,5.78,1.66,3.66,4.98,,,,,,
Sweden,Allsvenskan,2012,03/05/2012,18:00,Gefle,Norrkoping,0,2,A,2.29,3.39,3.44,2.34,3.42,3.44,2.24,3.24,3.13,,,,,,
Sweden,Allsvenskan,2012,03/05/2012,18:00,Mjallby,Malmo FF,2,2,D,3.22,3.54,2.35,3.26,3.54,2.35,3.08,3.26,2.24,,,,,,
Sweden,Allsvenskan,2012,04/05/2012,18:00,Kalmar,GAIS,2,2,D,2.62,3.22,3.05,2.63,3.35,3.05,2.43,3.17,2.87,,,,,,
Sweden,Allsvenskan,2012,05/05/2012,15:00,Sundsvall,Helsingborg,0,1,A,2.9,3.34,2.65,3.15,3.34,2.65,2.86,3.21,2.43,,,,,,
Sweden,Allsvenskan,2012,06/05/2012,14:00,Norrkoping,Syrianska,1,4,A,1.57,4.36,6.46,1.62,4.36,6.6,1.55,3.88,5.8,,,,,,
Sweden,Allsvenskan,2012,06/05/2012,16:30,Malmo FF,Atvidabergs,2,1,H,1.37,5.48,9.18,1.4,5.48,10,1.33,4.77,8.39,,,,,,
Sweden,Allsvenskan,2012,07/05/2012,18:00,GAIS,Mjallby,2,2,D,1.97,3.7,4.11,2,3.7,4.11,1.93,3.38,3.77,,,,,,
Sweden,Allsvenskan,2012,07/05/2012,18:00,Orebro,Kalmar,0,1,A,2.67,3.35,2.87,2.71,3.35,2.87,2.48,3.22,2.76,,,,,,
Sweden,Allsvenskan,2012,07/05/2012,18:05,Elfsborg,Goteborg,1,0,H,1.96,3.9,3.91,2,3.9,3.98,1.94,3.45,3.72,,,,,,
Sweden,Allsvenskan,2012,08/05/2012,18:00,AIK,Djurgarden,1,1,D,2.23,3.39,3.59,2.23,3.4,3.8,2.09,3.22,3.5,,,,,,
Sweden,Allsvenskan,2012,10/05/2012,18:00,Hacken,Gefle,3,0,H,1.42,5.09,8.19,1.45,5.09,9,1.39,4.5,7.59,,,,,,
Sweden,Allsvenskan,2012,10/05/2012,18:05,Malmo FF,Helsingborg,3,0,H,1.91,3.54,4.7,1.92,3.63,4.75,1.81,3.44,4.29,,,,,,
Sweden,Allsvenskan,2012,11/05/2012,18:00,Syrianska,GAIS,2,0,H,4.05,3.46,2.06,4.05,3.58,2.15,3.56,3.34,2.02,,,,,,
Sweden,Allsvenskan,2012,12/05/2012,15:00,Djurgarden,Atvidabergs,1,1,D,1.71,4.05,5.23,1.73,4.05,5.5,1.65,3.75,4.93,,,,,,
Sweden,Allsvenskan,2012,12/05/2012,15:00,Kalmar,Mjallby,1,2,A,2.54,3.42,2.99,2.54,3.42,3.1,2.35,3.2,2.94,,,,,,
Sweden,Allsvenskan,2012,13/05/2012,14:00,Norrkoping,Orebro,3,0,H,1.93,3.8,4.16,1.97,3.8,4.25,1.9,3.41,3.91,,,,,,
Sweden,Allsvenskan,2012,13/05/2012,16:30,Elfsborg,AIK,1,0,H,1.78,3.61,5.55,1.78,3.75,6,1.69,3.49,5.09,,,,,,
Sweden,Allsvenskan,2012,13/05/2012,16:30,Helsingborg,Hacken,3,2,H,2.76,3.29,2.82,2.76,3.4,3.3,2.44,3.17,2.88,,,,,,
Sweden,Allsvenskan,2012,14/05/2012,18:00,Gefle,Sundsvall,0,0,D,3.36,3.3,2.38,3.36,3.36,2.65,2.87,3.2,2.41,,,,,,
Sweden,Allsvenskan,2012,14/05/2012,18:05,Goteborg,Malmo FF,2,2,D,2.7,3.33,2.85,2.7,3.44,3,2.45,3.23,2.82,,,,,,
Sweden,Allsvenskan,2012,16/05/2012,18:00,Atvidabergs,Syrianska,1,0,H,1.86,3.94,4.37,1.9,3.94,4.5,1.79,3.52,4.19,,,,,,
Sweden,Allsvenskan,2012,16/05/2012,18:00,Hacken,Norrkoping,6,0,H,1.55,4.44,6.56,1.55,4.44,6.85,1.5,4.02,6.33,,,,,,
Sweden,Allsvenskan,2012,16/05/2012,18:00,Kalmar,Helsingborg,1,1,D,2.62,3.29,2.95,2.65,3.36,2.95,2.54,3.2,2.71,,,,,,
Sweden,Allsvenskan,2012,16/05/2012,18:00,Orebro,AIK,2,2,D,3.65,3.54,2.16,3.78,4.25,2.18,3.39,3.31,2.09,,,,,,
Sweden,Allsvenskan,2012,17/05/2012,14:00,GAIS,Sundsvall,1,2,A,1.88,3.6,4.74,1.89,3.6,5,1.8,3.44,4.39,,,,,,
Sweden,Allsvenskan,2012,17/05/2012,14:00,Mjallby,Goteborg,1,1,D,2.99,3.35,2.58,2.99,3.35,2.76,2.7,3.18,2.55,,,,,,
Sweden,Allsvenskan,2012,17/05/2012,16:30,Djurgarden,Gefle,1,1,D,1.59,4.05,6.88,1.59,4.07,7,1.53,3.84,6.27,,,,,,
Sweden,Allsvenskan,2012,17/05/2012,16:30,Malmo FF,Elfsborg,1,0,H,1.93,3.76,4.26,2,3.76,4.28,1.88,3.45,3.94,,,,,,
Sweden,Allsvenskan,2012,20/05/2012,14:00,Atvidabergs,Kalmar,3,0,H,2.56,3.34,3.03,2.56,3.35,3.03,2.42,3.22,2.79,,,,,,
Sweden,Allsvenskan,2012,20/05/2012,14:00,Hacken,Djurgarden,1,1,D,1.56,4.57,6.3,1.62,4.57,6.56,1.54,4.02,5.7,,,,,,
Sweden,Allsvenskan,2012,20/05/2012,16:30,AIK,Norrkoping,5,2,H,1.7,4.01,5.43,1.7,4.01,6,1.63,3.66,5.28,,,,,,
Sweden,Allsvenskan,2012,20/05/2012,16:30,Mjallby,Gefle,0,0,D,1.61,4.01,6.59,1.62,4.01,7,1.56,3.75,5.93,,,,,,
Sweden,Allsvenskan,2012,20/05/2012,16:30,Orebro,Syrianska,0,1,A,1.99,3.66,4.11,2.04,3.66,4.2,1.92,3.41,3.81,,,,,,
Sweden,Allsvenskan,2012,21/05/2012,18:00,Sundsvall,Elfsborg,0,3,A,3.7,3.49,2.15,3.77,3.53,2.15,3.48,3.28,2.07,,,,,,
Sweden,Allsvenskan,2012,21/05/2012,18:05,GAIS,Goteborg,1,1,D,4.24,3.51,2,4.25,3.52,2.1,3.72,3.33,1.97,,,,,,
Sweden,Allsvenskan,2012,23/05/2012,18:00,Gefle,Orebro,2,1,H,2.23,3.5,3.51,2.4,3.5,3.6,2.17,3.22,3.29,,,,,,
Sweden,Allsvenskan,2012,23/05/2012,18:00,Helsingborg,Djurgarden,1,1,D,1.85,3.81,4.61,1.87,3.81,5,1.77,3.53,4.41,,,,,,
Sweden,Allsvenskan,2012,23/05/2012,18:00,Norrkoping,Atvidabergs,2,2,D,2.29,3.65,3.23,2.29,3.71,3.45,2.13,3.37,3.22,,,,,,
Sweden,Allsvenskan,2012,23/05/2012,18:00,Syrianska,Mjallby,2,1,H,3.07,3.52,2.43,3.1,3.52,2.5,2.86,3.27,2.38,,,,,,
Sweden,Allsvenskan,2012,24/05/2012,18:00,AIK,GAIS,1,0,H,1.71,3.88,5.6,1.71,3.9,6.5,1.61,3.7,5.53,,,,,,
Sweden,Allsvenskan,2012,24/05/2012,18:00,Elfsborg,Hacken,2,0,H,1.81,3.97,4.66,1.83,3.97,4.78,1.78,3.55,4.39,,,,,,
Sweden,Allsvenskan,2012,24/05/2012,18:00,Goteborg,Kalmar,1,1,D,1.56,4.18,6.9,1.62,4.18,6.9,1.55,3.83,5.96,,,,,,
Sweden,Allsvenskan,2012,24/05/2012,18:00,Sundsvall,Malmo FF,1,1,D,4.11,3.64,1.99,4.3,3.64,2.04,3.93,3.42,1.9,,,,,,
Sweden,Allsvenskan,2012,30/06/2012,15:00,Atvidabergs,Elfsborg,5,1,H,4.45,3.77,1.87,4.8,3.8,1.87,4.25,3.55,1.79,,,,,,
Sweden,Allsvenskan,2012,30/06/2012,15:00,Hacken,Sundsvall,1,2,A,1.5,4.55,7.4,1.55,4.55,7.5,1.49,4.03,6.57,,,,,,
Sweden,Allsvenskan,2012,30/06/2012,15:00,Kalmar,Syrianska,3,0,H,1.67,3.95,5.94,1.75,3.95,5.94,1.66,3.68,5.09,,,,,,
Sweden,Allsvenskan,2012,30/06/2012,15:00,Mjallby,Norrkoping,0,2,A,1.72,3.93,5.21,1.8,3.98,5.21,1.72,3.61,4.63,,,,,,
Sweden,Allsvenskan,2012,02/07/2012,18:00,Helsingborg,Gefle,4,1,H,1.46,4.49,8.78,1.46,4.5,8.82,1.43,4.17,7.6,,,,,,
Sweden,Allsvenskan,2012,02/07/2012,18:00,Malmo FF,AIK,4,0,H,1.83,3.72,4.87,1.85,3.73,5.09,1.77,3.5,4.53,,,,,,
Sweden,Allsvenskan,2012,03/07/2012,18:00,Djurgarden,Goteborg,3,2,H,2.85,3.46,2.63,2.85,3.46,2.63,2.76,3.2,2.5,,,,,,
Sweden,Allsvenskan,2012,05/07/2012,18:00,GAIS,Orebro,0,1,A,1.72,3.9,5.45,1.73,3.92,5.45,1.68,3.63,4.96,,,,,,
Sweden,Allsvenskan,2012,07/07/2012,15:00,Sundsvall,Atvidabergs,3,3,D,1.98,3.65,4.16,2.13,3.7,4.16,1.98,3.44,3.58,,,,,,
Sweden,Allsvenskan,2012,07/07/2012,15:00,Syrianska,Djurgarden,1,1,D,3.68,3.46,2.18,3.8,3.48,2.4,3.26,3.28,2.18,,,,,,
Sweden,Allsvenskan,2012,08/07/2012,15:00,AIK,Hacken,3,1,H,2.15,3.4,3.84,2.2,3.47,3.84,2.11,3.28,3.39,,,,,,
Sweden,Allsvenskan,2012,08/07/2012,15:00,Gefle,GAIS,0,0,D,2.64,3.35,2.91,2.66,3.36,2.91,2.55,3.18,2.73,,,,,,
Sweden,Allsvenskan,2012,08/07/2012,17:30,Elfsborg,Mjallby,0,0,D,1.62,4.23,5.92,1.63,4.23,7,1.54,3.88,5.91,,,,,,
Sweden,Allsvenskan,2012,08/07/2012,17:30,Norrkoping,Kalmar,2,1,H,2.29,3.55,3.3,2.38,3.59,3.4,2.24,3.28,3.11,,,,,,
Sweden,Allsvenskan,2012,09/07/2012,18:00,Orebro,Malmo FF,2,1,H,5.38,4.03,1.7,5.75,4.03,1.7,5.2,3.76,1.63,,,,,,
Sweden,Allsvenskan,2012,09/07/2012,18:05,Goteborg,Helsingborg,1,1,D,2.02,3.74,3.88,2.1,3.78,3.88,1.99,3.46,3.54,,,,,,
Sweden,Allsvenskan,2012,14/07/2012,15:00,Atvidabergs,AIK,2,0,H,2.86,3.45,2.63,2.93,3.45,2.63,2.75,3.27,2.47,,,,,,
Sweden,Allsvenskan,2012,14/07/2012,15:00,Goteborg,Gefle,1,1,D,1.37,5.11,10.18,1.45,5.29,11,1.34,4.77,8.91,,,,,,
Sweden,Allsvenskan,2012,14/07/2012,15:00,Helsingborg,Syrianska,1,0,H,1.3,5.74,12.96,1.4,6,12.96,1.32,4.93,9.35,,,,,,
Sweden,Allsvenskan,2012,14/07/2012,15:00,Mjallby,Sundsvall,1,0,H,1.94,3.63,4.34,1.95,3.63,4.5,1.88,3.38,4,,,,,,
Sweden,Allsvenskan,2012,15/07/2012,15:00,Orebro,Hacken,1,2,A,3.88,3.64,2.04,3.88,3.65,2.1,3.58,3.37,2.01,,,,,,
Sweden,Allsvenskan,2012,15/07/2012,17:30,Kalmar,Elfsborg,2,1,H,3.59,3.57,2.17,3.64,3.57,2.2,3.39,3.31,2.1,,,,,,
Sweden,Allsvenskan,2012,16/07/2012,18:00,Djurgarden,Norrkoping,1,1,D,1.69,4.04,5.43,1.8,4.05,5.43,1.71,3.65,4.69,,,,,,
Sweden,Allsvenskan,2012,16/07/2012,18:05,Malmo FF,GAIS,2,0,H,1.47,4.47,8.55,1.47,4.5,8.55,1.43,4.19,7.45,,,,,,
Sweden,Allsvenskan,2012,19/07/2012,19:00,Hacken,Orebro,2,1,H,1.45,4.84,8.02,1.5,5.2,8.02,1.43,4.31,7.05,,,,,,
Sweden,Allsvenskan,2012,21/07/2012,15:00,Gefle,Goteborg,5,0,H,3.93,3.66,2.02,4.09,3.66,2.04,3.71,3.38,1.96,,,,,,
Sweden,Allsvenskan,2012,21/07/2012,15:00,Sundsvall,Mjallby,3,1,H,2.36,3.38,3.34,2.41,3.4,3.39,2.26,3.19,3.16,,,,,,
Sweden,Allsvenskan,2012,21/07/2012,15:00,Syrianska,Helsingborg,1,3,A,3.41,3.4,2.31,3.8,3.4,2.39,3.27,3.25,2.18,,,,,,
Sweden,Allsvenskan,2012,22/07/2012,15:00,Elfsborg,Kalmar,3,0,H,1.69,4,5.59,1.74,4.05,6,1.62,3.77,5.26,,,,,,
Sweden,Allsvenskan,2012,22/07/2012,17:30,AIK,Atvidabergs,1,0,H,1.67,4.05,5.76,1.7,4.05,5.76,1.67,3.73,4.9,,,,,,
Sweden,Allsvenskan,2012,23/07/2012,18:00,GAIS,Malmo FF,2,3,A,5.03,3.84,1.78,5.03,3.84,1.9,4.34,3.58,1.78,,,,,,
Sweden,Allsvenskan,2012,23/07/2012,18:05,Norrkoping,Djurgarden,1,1,D,2.64,3.34,2.93,2.65,3.35,3,2.44,3.2,2.84,,,,,,
Sweden,Allsvenskan,2012,27/07/2012,18:00,Atvidabergs,Orebro,1,1,D,1.74,4.01,5.14,1.75,4.01,5.3,1.69,3.62,4.83,,,,,,
Sweden,Allsvenskan,2012,28/07/2012,15:00,Gefle,Malmo FF,0,2,A,5.01,4.05,1.74,5.01,4.05,1.8,4.54,3.6,1.74,,,,,,
Sweden,Allsvenskan,2012,28/07/2012,15:00,Helsingborg,Norrkoping,1,2,A,1.59,4.34,6.25,1.6,4.34,6.39,1.55,3.92,5.79,,,,,,
Sweden,Allsvenskan,2012,29/07/2012,15:00,Mjallby,AIK,0,1,A,2.5,3.29,3.14,2.5,3.3,3.2,2.42,3.11,2.95,,,,,,
Sweden,Allsvenskan,2012,29/07/2012,17:30,Djurgarden,Elfsborg,0,0,D,2.7,3.39,2.81,2.75,3.41,2.81,2.62,3.22,2.62,,,,,,
Sweden,Allsvenskan,2012,29/07/2012,17:30,Kalmar,Sundsvall,1,1,D,1.9,3.62,4.37,2.04,3.62,4.37,1.95,3.36,3.82,,,,,,
Sweden,Allsvenskan,2012,30/07/2012,18:05,Hacken,GAIS,3,1,H,1.61,4.19,6.24,1.65,4.2,6.5,1.57,3.84,5.72,,,,,,
Sweden,Allsvenskan,2012,31/07/2012,18:00,Goteborg,Syrianska,1,0,H,1.44,4.82,8.25,1.47,4.82,9,1.41,4.39,7.47,,,,,,
Sweden,Allsvenskan,2012,04/08/2012,15:00,GAIS,Atvidabergs,2,2,D,2.69,3.49,2.76,2.69,3.49,2.8,2.53,3.18,2.72,,,,,,
Sweden,Allsvenskan,2012,04/08/2012,15:00,Syrianska,Gefle,1,0,H,2.41,3.43,3.19,2.45,3.43,3.35,2.29,3.21,3.07,,,,,,
Sweden,Allsvenskan,2012,05/08/2012,15:00,Malmo FF,Hacken,0,0,D,1.69,4.09,5.41,1.71,4.09,5.55,1.64,3.72,5.11,,,,,,
Sweden,Allsvenskan,2012,05/08/2012,17:30,AIK,Kalmar,1,2,A,1.68,3.94,5.76,1.72,3.94,6,1.66,3.64,5.11,,,,,,
Sweden,Allsvenskan,2012,06/08/2012,18:00,Orebro,Mjallby,0,1,A,2.45,3.42,3.12,2.54,3.42,3.12,2.43,3.15,2.88,,,,,,
Sweden,Allsvenskan,2012,06/08/2012,18:00,Sundsvall,Djurgarden,0,1,A,2.65,3.41,2.86,2.67,3.41,2.9,2.55,3.18,2.72,,,,,,
Sweden,Allsvenskan,2012,06/08/2012,18:05,Norrkoping,Goteborg,0,0,D,3.01,3.56,2.45,3.01,3.56,2.65,2.77,3.28,2.45,,,,,,
Sweden,Allsvenskan,2012,10/08/2012,18:00,Gefle,Djurgarden,0,1,A,3.29,3.32,2.41,3.33,3.34,2.5,3.02,3.18,2.34,,,,,,
Sweden,Allsvenskan,2012,11/08/2012,15:00,Sundsvall,GAIS,2,0,H,1.92,3.74,4.33,1.95,3.74,4.38,1.89,3.4,3.97,,,,,,
Sweden,Allsvenskan,2012,11/08/2012,15:00,Syrianska,Atvidabergs,2,2,D,3.16,3.45,2.41,3.16,3.45,2.62,2.81,3.26,2.43,,,,,,
Sweden,Allsvenskan,2012,12/08/2012,14:00,AIK,Orebro,3,0,H,1.59,4.01,7,1.65,4.01,7,1.55,3.71,6.26,,,,,,
Sweden,Allsvenskan,2012,12/08/2012,14:00,Goteborg,Mjallby,4,2,H,1.69,3.93,5.66,1.71,3.93,5.75,1.65,3.64,5.2,,,,,,
Sweden,Allsvenskan,2012,12/08/2012,14:00,Helsingborg,Kalmar,7,2,H,1.76,3.79,5.29,1.76,3.79,5.5,1.69,3.59,4.9,,,,,,
Sweden,Allsvenskan,2012,12/08/2012,16:30,Elfsborg,Malmo FF,4,1,H,2.42,3.48,3.12,2.42,3.5,3.2,2.31,3.28,2.97,,,,,,
Sweden,Allsvenskan,2012,12/08/2012,16:30,Norrkoping,Hacken,1,2,A,3.43,3.6,2.21,3.43,3.62,2.4,3.09,3.34,2.22,,,,,,
Sweden,Allsvenskan,2012,18/08/2012,15:00,Elfsborg,Helsingborg,2,1,H,1.67,4.28,5.32,1.85,4.28,6,1.64,3.75,5.11,,,,,,
Sweden,Allsvenskan,2012,24/08/2012,18:00,Orebro,Gefle,1,2,A,2.19,3.34,3.72,2.24,3.5,3.85,2.09,3.26,3.45,,,,,,
Sweden,Allsvenskan,2012,25/08/2012,15:00,Djurgarden,Helsingborg,3,1,H,2.5,3.38,3.06,2.5,3.38,3.65,2.27,3.25,3.1,,,,,,
Sweden,Allsvenskan,2012,26/08/2012,14:00,GAIS,AIK,0,1,A,3.68,3.4,2.17,3.7,3.4,2.29,3.31,3.21,2.18,,,,,,
Sweden,Allsvenskan,2012,26/08/2012,16:30,Hacken,Elfsborg,4,2,H,2.25,3.55,3.31,2.29,3.55,3.65,2.16,3.34,3.22,,,,,,
Sweden,Allsvenskan,2012,26/08/2012,16:30,Kalmar,Goteborg,3,0,H,2.82,3.5,2.59,2.9,3.5,2.8,2.63,3.25,2.6,,,,,,
Sweden,Allsvenskan,2012,27/08/2012,18:00,Malmo FF,Sundsvall,2,0,H,1.41,5,8.99,1.41,5.9,10.5,1.35,4.73,8.56,,,,,,
Sweden,Allsvenskan,2012,27/08/2012,18:00,Mjallby,Syrianska,0,2,A,1.6,4.03,6.7,1.7,4.2,6.7,1.61,3.72,5.44,,,,,,
Sweden,Allsvenskan,2012,27/08/2012,18:05,Atvidabergs,Norrkoping,1,1,D,1.91,3.91,4.18,1.91,3.95,4.45,1.83,3.6,4,,,,,,
Sweden,Allsvenskan,2012,31/08/2012,18:00,Hacken,Atvidabergs,5,2,H,1.46,4.88,7.42,1.53,4.88,7.6,1.47,4.16,6.62,,,,,,
Sweden,Allsvenskan,2012,31/08/2012,18:15,Orebro,Djurgarden,2,3,A,3.5,3.52,2.21,3.75,3.55,2.21,3.33,3.31,2.13,,,,,,
Sweden,Allsvenskan,2012,01/09/2012,15:00,Malmo FF,Mjallby,1,1,D,1.47,4.54,8.02,1.47,4.59,8.4,1.42,4.26,7.43,,,,,,
Sweden,Allsvenskan,2012,02/09/2012,14:00,AIK,Helsingborg,2,1,H,1.74,3.86,5.24,1.87,3.86,5.24,1.77,3.51,4.52,,,,,,
Sweden,Allsvenskan,2012,02/09/2012,14:00,GAIS,Kalmar,1,2,A,2.86,3.4,2.62,2.91,3.45,2.75,2.67,3.21,2.58,,,,,,
Sweden,Allsvenskan,2012,02/09/2012,16:30,Elfsborg,Syrianska,1,0,H,1.27,6.18,13.29,1.3,6.18,13.29,1.27,5.41,10.18,,,,,,
Sweden,Allsvenskan,2012,02/09/2012,16:30,Norrkoping,Gefle,0,1,A,2,3.65,3.96,2.04,3.65,4.59,1.89,3.4,3.99,,,,,,
Sweden,Allsvenskan,2012,02/09/2012,16:30,Sundsvall,Goteborg,3,3,D,2.65,3.37,2.85,2.66,3.4,3,2.48,3.2,2.77,,,,,,
Sweden,Allsvenskan,2012,14/09/2012,18:00,Syrianska,Norrkoping,1,2,A,2.62,3.49,2.8,2.7,3.49,2.89,2.53,3.23,2.71,,,,,,
Sweden,Allsvenskan,2012,15/09/2012,13:00,Mjallby,GAIS,4,0,H,1.74,3.68,5.64,1.75,4,6.3,1.65,3.65,5.23,,,,,,
Sweden,Allsvenskan,2012,15/09/2012,15:00,Helsingborg,Sundsvall,4,0,H,1.56,4.26,6.64,1.63,4.33,6.64,1.57,3.95,5.55,,,,,,
Sweden,Allsvenskan,2012,16/09/2012,13:00,Djurgarden,AIK,0,3,A,3.69,3.29,2.25,3.69,3.3,2.4,3.16,3.18,2.26,,,,,,
Sweden,Allsvenskan,2012,16/09/2012,15:30,Goteborg,Elfsborg,2,1,H,2.62,3.5,2.83,2.64,3.56,2.85,2.49,3.29,2.71,,,,,,
Sweden,Allsvenskan,2012,17/09/2012,18:00,Gefle,Hacken,0,2,A,4.82,3.85,1.81,4.82,3.9,1.95,4.24,3.57,1.79,,,,,,
Sweden,Allsvenskan,2012,17/09/2012,18:00,Kalmar,Orebro,1,2,A,1.64,4.21,5.8,1.64,4.4,6.2,1.56,3.93,5.48,,,,,,
Sweden,Allsvenskan,2012,17/09/2012,18:05,Atvidabergs,Malmo FF,0,1,A,3.47,3.52,2.22,3.65,3.6,2.29,3.27,3.39,2.12,,,,,,
Sweden,Allsvenskan,2012,21/09/2012,18:00,Djurgarden,Hacken,0,3,A,2.77,3.64,2.57,2.95,3.64,2.6,2.76,3.28,2.44,,,,,,
Sweden,Allsvenskan,2012,22/09/2012,15:00,Syrianska,Orebro,2,2,D,2.42,3.28,3.27,2.42,3.4,3.6,2.25,3.22,3.14,,,,,,
Sweden,Allsvenskan,2012,23/09/2012,14:00,Elfsborg,Sundsvall,0,0,D,1.35,5.41,10,1.35,5.5,10,1.33,4.83,9,,,,,,
Sweden,Allsvenskan,2012,23/09/2012,14:00,Gefle,Mjallby,1,0,H,2.72,3.3,2.82,2.85,3.35,2.85,2.62,3.19,2.64,,,,,,
Sweden,Allsvenskan,2012,23/09/2012,16:30,Kalmar,Atvidabergs,2,0,H,2.04,3.72,3.77,2.1,3.72,4.05,1.96,3.41,3.7,,,,,,
Sweden,Allsvenskan,2012,23/09/2012,16:30,Norrkoping,AIK,2,2,D,4.24,3.54,1.98,4.3,3.75,2.1,3.67,3.35,1.99,,,,,,
Sweden,Allsvenskan,2012,24/09/2012,17:30,Goteborg,GAIS,0,0,D,1.43,4.8,8.35,1.5,4.8,8.35,1.44,4.28,7.01,,,,,,
Sweden,Allsvenskan,2012,24/09/2012,19:45,Helsingborg,Malmo FF,1,1,D,2.57,3.5,2.85,2.57,3.61,2.95,2.43,3.33,2.77,,,,,,
Sweden,Allsvenskan,2012,26/09/2012,17:00,Atvidabergs,Djurgarden,2,1,H,2.36,3.52,3.13,2.5,3.52,3.13,2.34,3.26,2.9,,,,,,
Sweden,Allsvenskan,2012,26/09/2012,18:00,Mjallby,Kalmar,1,0,H,2.31,3.37,3.36,2.31,3.4,3.5,2.21,3.25,3.18,,,,,,
Sweden,Allsvenskan,2012,26/09/2012,18:00,Orebro,Norrkoping,0,1,A,2.16,3.58,3.54,2.38,3.58,3.6,2.19,3.31,3.18,,,,,,
Sweden,Allsvenskan,2012,26/09/2012,18:00,Sundsvall,Gefle,0,1,A,2.09,3.51,3.81,2.11,3.51,4.09,2.01,3.31,3.62,,,,,,
Sweden,Allsvenskan,2012,26/09/2012,19:10,AIK,Elfsborg,1,1,D,1.87,3.78,4.46,2,3.78,4.5,1.88,3.45,3.95,,,,,,
Sweden,Allsvenskan,2012,27/09/2012,17:00,Hacken,Helsingborg,2,2,D,1.64,4.48,5.35,1.66,4.5,5.6,1.63,3.95,4.91,,,,,,
Sweden,Allsvenskan,2012,27/09/2012,19:05,Malmo FF,Goteborg,1,2,A,1.72,4.03,5.26,1.73,4.55,5.9,1.67,3.75,4.83,,,,,,
Sweden,Allsvenskan,2012,28/09/2012,18:00,GAIS,Syrianska,1,4,A,2.4,3.52,3.08,2.7,3.52,3.2,2.43,3.24,2.85,,,,,,
Sweden,Allsvenskan,2012,30/09/2012,14:00,Helsingborg,Atvidabergs,3,0,H,1.63,4.2,5.78,1.65,4.4,6.55,1.58,3.86,5.55,,,,,,
Sweden,Allsvenskan,2012,30/09/2012,14:00,Sundsvall,AIK,2,3,A,4.36,3.47,1.97,4.45,3.65,2.1,3.9,3.37,1.93,,,,,,
Sweden,Allsvenskan,2012,30/09/2012,16:30,Elfsborg,Orebro,1,0,H,1.39,5.41,8.39,1.39,5.95,12,1.32,5.07,8.53,,,,,,
Sweden,Allsvenskan,2012,30/09/2012,16:30,Gefle,Kalmar,0,0,D,2.44,3.31,3.18,2.54,3.4,3.2,2.42,3.17,2.9,,,,,,
Sweden,Allsvenskan,2012,01/10/2012,18:00,Djurgarden,Mjallby,0,1,A,1.98,3.55,4.2,2.02,3.55,4.33,1.95,3.34,3.85,,,,,,
Sweden,Allsvenskan,2012,01/10/2012,18:00,Norrkoping,GAIS,7,2,H,1.41,4.9,8.83,1.45,4.9,9,1.4,4.46,7.56,,,,,,
Sweden,Allsvenskan,2012,01/10/2012,18:00,Syrianska,Malmo FF,0,2,A,3.93,3.55,2.04,4.33,3.65,2.04,3.95,3.4,1.91,,,,,,
Sweden,Allsvenskan,2012,01/10/2012,18:05,Goteborg,Hacken,1,1,D,2.89,3.56,2.5,2.98,3.72,2.5,2.76,3.37,2.41,,,,,,
Sweden,Allsvenskan,2012,05/10/2012,18:00,Malmo FF,Norrkoping,2,0,H,1.39,5.41,8.19,1.5,5.41,8.19,1.43,4.52,6.72,,,,,,
Sweden,Allsvenskan,2012,06/10/2012,13:00,Hacken,Syrianska,5,1,H,1.26,6.49,12.75,1.3,6.6,14,1.26,5.67,10.19,,,,,,
Sweden,Allsvenskan,2012,06/10/2012,15:00,Atvidabergs,Goteborg,1,2,A,2.47,3.56,2.95,2.59,3.56,3.1,2.46,3.27,2.78,,,,,,
Sweden,Allsvenskan,2012,07/10/2012,14:00,AIK,Gefle,0,1,A,1.41,4.74,9.61,1.41,5.09,10,1.36,4.55,8.49,,,,,,
Sweden,Allsvenskan,2012,07/10/2012,14:00,Kalmar,Djurgarden,2,2,D,2.52,3.35,3.03,2.52,3.4,3.4,2.29,3.2,3.1,,,,,,
Sweden,Allsvenskan,2012,07/10/2012,14:00,Mjallby,Helsingborg,0,2,A,2.56,3.41,2.93,2.7,3.45,2.93,2.52,3.25,2.71,,,,,,
Sweden,Allsvenskan,2012,07/10/2012,16:30,GAIS,Elfsborg,1,2,A,8.57,5.18,1.4,10,5.7,1.4,8.78,4.9,1.32,,,,,,
Sweden,Allsvenskan,2012,07/10/2012,16:30,Orebro,Sundsvall,2,2,D,2.31,3.33,3.38,2.5,3.45,3.38,2.32,3.28,2.98,,,,,,
Sweden,Allsvenskan,2012,20/10/2012,13:00,Gefle,Atvidabergs,1,2,A,2.5,3.39,3.03,2.54,3.45,3.25,2.32,3.22,3,,,,,,
Sweden,Allsvenskan,2012,20/10/2012,15:00,Mjallby,Hacken,1,2,A,5.28,4.01,1.7,5.9,4.25,1.75,4.8,3.64,1.7,,,,,,
Sweden,Allsvenskan,2012,21/10/2012,14:00,Helsingborg,Orebro,1,1,D,1.3,6,11.5,1.35,6,11.5,1.3,5.13,9.55,,,,,,
Sweden,Allsvenskan,2012,21/10/2012,14:00,Kalmar,Malmo FF,1,2,A,3.95,3.6,2.04,4.09,3.95,2.04,3.77,3.43,1.93,,,,,,
Sweden,Allsvenskan,2012,21/10/2012,16:30,Goteborg,AIK,0,1,A,2.8,3.41,2.7,2.8,3.43,2.8,2.58,3.23,2.65,,,,,,
Sweden,Allsvenskan,2012,21/10/2012,16:30,Norrkoping,Elfsborg,2,1,H,3.69,3.73,2.06,4,3.75,2.15,3.61,3.48,1.97,,,,,,
Sweden,Allsvenskan,2012,22/10/2012,18:00,Djurgarden,GAIS,3,0,H,1.42,4.76,9.21,1.42,5.09,10,1.35,4.67,8.58,,,,,,
Sweden,Allsvenskan,2012,22/10/2012,18:00,Syrianska,Sundsvall,1,1,D,2.66,3.49,2.8,2.72,3.49,2.8,2.56,3.24,2.67,,,,,,
Sweden,Allsvenskan,2012,26/10/2012,18:00,Malmo FF,Djurgarden,3,1,H,1.39,5.09,9.3,1.4,5.2,10,1.36,4.67,8.16,,,,,,
Sweden,Allsvenskan,2012,27/10/2012,13:00,Hacken,Kalmar,1,2,A,1.35,5.54,9.6,1.36,5.54,9.9,1.33,4.94,8.52,,,,,,
Sweden,Allsvenskan,2012,28/10/2012,12:00,AIK,Syrianska,1,1,D,1.34,5.33,10.66,1.36,5.33,11,1.31,4.86,9.4,,,,,,
Sweden,Allsvenskan,2012,28/10/2012,14:00,GAIS,Helsingborg,1,3,A,6.9,4.66,1.5,7.45,4.66,1.53,6.65,4.17,1.47,,,,,,
Sweden,Allsvenskan,2012,28/10/2012,14:00,Orebro,Goteborg,1,0,H,3.52,3.52,2.19,3.7,3.52,2.24,3.38,3.36,2.08,,,,,,
Sweden,Allsvenskan,2012,28/10/2012,14:00,Sundsvall,Norrkoping,0,4,A,2.06,3.79,3.62,2.25,3.79,3.62,2.1,3.43,3.26,,,,,,
Sweden,Allsvenskan,2012,28/10/2012,16:30,Atvidabergs,Mjallby,0,0,D,2.19,3.33,3.72,2.25,3.5,3.72,2.13,3.32,3.3,,,,,,
Sweden,Allsvenskan,2012,29/10/2012,18:05,Elfsborg,Gefle,2,0,H,1.35,5.45,10.05,1.38,5.5,10.05,1.33,4.88,8.58,,,,,,
Sweden,Allsvenskan,2012,31/10/2012,18:00,Helsingborg,Goteborg,2,0,H,1.78,4.01,4.69,1.83,4.05,5.05,1.71,3.71,4.55,,,,,,
Sweden,Allsvenskan,2012,31/10/2012,18:00,Kalmar,Norrkoping,0,2,A,2.31,3.56,3.18,2.35,3.62,3.6,2.17,3.4,3.14,,,,,,
Sweden,Allsvenskan,2012,31/10/2012,18:05,Djurgarden,Syrianska,1,1,D,2.17,3.63,3.43,2.25,3.63,3.55,2.11,3.39,3.27,,,,,,
Sweden,Allsvenskan,2012,01/11/2012,12:00,Atvidabergs,Sundsvall,2,2,D,2.33,3.56,3.16,2.35,3.7,3.3,2.25,3.39,2.99,,,,,,
Sweden,Allsvenskan,2012,01/11/2012,17:00,GAIS,Gefle,2,3,A,4.09,3.26,2.1,4.2,3.6,2.13,3.82,3.28,1.97,,,,,,
Sweden,Allsvenskan,2012,01/11/2012,17:00,Mjallby,Elfsborg,2,3,A,4.34,3.75,1.9,4.7,3.85,1.9,4.15,3.54,1.81,,,,,,
Sweden,Allsvenskan,2012,01/11/2012,19:05,Hacken,AIK,1,1,D,2.08,3.77,3.59,2.1,3.8,3.7,2.01,3.46,3.45,,,,,,
Sweden,Allsvenskan,2012,01/11/2012,19:05,Malmo FF,Orebro,1,1,D,1.18,7.88,19.14,1.2,8.74,19.14,1.16,7.25,13.7,,,,,,
Sweden,Allsvenskan,2012,04/11/2012,14:00,AIK,Malmo FF,2,0,H,2.4,3.47,3.09,2.5,3.6,3.09,2.34,3.3,2.9,,,,,,
Sweden,Allsvenskan,2012,04/11/2012,14:00,Elfsborg,Atvidabergs,1,1,D,1.27,6.25,12.5,1.28,6.75,14,1.23,5.89,10.79,,,,,,
Sweden,Allsvenskan,2012,04/11/2012,14:00,Gefle,Helsingborg,2,2,D,3.85,3.46,2.08,3.85,3.6,2.2,3.48,3.36,2.04,,,,,,
Sweden,Allsvenskan,2012,04/11/2012,14:00,Goteborg,Djurgarden,1,0,H,2.02,3.68,3.8,2.1,3.68,4.05,1.99,3.39,3.55,,,,,,
Sweden,Allsvenskan,2012,04/11/2012,14:00,Norrkoping,Mjallby,2,1,H,1.74,4,4.91,1.75,4,5.09,1.72,3.61,4.6,,,,,,
Sweden,Allsvenskan,2012,04/11/2012,14:00,Orebro,GAIS,4,0,H,1.58,4.34,6,1.6,4.5,6.5,1.53,4.08,5.64,,,,,,
Sweden,Allsvenskan,2012,04/11/2012,14:00,Sundsvall,Hacken,1,2,A,4.51,4.05,1.78,4.59,4.05,1.91,4.06,3.69,1.79,,,,,,
Sweden,Allsvenskan,2012,04/11/2012,14:00,Syrianska,Kalmar,3,0,H,1.98,3.62,4.01,1.98,3.65,4.7,1.89,3.41,3.97,,,,,,
Sweden,Allsvenskan,2012,10/11/2012,13:30,Halmstad,Sundsvall,3,0,H,2.12,3.6,3.63,2.25,3.62,3.7,2.1,3.33,3.29,,,,,,
Sweden,Allsvenskan,2012,17/11/2012,13:30,Sundsvall,Halmstad,4,3,H,1.96,3.78,3.98,2,4,3.98,1.93,3.52,3.62,,,,,,
Sweden,Allsvenskan,2013,31/03/2013,14:00,Hacken,Goteborg,0,3,A,2.41,3.24,3.31,2.6,3.35,3.31,2.42,3.19,2.92,,,,,,
Sweden,Allsvenskan,2013,31/03/2013,16:30,Helsingborg,Djurgarden,3,0,H,1.79,3.77,4.98,1.85,3.8,5.2,1.78,3.52,4.5,,,,,,
Sweden,Allsvenskan,2013,31/03/2013,16:30,Syrianska,Kalmar,0,3,A,2.85,3.22,2.74,2.88,3.35,2.77,2.71,3.12,2.63,,,,,,
Sweden,Allsvenskan,2013,01/04/2013,14:00,Gefle,Atvidabergs,1,0,H,2.57,3.24,3.05,2.65,3.4,3.15,2.5,3.15,2.83,,,,,,
Sweden,Allsvenskan,2013,01/04/2013,14:00,Malmo FF,Halmstad,1,1,D,1.42,4.63,9.27,1.5,4.75,9.33,1.42,4.29,7.53,,,,,,
Sweden,Allsvenskan,2013,01/04/2013,14:00,Mjallby,Norrkoping,1,2,A,2.47,3.28,3.16,2.65,3.4,3.16,2.45,3.14,2.9,,,,,,
Sweden,Allsvenskan,2013,01/04/2013,16:30,Brommapojkarna,Osters,2,2,D,2.65,3.29,2.92,2.65,3.3,3.1,2.46,3.17,2.86,,,,,,
Sweden,Allsvenskan,2013,01/04/2013,16:30,Elfsborg,AIK,2,2,D,2.1,3.36,3.99,2.13,3.45,4.05,2.04,3.26,3.65,,,,,,
Sweden,Allsvenskan,2013,05/04/2013,18:00,Atvidabergs,Malmo FF,1,3,A,3.21,3.21,2.48,3.5,3.45,2.48,3.2,3.23,2.24,,,,,,
Sweden,Allsvenskan,2013,07/04/2013,14:00,AIK,Syrianska,0,0,D,1.48,4.26,8.64,1.48,4.5,9,1.42,4.23,7.7,,,,,,
Sweden,Allsvenskan,2013,07/04/2013,14:00,Goteborg,Brommapojkarna,2,0,H,1.43,4.76,8.63,1.44,4.8,9.5,1.39,4.41,8.06,,,,,,
Sweden,Allsvenskan,2013,07/04/2013,16:30,Halmstad,Elfsborg,1,1,D,3.78,3.61,2.06,4.05,3.61,2.13,3.74,3.35,1.99,,,,,,
Sweden,Allsvenskan,2013,07/04/2013,16:30,Kalmar,Hacken,0,0,D,3.27,3.46,2.31,3.3,3.46,2.44,3.05,3.23,2.3,,,,,,
Sweden,Allsvenskan,2013,08/04/2013,18:00,Djurgarden,Mjallby,0,3,A,1.93,3.47,4.54,1.97,3.6,5,1.83,3.36,4.42,,,,,,
Sweden,Allsvenskan,2013,08/04/2013,18:00,Norrkoping,Gefle,2,1,H,2.06,3.41,4,2.1,3.55,4.5,1.95,3.33,3.9,,,,,,
Sweden,Allsvenskan,2013,08/04/2013,18:05,Osters,Helsingborg,1,1,D,3.1,3.26,2.52,3.2,3.45,2.52,3.02,3.16,2.36,,,,,,
Sweden,Allsvenskan,2013,12/04/2013,18:00,Brommapojkarna,Norrkoping,1,0,H,3.19,3.43,2.38,3.25,3.43,2.45,2.99,3.26,2.33,,,,,,
Sweden,Allsvenskan,2013,13/04/2013,15:00,Syrianska,Osters,0,1,A,2.77,3.23,2.82,2.8,3.25,3,2.58,3.13,2.74,,,,,,
Sweden,Allsvenskan,2013,14/04/2013,14:00,Atvidabergs,AIK,1,0,H,3.49,3.4,2.24,3.55,3.45,2.29,3.22,3.22,2.22,,,,,,
Sweden,Allsvenskan,2013,14/04/2013,14:00,Malmo FF,Kalmar,1,0,H,1.61,3.93,6.7,1.65,4.09,6.7,1.58,3.8,5.72,,,,,,
Sweden,Allsvenskan,2013,14/04/2013,16:30,Gefle,Halmstad,2,0,H,2.18,3.44,3.62,2.25,3.44,3.7,2.16,3.23,3.35,,,,,,
Sweden,Allsvenskan,2013,14/04/2013,16:30,Hacken,Djurgarden,4,0,H,1.75,3.84,5.2,1.77,3.84,5.5,1.69,3.6,4.92,,,,,,
Sweden,Allsvenskan,2013,15/04/2013,18:00,Helsingborg,Mjallby,1,2,A,1.45,4.44,9.23,1.5,4.59,9.23,1.43,4.28,7.18,,,,,,
Sweden,Allsvenskan,2013,15/04/2013,18:05,Elfsborg,Goteborg,0,0,D,2.18,3.46,3.58,2.18,3.5,3.75,2.08,3.33,3.44,,,,,,
Sweden,Allsvenskan,2013,17/04/2013,18:00,Halmstad,Atvidabergs,0,0,D,2.06,3.47,3.9,2.2,3.6,4.15,2.03,3.36,3.59,,,,,,
Sweden,Allsvenskan,2013,17/04/2013,18:00,Osters,Hacken,2,0,H,3.05,3.3,2.54,3.2,3.4,2.54,2.98,3.23,2.36,,,,,,
Sweden,Allsvenskan,2013,17/04/2013,18:05,AIK,Malmo FF,0,1,A,2.37,3.33,3.22,2.45,3.35,3.3,2.31,3.23,3.04,,,,,,
Sweden,Allsvenskan,2013,18/04/2013,18:00,Djurgarden,Brommapojkarna,1,1,D,1.77,3.74,5.19,1.9,3.75,5.19,1.78,3.51,4.51,,,,,,
Sweden,Allsvenskan,2013,18/04/2013,18:00,Goteborg,Syrianska,2,0,H,1.35,5,11.55,1.4,5.01,11.64,1.34,4.64,9.37,,,,,,
Sweden,Allsvenskan,2013,18/04/2013,18:00,Kalmar,Elfsborg,1,1,D,3.23,3.31,2.41,3.23,3.4,2.45,2.98,3.2,2.37,,,,,,
Sweden,Allsvenskan,2013,18/04/2013,18:00,Mjallby,Gefle,1,0,H,2.22,3.22,3.79,2.27,3.3,3.8,2.17,3.16,3.43,,,,,,
Sweden,Allsvenskan,2013,18/04/2013,18:05,Norrkoping,Helsingborg,1,4,A,3.1,3.43,2.43,3.25,3.44,2.5,2.88,3.27,2.39,,,,,,
Sweden,Allsvenskan,2013,21/04/2013,14:00,Atvidabergs,Goteborg,1,2,A,3.79,3.35,2.16,3.79,3.4,2.2,3.48,3.26,2.11,,,,,,
Sweden,Allsvenskan,2013,21/04/2013,14:00,Halmstad,Kalmar,1,2,A,2.47,3.25,3.19,2.47,3.35,3.2,2.35,3.18,3.04,,,,,,
Sweden,Allsvenskan,2013,21/04/2013,16:30,Brommapojkarna,Helsingborg,0,2,A,4.98,3.77,1.79,5.09,3.77,1.85,4.53,3.53,1.78,,,,,,
Sweden,Allsvenskan,2013,21/04/2013,16:30,Hacken,Mjallby,2,0,H,1.64,3.98,6.13,1.68,4,6.2,1.62,3.66,5.64,,,,,,
Sweden,Allsvenskan,2013,22/04/2013,18:00,Gefle,AIK,1,2,A,3.8,3.31,2.17,3.8,3.35,2.25,3.35,3.17,2.19,,,,,,
Sweden,Allsvenskan,2013,22/04/2013,18:00,Malmo FF,Osters,2,0,H,1.67,3.92,5.9,1.72,3.92,6,1.63,3.7,5.44,,,,,,
Sweden,Allsvenskan,2013,22/04/2013,18:00,Syrianska,Norrkoping,3,1,H,2.82,3.42,2.64,2.84,3.42,2.7,2.71,3.19,2.58,,,,,,
Sweden,Allsvenskan,2013,22/04/2013,18:05,Elfsborg,Djurgarden,2,0,H,1.62,3.94,6.25,1.63,4.2,6.9,1.55,3.81,6.17,,,,,,
Sweden,Allsvenskan,2013,25/04/2013,17:30,Goteborg,Malmo FF,1,1,D,2.61,3.24,3,2.61,3.3,3.35,2.33,3.15,3.09,,,,,,
Sweden,Allsvenskan,2013,26/04/2013,18:00,Norrkoping,Hacken,4,2,H,2.83,3.48,2.6,3,3.48,2.6,2.86,3.25,2.42,,,,,,
Sweden,Allsvenskan,2013,27/04/2013,15:00,Djurgarden,Syrianska,0,1,A,1.88,3.46,4.9,1.95,3.5,4.9,1.87,3.35,4.23,,,,,,
Sweden,Allsvenskan,2013,27/04/2013,15:00,Helsingborg,Gefle,5,1,H,1.38,5.12,10,1.44,5.12,10.5,1.37,4.57,8.29,,,,,,
Sweden,Allsvenskan,2013,27/04/2013,15:00,Kalmar,Atvidabergs,0,0,D,2,3.58,4.05,2,3.58,4.84,1.88,3.36,4.16,,,,,,
Sweden,Allsvenskan,2013,28/04/2013,14:00,AIK,Halmstad,3,3,D,1.41,4.66,9.99,1.45,4.75,9.99,1.41,4.31,8.04,,,,,,
Sweden,Allsvenskan,2013,28/04/2013,14:00,Mjallby,Brommapojkarna,4,2,H,1.78,3.63,5.34,1.83,3.8,5.9,1.75,3.47,4.82,,,,,,
Sweden,Allsvenskan,2013,28/04/2013,16:30,Osters,Elfsborg,1,3,A,3.43,3.31,2.31,3.6,3.35,2.31,3.27,3.19,2.21,,,,,,
Sweden,Allsvenskan,2013,03/05/2013,18:00,Malmo FF,Norrkoping,1,1,D,1.47,4.57,7.9,1.5,4.75,8.3,1.44,4.34,6.99,,,,,,
Sweden,Allsvenskan,2013,04/05/2013,15:00,Atvidabergs,Djurgarden,5,1,H,2.31,3.17,3.59,2.31,3.3,3.85,2.16,3.16,3.44,,,,,,
Sweden,Allsvenskan,2013,05/05/2013,14:00,Elfsborg,Mjallby,2,1,H,1.41,4.68,9.93,1.45,4.68,9.93,1.41,4.34,7.82,,,,,,
Sweden,Allsvenskan,2013,05/05/2013,14:00,Halmstad,Osters,1,0,H,2.23,3.41,3.53,2.38,3.41,3.53,2.21,3.27,3.21,,,,,,
Sweden,Allsvenskan,2013,05/05/2013,16:30,Syrianska,Helsingborg,0,1,A,4.7,3.8,1.83,5.5,3.8,1.9,4.77,3.59,1.72,,,,,,
Sweden,Allsvenskan,2013,06/05/2013,18:00,Gefle,Kalmar,1,1,D,2.38,3.36,3.24,2.6,3.36,3.25,2.41,3.14,2.97,,,,,,
Sweden,Allsvenskan,2013,06/05/2013,18:00,Hacken,Brommapojkarna,1,0,H,1.4,5.09,8.74,1.45,5.09,9.5,1.39,4.52,7.98,,,,,,
Sweden,Allsvenskan,2013,06/05/2013,18:05,AIK,Goteborg,3,1,H,2.36,3.41,3.24,2.45,3.41,3.25,2.34,3.23,3.02,,,,,,
Sweden,Allsvenskan,2013,10/05/2013,18:00,Norrkoping,Elfsborg,1,2,A,3.39,3.6,2.2,3.5,3.6,2.45,3.16,3.29,2.23,,,,,,
Sweden,Allsvenskan,2013,11/05/2013,15:00,Goteborg,Halmstad,1,0,H,1.51,4.38,7.55,1.6,4.38,7.55,1.49,4.09,6.57,,,,,,
Sweden,Allsvenskan,2013,12/05/2013,14:00,Kalmar,AIK,2,1,H,3.06,3.39,2.48,3.1,3.39,2.52,2.93,3.19,2.4,,,,,,
Sweden,Allsvenskan,2013,12/05/2013,14:00,Mjallby,Syrianska,4,1,H,2.04,3.37,4.13,2.1,3.45,4.13,2,3.3,3.77,,,,,,
Sweden,Allsvenskan,2013,12/05/2013,16:30,Djurgarden,Malmo FF,3,2,H,5.17,3.79,1.76,5.25,3.79,1.85,4.79,3.53,1.73,,,,,,
Sweden,Allsvenskan,2013,13/05/2013,18:00,Brommapojkarna,Gefle,4,1,H,2.58,3.28,3.01,2.62,3.35,3.13,2.52,3.16,2.81,,,,,,
Sweden,Allsvenskan,2013,13/05/2013,18:00,Osters,Atvidabergs,0,1,A,2.39,3.36,3.22,2.39,3.36,3.55,2.25,3.23,3.17,,,,,,
Sweden,Allsvenskan,2013,13/05/2013,18:07,Helsingborg,Hacken,5,0,H,1.83,3.8,4.59,1.85,3.8,5.09,1.77,3.59,4.41,,,,,,
Sweden,Allsvenskan,2013,17/05/2013,18:00,Mjallby,Malmo FF,2,2,D,4.37,3.59,1.95,4.37,3.65,1.95,4.02,3.4,1.9,,,,,,
Sweden,Allsvenskan,2013,18/05/2013,15:00,Brommapojkarna,Syrianska,1,1,D,2.33,3.47,3.24,2.38,3.47,3.3,2.28,3.24,3.07,,,,,,
Sweden,Allsvenskan,2013,19/05/2013,14:00,Hacken,Gefle,2,2,D,1.47,4.55,8.05,1.52,4.55,8.4,1.48,4,6.96,,,,,,
Sweden,Allsvenskan,2013,19/05/2013,14:00,Osters,AIK,2,3,A,3.72,3.42,2.15,4,3.55,2.21,3.59,3.32,2.05,,,,,,
Sweden,Allsvenskan,2013,19/05/2013,16:30,Djurgarden,Halmstad,1,0,H,1.86,3.59,4.78,2,3.6,4.8,1.86,3.44,4.14,,,,,,
Sweden,Allsvenskan,2013,19/05/2013,16:30,Goteborg,Kalmar,2,0,H,1.7,3.76,5.87,1.74,3.9,5.95,1.68,3.53,5.2,,,,,,
Sweden,Allsvenskan,2013,19/05/2013,16:30,Norrkoping,Atvidabergs,2,1,H,2.19,3.47,3.56,2.2,3.47,3.74,2.14,3.27,3.37,,,,,,
Sweden,Allsvenskan,2013,20/05/2013,18:07,Helsingborg,Elfsborg,2,1,H,2.08,3.42,3.95,2.12,3.6,3.95,2.02,3.32,3.64,,,,,,
Sweden,Allsvenskan,2013,22/05/2013,18:00,Gefle,Goteborg,1,1,D,3.46,3.29,2.31,3.6,3.4,2.31,3.3,3.21,2.2,,,,,,
Sweden,Allsvenskan,2013,22/05/2013,18:05,AIK,Djurgarden,1,1,D,1.77,3.75,5.17,1.81,3.8,5.5,1.72,3.59,4.78,,,,,,
Sweden,Allsvenskan,2013,23/05/2013,18:00,Atvidabergs,Mjallby,3,0,H,2.06,3.53,3.89,2.08,3.53,4.2,1.99,3.38,3.7,,,,,,
Sweden,Allsvenskan,2013,23/05/2013,18:00,Elfsborg,Brommapojkarna,6,0,H,1.34,5.47,10.65,1.34,5.6,13,1.29,5.18,9.9,,,,,,
Sweden,Allsvenskan,2013,23/05/2013,18:00,Halmstad,Norrkoping,1,1,D,2.61,3.44,2.85,2.65,3.44,3,2.51,3.24,2.76,,,,,,
Sweden,Allsvenskan,2013,23/05/2013,18:00,Syrianska,Hacken,0,3,A,3.69,3.53,2.12,3.8,3.6,2.16,3.49,3.36,2.06,,,,,,
Sweden,Allsvenskan,2013,23/05/2013,18:05,Kalmar,Osters,3,1,H,1.88,3.54,4.79,1.89,3.65,4.79,1.82,3.44,4.41,,,,,,
Sweden,Allsvenskan,2013,28/05/2013,18:00,Syrianska,Gefle,2,2,D,2.7,3.25,2.88,2.7,3.3,3,2.55,3.09,2.84,,,,,,
Sweden,Allsvenskan,2013,29/05/2013,18:00,Malmo FF,Helsingborg,1,1,D,2.33,3.42,3.34,2.33,3.45,3.45,2.23,3.28,3.17,,,,,,
Sweden,Allsvenskan,2013,30/05/2013,18:00,Djurgarden,Kalmar,1,0,H,2.29,3.45,3.24,2.5,3.45,3.28,2.33,3.21,3.04,,,,,,
Sweden,Allsvenskan,2013,30/05/2013,18:05,Norrkoping,AIK,0,1,A,2.96,3.56,2.46,3.02,3.56,2.6,2.83,3.3,2.42,,,,,,
Sweden,Allsvenskan,2013,31/05/2013,18:00,Osters,Goteborg,2,0,H,4.45,3.4,1.98,4.5,3.5,2.04,4.05,3.31,1.92,,,,,,
Sweden,Allsvenskan,2013,01/06/2013,12:00,Brommapojkarna,Malmo FF,1,3,A,5.97,4.05,1.64,6,4.2,1.7,5.37,3.77,1.62,,,,,,
Sweden,Allsvenskan,2013,01/06/2013,15:00,Hacken,Elfsborg,0,1,A,2.57,3.55,2.82,2.78,3.55,2.82,2.58,3.3,2.64,,,,,,
Sweden,Allsvenskan,2013,01/06/2013,15:00,Helsingborg,Atvidabergs,3,0,H,1.53,4.48,6.85,1.55,4.8,7.25,1.48,4.18,6.58,,,,,,
Sweden,Allsvenskan,2013,01/06/2013,15:00,Mjallby,Halmstad,5,1,H,2,3.48,4.19,2,3.65,4.4,1.93,3.38,3.93,,,,,,
Sweden,Allsvenskan,2013,15/06/2013,15:00,Gefle,Osters,0,0,D,2,3.57,4.15,2,3.57,4.47,1.95,3.33,3.92,,,,,,
Sweden,Allsvenskan,2013,17/06/2013,18:00,Kalmar,Norrkoping,2,2,D,2.1,3.53,3.77,2.17,3.53,4,2.01,3.36,3.68,,,,,,
Sweden,Allsvenskan,2013,17/06/2013,18:05,Goteborg,Djurgarden,0,0,D,1.79,3.65,5.25,1.79,3.9,5.6,1.69,3.61,5.08,,,,,,
Sweden,Allsvenskan,2013,19/06/2013,18:00,Brommapojkarna,Halmstad,1,1,D,2.52,3.39,3,2.52,3.41,3.2,2.38,3.26,2.92,,,,,,
Sweden,Allsvenskan,2013,19/06/2013,18:00,Elfsborg,Gefle,0,0,D,1.44,4.57,8.97,1.44,5,9.5,1.39,4.44,8.08,,,,,,
Sweden,Allsvenskan,2013,19/06/2013,18:00,Hacken,Atvidabergs,0,2,A,1.71,3.99,5.29,1.8,4.05,5.29,1.7,3.7,4.74,,,,,,
Sweden,Allsvenskan,2013,20/06/2013,18:00,Mjallby,Kalmar,0,2,A,2.09,3.5,3.78,2.29,3.55,3.78,2.11,3.35,3.4,,,,,,
Sweden,Allsvenskan,2013,20/06/2013,18:00,Syrianska,Malmo FF,2,3,A,5.01,3.79,1.79,5.5,3.9,1.79,4.82,3.59,1.72,,,,,,
Sweden,Allsvenskan,2013,20/06/2013,18:05,Norrkoping,Goteborg,1,2,A,2.41,3.24,3.32,2.54,3.45,3.32,2.39,3.24,2.92,,,,,,
Sweden,Allsvenskan,2013,23/06/2013,14:03,Atvidabergs,Syrianska,1,0,H,1.81,3.92,4.67,1.82,3.92,5.4,1.72,3.63,4.72,,,,,,
Sweden,Allsvenskan,2013,23/06/2013,16:30,Halmstad,Hacken,0,2,A,3.94,3.65,2.02,4.05,3.65,2.12,3.64,3.4,2,,,,,,
Sweden,Allsvenskan,2013,23/06/2013,16:30,Kalmar,Helsingborg,1,1,D,4.92,3.77,1.81,5.09,3.77,1.95,4.19,3.53,1.83,,,,,,
Sweden,Allsvenskan,2013,24/06/2013,18:00,AIK,Brommapojkarna,4,0,H,1.3,5.78,12.05,1.38,5.78,12.05,1.31,5.1,9.39,,,,,,
Sweden,Allsvenskan,2013,24/06/2013,18:00,Gefle,Djurgarden,1,1,D,2.69,3.36,2.8,2.8,3.4,2.9,2.56,3.16,2.74,,,,,,
Sweden,Allsvenskan,2013,24/06/2013,18:00,Goteborg,Mjallby,4,2,H,1.68,3.93,5.66,1.7,3.93,6,1.63,3.71,5.39,,,,,,
Sweden,Allsvenskan,2013,24/06/2013,18:00,Osters,Norrkoping,0,2,A,2.97,3.39,2.52,2.97,3.46,2.7,2.77,3.24,2.5,,,,,,
Sweden,Allsvenskan,2013,24/06/2013,18:05,Malmo FF,Elfsborg,2,1,H,1.98,3.64,4.09,2.1,3.64,4.09,2.01,3.38,3.64,,,,,,
Sweden,Allsvenskan,2013,27/06/2013,18:00,Malmo FF,Hacken,1,3,A,1.76,3.85,5.05,1.76,3.91,5.2,1.69,3.7,4.79,,,,,,
Sweden,Allsvenskan,2013,27/06/2013,18:07,Helsingborg,AIK,1,2,A,1.88,3.75,4.42,1.88,3.85,4.59,1.79,3.63,4.25,,,,,,
Sweden,Allsvenskan,2013,30/06/2013,14:03,Elfsborg,Syrianska,5,1,H,1.24,6.35,16,1.3,6.35,16,1.24,5.65,12.3,,,,,,
Sweden,Allsvenskan,2013,30/06/2013,16:30,Djurgarden,Osters,2,0,H,1.76,3.75,5.38,1.76,3.8,5.75,1.7,3.54,5.03,,,,,,
Sweden,Allsvenskan,2013,01/07/2013,18:00,AIK,Mjallby,0,0,D,1.4,5,9.5,1.52,5,9.55,1.4,4.48,7.81,,,,,,
Sweden,Allsvenskan,2013,01/07/2013,18:00,Atvidabergs,Brommapojkarna,4,1,H,1.58,4.38,6.28,1.58,4.5,7,1.53,4.04,6,,,,,,
Sweden,Allsvenskan,2013,06/07/2013,15:00,Brommapojkarna,Kalmar,0,1,A,2.99,3.36,2.54,3.75,3.45,2.54,3.07,3.3,2.28,,,,,,
Sweden,Allsvenskan,2013,06/07/2013,15:00,Elfsborg,Atvidabergs,0,1,A,1.51,4.5,7.3,1.55,4.5,7.5,1.47,4.2,6.74,,,,,,
Sweden,Allsvenskan,2013,06/07/2013,15:00,Mjallby,Osters,1,1,D,2.06,3.61,3.82,2.11,3.61,4.2,1.94,3.43,3.81,,,,,,
Sweden,Allsvenskan,2013,07/07/2013,14:03,Malmo FF,Gefle,3,1,H,1.41,4.76,9.53,1.41,5.09,11,1.36,4.59,8.96,,,,,,
Sweden,Allsvenskan,2013,07/07/2013,16:30,AIK,Hacken,2,0,H,2.04,3.64,3.84,2.04,3.75,4.45,1.96,3.41,3.8,,,,,,
Sweden,Allsvenskan,2013,07/07/2013,16:30,Syrianska,Halmstad,1,2,A,2.29,3.43,3.38,2.29,3.45,3.75,2.15,3.29,3.3,,,,,,
Sweden,Allsvenskan,2013,08/07/2013,18:07,Helsingborg,Goteborg,1,1,D,1.75,3.83,5.19,1.85,3.95,5.19,1.74,3.66,4.59,,,,,,
Sweden,Allsvenskan,2013,13/07/2013,15:00,Brommapojkarna,Goteborg,2,1,H,4.45,3.72,1.88,5.4,3.85,1.89,4.37,3.56,1.79,,,,,,
Sweden,Allsvenskan,2013,13/07/2013,15:00,Elfsborg,Halmstad,2,2,D,1.26,6.38,13.65,1.3,6.5,14,1.25,5.73,11.2,,,,,,
Sweden,Allsvenskan,2013,13/07/2013,15:00,Hacken,Kalmar,0,1,A,1.66,4.05,5.71,1.75,4.09,6,1.65,3.76,5.08,,,,,,
Sweden,Allsvenskan,2013,14/07/2013,14:00,Gefle,Norrkoping,2,2,D,3.14,3.45,2.4,3.15,3.45,2.6,2.89,3.23,2.43,,,,,,
Sweden,Allsvenskan,2013,14/07/2013,14:03,Mjallby,Djurgarden,2,0,H,2.62,3.31,2.93,2.75,3.4,2.95,2.56,3.18,2.75,,,,,,
Sweden,Allsvenskan,2013,14/07/2013,16:30,Malmo FF,Atvidabergs,4,0,H,1.51,4.3,7.86,1.53,4.3,7.9,1.5,3.98,6.74,,,,,,
Sweden,Allsvenskan,2013,14/07/2013,16:30,Syrianska,AIK,1,2,A,6.22,3.89,1.65,6.22,4,1.7,5.41,3.71,1.63,,,,,,
Sweden,Allsvenskan,2013,15/07/2013,18:07,Helsingborg,Osters,3,0,H,1.42,4.98,8.51,1.42,5.3,9,1.37,4.75,7.91,,,,,,
Sweden,Allsvenskan,2013,21/07/2013,16:30,Djurgarden,Norrkoping,1,2,A,2.29,3.46,3.3,2.31,3.46,3.4,2.24,3.28,3.13,,,,,,
Sweden,Allsvenskan,2013,22/07/2013,18:00,Hacken,AIK,2,3,A,2.29,3.41,3.36,2.4,3.5,3.36,2.3,3.3,3.02,,,,,,
Sweden,Allsvenskan,2013,24/07/2013,17:30,Halmstad,Helsingborg,0,1,A,5.67,4.08,1.65,6.3,4.15,1.65,5.42,3.87,1.6,,,,,,
Sweden,Allsvenskan,2013,27/07/2013,15:00,Atvidabergs,Elfsborg,1,1,D,3.74,3.52,2.1,3.74,3.55,2.2,3.4,3.31,2.12,,,,,,
Sweden,Allsvenskan,2013,27/07/2013,15:00,Kalmar,Brommapojkarna,2,2,D,1.64,4.22,5.59,1.65,4.22,6.3,1.59,3.85,5.59,,,,,,
Sweden,Allsvenskan,2013,27/07/2013,15:00,Osters,Mjallby,1,1,D,2.29,3.48,3.31,2.35,3.48,3.45,2.24,3.25,3.17,,,,,,
Sweden,Allsvenskan,2013,28/07/2013,18:00,Gefle,Malmo FF,2,0,H,4.71,3.77,1.83,5.3,3.9,1.83,4.59,3.6,1.75,,,,,,
Sweden,Allsvenskan,2013,28/07/2013,18:00,Goteborg,Helsingborg,2,4,A,2.71,3.3,2.83,2.84,3.4,2.83,2.67,3.18,2.63,,,,,,
Sweden,Allsvenskan,2013,29/07/2013,18:00,Halmstad,Syrianska,1,1,D,1.9,3.72,4.29,2,3.8,4.33,1.9,3.5,3.89,,,,,,
Sweden,Allsvenskan,2013,03/08/2013,15:00,Kalmar,Syrianska,1,0,H,1.71,3.96,5.31,1.72,4.4,6.4,1.6,3.84,5.58,,,,,,
Sweden,Allsvenskan,2013,03/08/2013,15:00,Osters,Brommapojkarna,0,0,D,1.83,3.82,4.55,1.86,3.85,4.75,1.79,3.61,4.37,,,,,,
Sweden,Allsvenskan,2013,03/08/2013,15:05,AIK,Elfsborg,2,1,H,2.11,3.48,3.77,2.14,3.6,4.25,1.99,3.4,3.68,,,,,,
Sweden,Allsvenskan,2013,04/08/2013,14:00,Atvidabergs,Gefle,1,1,D,1.88,3.52,4.83,1.9,3.65,5.09,1.81,3.41,4.56,,,,,,
Sweden,Allsvenskan,2013,04/08/2013,14:03,Halmstad,Malmo FF,1,3,A,5.92,4.03,1.64,6.5,4.15,1.67,5.72,3.88,1.57,,,,,,
Sweden,Allsvenskan,2013,04/08/2013,16:30,Goteborg,Hacken,3,1,H,2.25,3.4,3.48,2.25,3.55,3.6,2.13,3.33,3.35,,,,,,
Sweden,Allsvenskan,2013,05/08/2013,18:00,Norrkoping,Mjallby,3,2,H,1.71,3.97,5.28,1.75,3.97,5.28,1.7,3.66,4.87,,,,,,
Sweden,Allsvenskan,2013,05/08/2013,18:05,Djurgarden,Helsingborg,2,1,H,3.98,3.54,2.02,4.4,3.6,2.04,3.89,3.41,1.93,,,,,,
Sweden,Allsvenskan,2013,10/08/2013,15:00,Atvidabergs,Halmstad,0,1,A,1.58,4.26,6.39,1.62,4.4,7.4,1.53,4,6.12,,,,,,
Sweden,Allsvenskan,2013,10/08/2013,15:00,Brommapojkarna,Djurgarden,3,0,H,6.23,4.08,1.61,6.25,4.2,1.76,5.48,3.8,1.61,,,,,,
Sweden,Allsvenskan,2013,10/08/2013,15:00,Elfsborg,Kalmar,1,0,H,1.48,4.51,7.76,1.59,4.7,7.76,1.51,4.04,6.47,,,,,,
Sweden,Allsvenskan,2013,11/08/2013,14:00,Gefle,Mjallby,2,1,H,1.93,3.6,4.37,2.17,3.61,4.55,1.92,3.36,3.98,,,,,,
Sweden,Allsvenskan,2013,11/08/2013,14:00,Helsingborg,Norrkoping,0,0,D,1.54,4.51,6.52,1.6,4.51,6.6,1.53,4.06,5.92,,,,,,
Sweden,Allsvenskan,2013,11/08/2013,14:00,Syrianska,Goteborg,0,2,A,4.11,3.54,2,4.51,3.7,2.04,3.98,3.46,1.89,,,,,,
Sweden,Allsvenskan,2013,11/08/2013,16:30,Hacken,Osters,0,2,A,1.51,4.38,7.51,1.55,4.4,7.54,1.49,4.01,6.75,,,,,,
Sweden,Allsvenskan,2013,11/08/2013,16:30,Malmo FF,AIK,1,0,H,1.91,3.6,4.45,2.08,3.6,4.45,1.89,3.4,3.98,,,,,,
Sweden,Allsvenskan,2013,16/08/2013,18:00,Osters,Syrianska,1,0,H,1.75,3.77,5.29,2,3.77,5.29,1.84,3.47,4.32,,,,,,
Sweden,Allsvenskan,2013,17/08/2013,15:00,Goteborg,Elfsborg,3,1,H,2.43,3.43,3.11,2.43,3.45,3.5,2.29,3.31,3.02,,,,,,
Sweden,Allsvenskan,2013,17/08/2013,15:00,Norrkoping,Brommapojkarna,2,1,H,1.61,4.29,5.83,1.65,4.34,6.95,1.53,4.02,6.09,,,,,,
Sweden,Allsvenskan,2013,18/08/2013,14:00,Djurgarden,Hacken,1,1,D,2.37,3.35,3.28,2.6,3.4,3.28,2.34,3.23,3,,,,,,
Sweden,Allsvenskan,2013,18/08/2013,14:00,Halmstad,Gefle,2,2,D,2.45,3.36,3.13,2.66,3.36,3.13,2.42,3.19,2.91,,,,,,
Sweden,Allsvenskan,2013,18/08/2013,16:30,Kalmar,Malmo FF,1,4,A,4.25,3.58,1.96,4.26,3.6,2.04,3.87,3.41,1.93,,,,,,
Sweden,Allsvenskan,2013,19/08/2013,18:00,AIK,Atvidabergs,3,2,H,1.5,4.49,7.49,1.53,4.65,8,1.47,4.15,6.9,,,,,,
Sweden,Allsvenskan,2013,19/08/2013,18:05,Mjallby,Helsingborg,4,3,H,5.05,3.96,1.74,5.3,4.25,1.75,4.85,3.73,1.68,,,,,,
Sweden,Allsvenskan,2013,22/08/2013,17:30,Norrkoping,Djurgarden,2,3,A,2.11,3.61,3.67,2.2,3.65,3.67,2.1,3.31,3.47,,,,,,
Sweden,Allsvenskan,2013,25/08/2013,14:00,Elfsborg,Osters,2,4,A,1.44,4.63,8.72,1.48,4.75,8.77,1.41,4.48,7.4,,,,,,
Sweden,Allsvenskan,2013,25/08/2013,14:00,Gefle,Helsingborg,1,2,A,3.39,3.28,2.35,3.5,3.4,2.37,3.21,3.28,2.22,,,,,,
Sweden,Allsvenskan,2013,25/08/2013,14:03,Halmstad,AIK,1,0,H,4.96,3.81,1.78,5.09,3.81,1.82,4.69,3.61,1.73,,,,,,
Sweden,Allsvenskan,2013,25/08/2013,16:30,Malmo FF,Goteborg,3,1,H,1.65,4.05,5.79,1.83,4.05,5.8,1.64,3.68,5.29,,,,,,
Sweden,Allsvenskan,2013,26/08/2013,18:00,Atvidabergs,Kalmar,0,0,D,2.02,3.48,4.08,2.15,3.53,4.25,2.01,3.29,3.76,,,,,,
Sweden,Allsvenskan,2013,26/08/2013,18:00,Brommapojkarna,Mjallby,2,0,H,2,3.51,4.12,2.12,3.6,4.12,1.98,3.4,3.68,,,,,,
Sweden,Allsvenskan,2013,26/08/2013,18:00,Hacken,Norrkoping,1,0,H,1.89,3.7,4.43,2,3.75,4.43,1.88,3.51,3.95,,,,,,
Sweden,Allsvenskan,2013,26/08/2013,18:05,Syrianska,Djurgarden,1,3,A,4.3,3.54,1.96,4.32,3.54,2.1,3.84,3.38,1.95,,,,,,
Sweden,Allsvenskan,2013,30/08/2013,18:03,Helsingborg,Brommapojkarna,4,2,H,1.34,5.61,10.01,1.45,5.61,12,1.35,4.99,8.08,,,,,,
Sweden,Allsvenskan,2013,31/08/2013,15:00,AIK,Gefle,3,0,H,1.6,4.23,6.19,1.65,4.35,6.5,1.54,4.03,5.94,,,,,,
Sweden,Allsvenskan,2013,01/09/2013,14:00,Goteborg,Atvidabergs,3,0,H,1.57,4.29,6.48,1.7,4.29,6.73,1.54,4.01,5.91,,,,,,
Sweden,Allsvenskan,2013,01/09/2013,14:00,Norrkoping,Syrianska,6,1,H,1.52,4.68,6.53,1.54,4.7,7.25,1.46,4.32,6.63,,,,,,
Sweden,Allsvenskan,2013,01/09/2013,14:00,Osters,Malmo FF,1,1,D,4.59,3.56,1.9,4.59,3.75,1.96,4.2,3.48,1.85,,,,,,
Sweden,Allsvenskan,2013,01/09/2013,16:30,Djurgarden,Elfsborg,1,2,A,2.45,3.43,3.08,2.65,3.43,3.08,2.48,3.22,2.82,,,,,,
Sweden,Allsvenskan,2013,01/09/2013,16:30,Kalmar,Halmstad,1,0,H,1.86,3.65,4.66,1.96,3.65,4.75,1.82,3.47,4.34,,,,,,
Sweden,Allsvenskan,2013,01/09/2013,16:30,Mjallby,Hacken,1,1,D,5.22,3.85,1.74,5.22,3.85,1.91,4.32,3.57,1.8,,,,,,
Sweden,Allsvenskan,2013,14/09/2013,15:00,Atvidabergs,Osters,4,0,H,2.09,3.39,3.95,2.14,3.45,3.95,2.02,3.29,3.73,,,,,,
Sweden,Allsvenskan,2013,14/09/2013,15:00,Gefle,Brommapojkarna,1,0,H,1.99,3.56,4.13,1.99,3.75,4.4,1.91,3.39,4.01,,,,,,
Sweden,Allsvenskan,2013,15/09/2013,14:00,AIK,Kalmar,0,0,D,1.41,4.75,9.38,1.5,4.75,9.5,1.42,4.3,7.78,,,,,,
Sweden,Allsvenskan,2013,15/09/2013,14:00,Elfsborg,Norrkoping,4,1,H,1.72,4.01,5.15,1.75,4.01,5.5,1.69,3.63,4.89,,,,,,
Sweden,Allsvenskan,2013,15/09/2013,14:00,Halmstad,Goteborg,0,1,A,4.1,3.58,1.99,4.17,3.65,2,3.91,3.39,1.93,,,,,,
Sweden,Allsvenskan,2013,15/09/2013,16:30,Hacken,Helsingborg,3,2,H,2.37,3.58,3.05,2.6,3.6,3.05,2.45,3.33,2.78,,,,,,
Sweden,Allsvenskan,2013,15/09/2013,16:30,Syrianska,Mjallby,1,2,A,3.72,3.83,2.02,3.9,3.9,2.49,3.48,3.57,2,,,,,,
Sweden,Allsvenskan,2013,16/09/2013,18:05,Malmo FF,Djurgarden,0,2,A,1.48,4.58,7.61,1.55,4.58,7.61,1.47,4.26,6.55,,,,,,
Sweden,Allsvenskan,2013,20/09/2013,18:00,Osters,Halmstad,0,1,A,2,3.61,4.03,2.1,3.61,4.33,1.92,3.42,3.93,,,,,,
Sweden,Allsvenskan,2013,21/09/2013,15:00,Kalmar,Gefle,0,0,D,2.25,3.36,3.52,2.3,3.4,3.6,2.15,3.24,3.41,,,,,,
Sweden,Allsvenskan,2013,22/09/2013,14:00,Brommapojkarna,Hacken,1,0,H,3.14,3.57,2.35,3.75,3.6,2.35,3.3,3.42,2.12,,,,,,
Sweden,Allsvenskan,2013,22/09/2013,14:00,Mjallby,Elfsborg,2,2,D,3.09,3.61,2.36,3.4,3.61,2.38,3.11,3.33,2.24,,,,,,
Sweden,Allsvenskan,2013,22/09/2013,16:30,Djurgarden,Atvidabergs,2,0,H,1.75,3.85,5.17,1.82,3.85,5.17,1.73,3.57,4.72,,,,,,
Sweden,Allsvenskan,2013,22/09/2013,16:30,Helsingborg,Syrianska,2,2,D,1.16,8.32,21.39,1.18,9.21,23,1.15,7.68,16.03,,,,,,
Sweden,Allsvenskan,2013,22/09/2013,16:30,Norrkoping,Malmo FF,0,2,A,3.9,3.77,2,4,3.77,2.1,3.64,3.45,1.98,,,,,,
Sweden,Allsvenskan,2013,23/09/2013,18:05,Goteborg,AIK,3,1,H,2.23,3.48,3.51,2.3,3.55,3.58,2.17,3.31,3.27,,,,,,
Sweden,Allsvenskan,2013,24/09/2013,18:05,Osters,Kalmar,1,2,A,2.71,3.28,2.85,2.8,3.3,3.25,2.41,3.19,2.98,,,,,,
Sweden,Allsvenskan,2013,25/09/2013,18:00,Brommapojkarna,Elfsborg,1,0,H,3.9,3.64,2.02,3.9,3.65,2.25,3.54,3.44,2.01,,,,,,
Sweden,Allsvenskan,2013,25/09/2013,18:00,Hacken,Syrianska,4,0,H,1.28,6.42,11.88,1.32,6.42,13,1.27,5.58,10.39,,,,,,
Sweden,Allsvenskan,2013,25/09/2013,18:07,Helsingborg,Malmo FF,0,3,A,2.56,3.67,2.76,2.75,3.68,2.8,2.56,3.29,2.67,,,,,,
Sweden,Allsvenskan,2013,26/09/2013,18:00,Goteborg,Gefle,3,1,H,1.43,4.7,8.77,1.5,4.8,8.8,1.42,4.36,7.47,,,,,,
Sweden,Allsvenskan,2013,26/09/2013,18:00,Mjallby,Atvidabergs,0,1,A,2.61,3.35,2.91,2.61,3.5,3.5,2.35,3.23,3.02,,,,,,
Sweden,Allsvenskan,2013,26/09/2013,18:00,Norrkoping,Halmstad,3,2,H,1.72,4.04,5.04,1.75,4.05,5.25,1.68,3.74,4.82,,,,,,
Sweden,Allsvenskan,2013,26/09/2013,18:05,Djurgarden,AIK,2,2,D,2.83,3.29,2.72,2.98,3.3,2.72,2.8,3.17,2.52,,,,,,
Sweden,Allsvenskan,2013,28/09/2013,15:00,Syrianska,Brommapojkarna,1,2,A,4.23,3.61,1.95,4.23,3.61,2.1,3.86,3.45,1.92,,,,,,
Sweden,Allsvenskan,2013,29/09/2013,14:00,Halmstad,Djurgarden,1,4,A,3.14,3.41,2.42,3.3,3.42,2.42,3.07,3.28,2.29,,,,,,
Sweden,Allsvenskan,2013,29/09/2013,14:00,Kalmar,Goteborg,2,1,H,3.42,3.61,2.2,3.6,3.61,2.2,3.37,3.38,2.09,,,,,,
Sweden,Allsvenskan,2013,29/09/2013,16:30,Elfsborg,Helsingborg,1,1,D,1.87,3.78,4.37,2,3.8,4.41,1.84,3.57,4.06,,,,,,
Sweden,Allsvenskan,2013,30/09/2013,18:00,AIK,Osters,2,1,H,1.34,4.54,9.44,1.45,4.95,9.5,1.38,4.55,7.96,,,,,,
Sweden,Allsvenskan,2013,30/09/2013,18:00,Gefle,Hacken,0,0,D,2.73,3.23,2.52,2.94,3.5,2.65,2.69,3.25,2.56,,,,,,
Sweden,Allsvenskan,2013,30/09/2013,18:00,Malmo FF,Mjallby,1,0,H,1.21,5.84,14.39,1.3,6.55,17,1.24,5.78,11.52,,,,,,
Sweden,Allsvenskan,2013,30/09/2013,18:05,Atvidabergs,Norrkoping,1,3,A,2.56,3.58,2.82,2.56,3.58,3.1,2.38,3.3,2.91,,,,,,
Sweden,Allsvenskan,2013,04/10/2013,18:00,Mjallby,AIK,2,3,A,3.94,3.59,1.88,4.3,3.75,2,3.86,3.48,1.91,,,,,,
Sweden,Allsvenskan,2013,05/10/2013,15:00,Brommapojkarna,Atvidabergs,0,0,D,2.09,3.52,3.82,2.15,3.55,3.82,2.05,3.34,3.55,,,,,,
Sweden,Allsvenskan,2013,05/10/2013,15:00,Norrkoping,Kalmar,0,1,A,1.92,3.65,4.36,2.2,3.75,4.36,1.9,3.49,3.87,,,,,,
Sweden,Allsvenskan,2013,06/10/2013,14:00,Djurgarden,Goteborg,2,1,H,2.8,3.55,2.59,2.95,3.55,2.65,2.74,3.3,2.48,,,,,,
Sweden,Allsvenskan,2013,06/10/2013,14:00,Osters,Gefle,1,4,A,2.41,3.34,3.21,2.41,3.4,3.25,2.29,3.23,3.1,,,,,,
Sweden,Allsvenskan,2013,06/10/2013,14:00,Syrianska,Elfsborg,1,3,A,8.39,5.25,1.4,9,5.25,1.45,7.7,4.6,1.39,,,,,,
Sweden,Allsvenskan,2013,06/10/2013,16:30,Hacken,Malmo FF,2,0,H,3.67,3.74,2.07,4,3.8,2.11,3.46,3.47,2.03,,,,,,
Sweden,Allsvenskan,2013,06/10/2013,16:30,Helsingborg,Halmstad,4,2,H,1.41,5.25,7.96,1.45,5.25,8.2,1.4,4.66,7.17,,,,,,
Sweden,Allsvenskan,2013,19/10/2013,15:00,Gefle,Syrianska,2,0,H,1.34,5.33,10.94,1.37,5.33,10.94,1.33,4.81,9.2,,,,,,
Sweden,Allsvenskan,2013,20/10/2013,14:00,Atvidabergs,Helsingborg,3,0,H,3.79,3.82,2,3.95,3.85,2.05,3.59,3.53,1.97,,,,,,
Sweden,Allsvenskan,2013,20/10/2013,14:00,Goteborg,Osters,0,0,D,1.47,4.72,7.56,1.5,5,7.95,1.44,4.38,7.03,,,,,,
Sweden,Allsvenskan,2013,20/10/2013,16:30,Elfsborg,Hacken,0,0,D,1.88,3.87,4.3,1.92,3.9,4.75,1.81,3.57,4.26,,,,,,
Sweden,Allsvenskan,2013,20/10/2013,16:30,Malmo FF,Brommapojkarna,2,1,H,1.28,6.16,12.5,1.29,6.16,13.95,1.26,5.67,10.81,,,,,,
Sweden,Allsvenskan,2013,21/10/2013,18:00,AIK,Norrkoping,1,0,H,1.53,4.61,6.4,1.57,4.7,6.55,1.5,4.32,5.88,,,,,,
Sweden,Allsvenskan,2013,21/10/2013,18:00,Kalmar,Djurgarden,1,2,A,2.58,3.5,2.84,2.58,3.5,3.1,2.41,3.24,2.91,,,,,,
Sweden,Allsvenskan,2013,21/10/2013,18:05,Halmstad,Mjallby,1,0,H,1.9,3.75,4.29,2.1,3.8,4.29,1.91,3.52,3.84,,,,,,
Sweden,Allsvenskan,2013,25/10/2013,18:00,Hacken,Halmstad,1,3,A,1.78,4.14,4.56,2,4.14,4.56,1.8,3.64,4.2,,,,,,
Sweden,Allsvenskan,2013,26/10/2013,12:30,Brommapojkarna,AIK,0,6,A,5.3,4.55,1.62,5.6,4.55,1.8,5.02,3.89,1.64,,,,,,
Sweden,Allsvenskan,2013,27/10/2013,14:00,Djurgarden,Gefle,1,1,D,1.58,4.23,6.46,1.67,4.3,7.4,1.53,3.93,6.26,,,,,,
Sweden,Allsvenskan,2013,27/10/2013,14:00,Mjallby,Goteborg,2,1,H,4.9,4.04,1.74,4.9,4.04,1.87,4.45,3.57,1.77,,,,,,
Sweden,Allsvenskan,2013,27/10/2013,16:30,Helsingborg,Kalmar,2,3,A,1.55,4.54,6.34,1.65,4.54,6.66,1.56,4,5.73,,,,,,
Sweden,Allsvenskan,2013,27/10/2013,16:30,Syrianska,Atvidabergs,4,1,H,4.35,3.72,1.9,4.53,3.8,1.9,4.27,3.55,1.81,,,,,,
Sweden,Allsvenskan,2013,28/10/2013,18:00,Norrkoping,Osters,1,1,D,1.91,4.15,3.86,1.95,4.15,4,1.88,3.67,3.79,,,,,,
Sweden,Allsvenskan,2013,28/10/2013,18:05,Elfsborg,Malmo FF,0,2,A,3.54,3.53,2.18,3.8,3.7,2.25,3.29,3.33,2.15,,,,,,
Sweden,Allsvenskan,2013,03/11/2013,14:00,AIK,Helsingborg,2,1,H,1.92,3.89,4.05,2.1,3.9,4.25,1.91,3.55,3.8,,,,,,
Sweden,Allsvenskan,2013,03/11/2013,14:00,Atvidabergs,Hacken,2,2,D,3.04,3.2,2.6,3.04,3.5,2.88,2.66,3.25,2.58,,,,,,
Sweden,Allsvenskan,2013,03/11/2013,14:00,Gefle,Elfsborg,0,2,A,2.47,3.45,3.02,2.5,3.5,3.1,2.38,3.29,2.88,,,,,,
Sweden,Allsvenskan,2013,03/11/2013,14:00,Goteborg,Norrkoping,2,0,H,1.37,5.17,9.77,1.45,5.17,9.77,1.37,4.62,8.06,,,,,,
Sweden,Allsvenskan,2013,03/11/2013,14:00,Halmstad,Brommapojkarna,2,2,D,1.92,3.48,4.62,2.01,3.6,4.62,1.9,3.33,4.09,,,,,,
Sweden,Allsvenskan,2013,03/11/2013,14:00,Kalmar,Mjallby,2,1,H,1.54,4.21,7.29,1.56,4.3,7.29,1.51,4.03,6.27,,,,,,
Sweden,Allsvenskan,2013,03/11/2013,14:00,Malmo FF,Syrianska,3,1,H,1.21,7.67,14.05,1.3,8.5,19,1.19,6.81,13.32,,,,,,
Sweden,Allsvenskan,2013,03/11/2013,14:00,Osters,Djurgarden,1,1,D,2.64,3.58,2.73,2.64,3.65,2.8,2.5,3.34,2.69,,,,,,
Sweden,Allsvenskan,2013,06/11/2013,17:30,Sundsvall,Halmstad,1,1,D,2.52,3.44,2.98,2.65,3.44,3.1,2.39,3.23,2.89,,,,,,
Sweden,Allsvenskan,2013,10/11/2013,14:30,Halmstad,Sundsvall,2,1,H,1.68,3.98,5.62,1.7,4,6.04,1.62,3.76,5.26,,,,,,
Sweden,Allsvenskan,2014,30/03/2014,14:00,Brommapojkarna,Kalmar,1,2,A,2.56,3.3,3.01,2.88,3.3,3.1,2.57,3.11,2.8,,,,,,
Sweden,Allsvenskan,2014,30/03/2014,14:00,Helsingborg,Djurgarden,1,1,D,1.88,3.61,4.61,1.89,3.65,4.65,1.84,3.44,4.28,,,,,,
Sweden,Allsvenskan,2014,30/03/2014,14:00,Mjallby,Gefle,2,2,D,2.04,3.45,4.08,2.04,3.7,4.25,1.95,3.32,3.92,,,,,,
Sweden,Allsvenskan,2014,30/03/2014,16:30,Halmstad,Orebro,1,2,A,2.49,3.36,3.05,2.55,3.4,3.12,2.41,3.16,2.95,,,,,,
Sweden,Allsvenskan,2014,30/03/2014,16:30,Malmo FF,Falkenbergs,3,0,H,1.27,6.07,13.17,1.3,6.4,15,1.26,5.41,11.61,,,,,,
Sweden,Allsvenskan,2014,31/03/2014,18:00,Atvidabergs,Elfsborg,2,1,H,3.25,3.35,2.39,3.45,3.35,2.39,3.2,3.18,2.27,,,,,,
Sweden,Allsvenskan,2014,31/03/2014,18:00,Hacken,Norrkoping,2,0,H,1.74,3.78,5.4,1.75,3.8,5.4,1.72,3.59,4.85,,,,,,
Sweden,Allsvenskan,2014,31/03/2014,18:05,AIK,Goteborg,0,2,A,2.05,3.46,4.04,2.1,3.5,4.1,2.02,3.28,3.68,,,,,,
Sweden,Allsvenskan,2014,04/04/2014,18:00,Elfsborg,Hacken,3,1,H,2.09,3.43,3.94,2.15,3.5,4.15,2.04,3.3,3.66,,,,,,
Sweden,Allsvenskan,2014,05/04/2014,15:00,Falkenbergs,Brommapojkarna,1,0,H,2.13,3.56,3.64,2.4,3.56,3.7,2.17,3.3,3.29,,,,,,
Sweden,Allsvenskan,2014,06/04/2014,13:30,Djurgarden,Halmstad,3,0,H,1.52,4.25,7.47,1.57,4.25,7.5,1.51,3.94,6.54,,,,,,
Sweden,Allsvenskan,2014,06/04/2014,14:00,Gefle,AIK,1,2,A,3.58,3.39,2.21,3.75,3.4,2.28,3.4,3.27,2.14,,,,,,
Sweden,Allsvenskan,2014,06/04/2014,14:00,Norrkoping,Helsingborg,2,0,H,2.66,3.45,2.78,2.89,3.45,2.84,2.66,3.22,2.62,,,,,,
Sweden,Allsvenskan,2014,07/04/2014,18:00,Kalmar,Atvidabergs,2,2,D,2.03,3.49,4.06,2.06,3.49,4.33,2,3.31,3.75,,,,,,
Sweden,Allsvenskan,2014,07/04/2014,18:05,Goteborg,Malmo FF,0,3,A,2.89,3.23,2.71,2.98,3.3,2.85,2.71,3.1,2.66,,,,,,
Sweden,Allsvenskan,2014,08/04/2014,17:30,Orebro,Mjallby,1,0,H,2.26,3.34,3.53,2.27,3.37,3.6,2.19,3.23,3.31,,,,,,
Sweden,Allsvenskan,2014,11/04/2014,18:00,Mjallby,Djurgarden,0,2,A,3.8,3.32,2.16,3.9,3.7,2.2,3.45,3.27,2.11,,,,,,
Sweden,Allsvenskan,2014,12/04/2014,15:00,Atvidabergs,Falkenbergs,2,0,H,1.65,3.92,6.19,1.7,3.92,6.19,1.64,3.7,5.32,,,,,,
Sweden,Allsvenskan,2014,12/04/2014,15:00,Malmo FF,Gefle,1,0,H,1.27,5.94,13.92,1.31,5.94,13.92,1.27,5.27,11.22,,,,,,
Sweden,Allsvenskan,2014,13/04/2014,14:00,AIK,Orebro,1,1,D,1.57,4.13,6.82,1.62,4.13,7,1.56,3.77,6.28,,,,,,
Sweden,Allsvenskan,2014,13/04/2014,16:30,Halmstad,Norrkoping,0,0,D,2.99,3.42,2.52,3.1,3.42,2.66,2.9,3.23,2.42,,,,,,
Sweden,Allsvenskan,2014,13/04/2014,16:30,Helsingborg,Hacken,4,2,H,2.17,3.58,3.52,2.17,3.6,3.7,2.08,3.38,3.41,,,,,,
Sweden,Allsvenskan,2014,14/04/2014,18:00,Brommapojkarna,Goteborg,1,1,D,4.08,3.47,2.03,4.2,3.7,2.05,3.8,3.39,1.96,,,,,,
Sweden,Allsvenskan,2014,14/04/2014,18:05,Kalmar,Elfsborg,0,0,D,3.2,3.35,2.42,3.25,3.4,2.5,2.96,3.23,2.37,,,,,,
Sweden,Allsvenskan,2014,16/04/2014,18:00,Hacken,Halmstad,3,0,H,1.67,4.26,5.27,1.67,4.33,6.5,1.55,4,5.75,,,,,,
Sweden,Allsvenskan,2014,16/04/2014,18:00,Norrkoping,Mjallby,1,1,D,1.64,3.99,6.14,1.67,4,6.15,1.62,3.72,5.47,,,,,,
Sweden,Allsvenskan,2014,16/04/2014,18:00,Orebro,Malmo FF,1,2,A,5.46,3.75,1.74,5.46,3.8,1.77,4.8,3.55,1.72,,,,,,
Sweden,Allsvenskan,2014,16/04/2014,18:05,Djurgarden,AIK,2,3,A,2.47,3.42,3.06,2.5,3.44,3.15,2.38,3.27,2.92,,,,,,
Sweden,Allsvenskan,2014,17/04/2014,18:00,Falkenbergs,Kalmar,1,3,A,3.33,3.4,2.32,3.5,3.4,2.4,3.09,3.2,2.3,,,,,,
Sweden,Allsvenskan,2014,17/04/2014,18:00,Gefle,Brommapojkarna,3,0,H,2.04,3.44,4.07,2.05,3.5,4.25,1.96,3.35,3.85,,,,,,
Sweden,Allsvenskan,2014,17/04/2014,18:00,Goteborg,Atvidabergs,5,0,H,1.61,4.2,5.98,1.67,4.2,6.2,1.62,3.74,5.37,,,,,,
Sweden,Allsvenskan,2014,17/04/2014,18:05,Elfsborg,Helsingborg,1,0,H,1.88,3.76,4.42,1.92,3.9,4.7,1.86,3.48,4.08,,,,,,
Sweden,Allsvenskan,2014,20/04/2014,14:00,Halmstad,Helsingborg,2,1,H,3.6,3.48,2.18,4.3,3.5,2.31,3.32,3.32,2.15,,,,,,
Sweden,Allsvenskan,2014,20/04/2014,14:00,Kalmar,Goteborg,1,1,D,3.24,3.4,2.37,3.5,3.4,2.7,3.07,3.23,2.31,,,,,,
Sweden,Allsvenskan,2014,20/04/2014,16:30,AIK,Norrkoping,1,2,A,1.64,3.95,6.16,1.66,4,6.6,1.61,3.71,5.69,,,,,,
Sweden,Allsvenskan,2014,20/04/2014,16:30,Mjallby,Hacken,1,4,A,3.98,3.54,2.04,4.05,3.6,2.25,3.73,3.41,1.97,,,,,,
Sweden,Allsvenskan,2014,21/04/2014,14:00,Atvidabergs,Gefle,2,2,D,1.96,3.5,4.34,2,3.57,4.8,1.91,3.34,4.09,,,,,,
Sweden,Allsvenskan,2014,21/04/2014,14:00,Falkenbergs,Elfsborg,2,3,A,6.05,4.1,1.63,6.05,4.1,1.8,5.09,3.7,1.66,,,,,,
Sweden,Allsvenskan,2014,21/04/2014,16:30,Brommapojkarna,Orebro,2,2,D,2.75,3.29,2.79,2.78,3.33,2.8,2.62,3.16,2.7,,,,,,
Sweden,Allsvenskan,2014,21/04/2014,16:30,Malmo FF,Djurgarden,2,2,D,1.48,4.55,7.75,1.53,4.55,7.75,1.5,3.98,6.65,,,,,,
Sweden,Allsvenskan,2014,25/04/2014,18:00,Goteborg,Falkenbergs,1,0,H,1.31,5.61,12.1,1.33,5.8,12.67,1.28,5.26,10.39,,,,,,
Sweden,Allsvenskan,2014,25/04/2014,18:00,Orebro,Atvidabergs,3,2,H,2.17,3.44,3.68,2.2,3.45,3.75,2.13,3.25,3.44,,,,,,
Sweden,Allsvenskan,2014,27/04/2014,14:00,Djurgarden,Brommapojkarna,3,2,H,1.51,4.56,6.99,1.55,4.7,7.3,1.51,4.07,6.33,,,,,,
Sweden,Allsvenskan,2014,27/04/2014,14:00,Helsingborg,Mjallby,3,1,H,1.49,4.72,6.98,1.53,4.9,8.2,1.47,4.26,6.59,,,,,,
Sweden,Allsvenskan,2014,27/04/2014,16:30,Hacken,AIK,2,2,D,2.25,3.68,3.23,2.38,3.68,3.35,2.24,3.29,3.14,,,,,,
Sweden,Allsvenskan,2014,28/04/2014,18:00,Elfsborg,Halmstad,4,1,H,1.38,5.06,9.49,1.38,5.3,12,1.33,4.9,9.18,,,,,,
Sweden,Allsvenskan,2014,28/04/2014,18:00,Gefle,Kalmar,0,2,A,3.1,3.25,2.53,3.2,3.25,2.75,2.79,3.13,2.56,,,,,,
Sweden,Allsvenskan,2014,28/04/2014,18:05,Norrkoping,Malmo FF,1,2,A,4.23,3.54,1.97,4.3,3.6,2.03,4.02,3.41,1.9,,,,,,
Sweden,Allsvenskan,2014,03/05/2014,15:00,Brommapojkarna,Norrkoping,3,0,H,3.13,3.45,2.38,3.2,3.45,2.42,3,3.26,2.33,,,,,,
Sweden,Allsvenskan,2014,03/05/2014,15:00,Mjallby,Halmstad,2,1,H,2.2,3.61,3.41,2.3,3.61,3.45,2.2,3.28,3.24,,,,,,
Sweden,Allsvenskan,2014,04/05/2014,14:00,Atvidabergs,Djurgarden,1,1,D,3.23,3.44,2.36,3.23,3.55,2.4,3.02,3.29,2.31,,,,,,
Sweden,Allsvenskan,2014,04/05/2014,14:00,Malmo FF,Hacken,1,2,A,1.81,3.83,4.73,1.81,3.9,5.4,1.74,3.59,4.64,,,,,,
Sweden,Allsvenskan,2014,04/05/2014,16:30,Goteborg,Elfsborg,0,0,D,2.5,3.46,2.95,2.55,3.5,3.8,2.39,3.28,2.91,,,,,,
Sweden,Allsvenskan,2014,04/05/2014,16:30,Kalmar,Orebro,2,0,H,1.93,3.7,4.28,2.01,3.7,4.5,1.88,3.44,4.08,,,,,,
Sweden,Allsvenskan,2014,05/05/2014,18:00,Falkenbergs,Gefle,1,1,D,2.36,3.45,3.23,2.5,3.45,3.25,2.37,3.24,2.95,,,,,,
Sweden,Allsvenskan,2014,05/05/2014,18:05,AIK,Helsingborg,2,1,H,1.91,3.79,4.23,1.95,3.8,4.45,1.89,3.48,3.94,,,,,,
Sweden,Allsvenskan,2014,07/05/2014,18:00,Djurgarden,Kalmar,0,0,D,1.8,3.88,4.69,1.9,3.9,4.75,1.79,3.6,4.35,,,,,,
Sweden,Allsvenskan,2014,07/05/2014,18:00,Elfsborg,Mjallby,3,1,H,1.26,6.38,13.16,1.31,6.38,13.16,1.27,5.43,10.75,,,,,,
Sweden,Allsvenskan,2014,07/05/2014,18:00,Hacken,Brommapojkarna,3,1,H,1.57,4.58,5.83,1.57,4.8,8.5,1.49,4.3,6.15,,,,,,
Sweden,Allsvenskan,2014,07/05/2014,18:05,Norrkoping,Atvidabergs,2,1,H,1.89,3.94,4.12,1.92,3.94,4.25,1.85,3.61,4.01,,,,,,
Sweden,Allsvenskan,2014,08/05/2014,18:00,Gefle,Goteborg,1,1,D,3.64,3.51,2.12,3.95,3.51,2.15,3.6,3.28,2.05,,,,,,
Sweden,Allsvenskan,2014,08/05/2014,18:00,Halmstad,AIK,2,2,D,4.05,3.71,1.97,4.13,3.71,2,3.82,3.42,1.94,,,,,,
Sweden,Allsvenskan,2014,08/05/2014,18:00,Orebro,Falkenbergs,0,0,D,1.62,4.01,6.32,1.65,4.1,6.5,1.59,3.74,5.76,,,,,,
Sweden,Allsvenskan,2014,08/05/2014,19:00,Helsingborg,Malmo FF,0,1,A,3.46,3.6,2.18,3.95,3.6,2.2,3.48,3.37,2.06,,,,,,
Sweden,Allsvenskan,2014,10/05/2014,15:00,Kalmar,Norrkoping,2,0,H,2.12,3.58,3.61,2.15,3.58,3.9,2.05,3.34,3.54,,,,,,
Sweden,Allsvenskan,2014,11/05/2014,14:00,AIK,Mjallby,2,1,H,1.37,5.36,9.01,1.4,5.36,10,1.36,4.77,8.18,,,,,,
Sweden,Allsvenskan,2014,11/05/2014,16:30,Gefle,Elfsborg,0,1,A,4.75,3.65,1.85,4.8,3.75,1.87,4.19,3.51,1.83,,,,,,
Sweden,Allsvenskan,2014,11/05/2014,16:30,Goteborg,Orebro,2,1,H,1.44,4.8,8.19,1.5,5.3,8.2,1.43,4.42,7.02,,,,,,
Sweden,Allsvenskan,2014,12/05/2014,18:00,Atvidabergs,Hacken,1,0,H,3.04,3.75,2.33,3.2,3.75,2.48,2.99,3.42,2.27,,,,,,
Sweden,Allsvenskan,2014,12/05/2014,18:00,Brommapojkarna,Helsingborg,0,1,A,3.26,3.64,2.25,3.5,3.64,2.38,3.15,3.39,2.19,,,,,,
Sweden,Allsvenskan,2014,12/05/2014,18:00,Malmo FF,Halmstad,3,1,H,1.3,5.88,11.54,1.3,6,12.56,1.26,5.65,10.61,,,,,,
Sweden,Allsvenskan,2014,12/05/2014,18:05,Falkenbergs,Djurgarden,1,0,H,3.89,3.55,2.05,3.95,3.6,2.05,3.71,3.41,1.98,,,,,,
Sweden,Allsvenskan,2014,15/05/2014,18:00,Brommapojkarna,Mjallby,0,1,A,2.12,3.67,3.55,2.14,3.67,3.9,2.02,3.39,3.57,,,,,,
Sweden,Allsvenskan,2014,15/05/2014,18:00,Norrkoping,Falkenbergs,0,3,A,1.72,3.92,5.27,1.74,4,6,1.66,3.64,5.26,,,,,,
Sweden,Allsvenskan,2014,15/05/2014,18:05,AIK,Elfsborg,2,1,H,2.25,3.52,3.38,2.34,3.52,3.5,2.19,3.3,3.24,,,,,,
Sweden,Allsvenskan,2014,19/05/2014,18:00,Halmstad,Brommapojkarna,3,0,H,1.86,3.73,4.63,1.98,3.73,4.8,1.86,3.45,4.17,,,,,,
Sweden,Allsvenskan,2014,19/05/2014,18:00,Orebro,Gefle,2,2,D,2.43,3.48,3.07,2.47,3.51,3.8,2.21,3.28,3.25,,,,,,
Sweden,Allsvenskan,2014,20/05/2014,18:00,Hacken,Kalmar,4,1,H,1.83,3.92,4.51,1.94,4.15,4.61,1.82,3.6,4.21,,,,,,
Sweden,Allsvenskan,2014,21/05/2014,18:00,Helsingborg,Atvidabergs,0,0,D,1.88,3.9,4.26,1.91,3.9,4.8,1.85,3.54,4.09,,,,,,
Sweden,Allsvenskan,2014,21/05/2014,18:05,Djurgarden,Goteborg,0,0,D,2.52,3.2,3.15,2.54,3.4,3.35,2.37,3.16,3.05,,,,,,
Sweden,Allsvenskan,2014,22/05/2014,18:00,Mjallby,Malmo FF,0,1,A,5.39,4,1.69,6.04,4.06,1.72,5.27,3.82,1.63,,,,,,
Sweden,Allsvenskan,2014,24/05/2014,15:00,Atvidabergs,Halmstad,1,0,H,2.02,3.6,3.95,2.02,3.6,4.15,1.92,3.44,3.89,,,,,,
Sweden,Allsvenskan,2014,24/05/2014,15:00,Elfsborg,Orebro,1,0,H,1.37,5.07,10.3,1.4,5.3,10.3,1.36,4.75,8.35,,,,,,
Sweden,Allsvenskan,2014,24/05/2014,15:00,Falkenbergs,Hacken,1,1,D,3.22,3.47,2.34,3.4,3.47,2.56,3.14,3.25,2.27,,,,,,
Sweden,Allsvenskan,2014,25/05/2014,14:00,Kalmar,Helsingborg,2,0,H,2.56,3.28,3.03,2.56,3.35,3.5,2.31,3.2,3.13,,,,,,
Sweden,Allsvenskan,2014,25/05/2014,16:30,Goteborg,Norrkoping,2,2,D,1.44,4.8,8.11,1.5,4.8,9,1.44,4.22,7.4,,,,,,
Sweden,Allsvenskan,2014,26/05/2014,18:00,Gefle,Djurgarden,1,1,D,3.06,3.44,2.45,3.35,3.44,2.5,2.94,3.24,2.4,,,,,,
Sweden,Allsvenskan,2014,26/05/2014,18:05,Malmo FF,AIK,2,2,D,1.71,4.05,5.14,1.8,4.05,5.3,1.72,3.66,4.69,,,,,,
Sweden,Allsvenskan,2014,30/05/2014,18:00,Orebro,Djurgarden,0,1,A,3.51,3.41,2.24,3.51,3.41,2.3,3.25,3.26,2.2,,,,,,
Sweden,Allsvenskan,2014,31/05/2014,15:00,Halmstad,Kalmar,1,1,D,2.38,3.45,3.17,2.5,3.85,3.42,2.31,3.28,3.04,,,,,,
Sweden,Allsvenskan,2014,31/05/2014,15:00,Mjallby,Atvidabergs,1,0,H,2.58,3.36,2.94,2.7,3.36,2.96,2.52,3.18,2.8,,,,,,
Sweden,Allsvenskan,2014,01/06/2014,14:00,Helsingborg,Falkenbergs,1,0,H,1.57,4.25,6.48,1.69,4.3,6.48,1.59,3.87,5.54,,,,,,
Sweden,Allsvenskan,2014,01/06/2014,16:30,Elfsborg,Malmo FF,0,1,A,2.14,3.39,3.8,2.3,3.6,3.86,2.11,3.31,3.4,,,,,,
Sweden,Allsvenskan,2014,02/06/2014,18:00,AIK,Brommapojkarna,4,2,H,1.43,5.04,7.73,1.44,5.04,8.95,1.39,4.68,7.56,,,,,,
Sweden,Allsvenskan,2014,02/06/2014,18:00,Norrkoping,Gefle,1,0,H,1.88,3.71,4.5,1.94,3.71,4.5,1.83,3.54,4.23,,,,,,
Sweden,Allsvenskan,2014,02/06/2014,18:05,Hacken,Goteborg,1,1,D,2.85,3.37,2.64,2.85,3.46,2.8,2.65,3.25,2.61,,,,,,
Sweden,Allsvenskan,2014,05/07/2014,15:00,Falkenbergs,Halmstad,1,1,D,2.53,3.42,2.97,2.55,3.45,3.2,2.42,3.23,2.91,,,,,,
Sweden,Allsvenskan,2014,05/07/2014,15:00,Gefle,Hacken,1,0,H,3.84,3.62,2.04,4.15,3.62,2.1,3.62,3.37,2.03,,,,,,
Sweden,Allsvenskan,2014,05/07/2014,15:00,Kalmar,Mjallby,2,1,H,1.74,3.67,5.46,1.75,3.8,6,1.67,3.6,5.26,,,,,,
Sweden,Allsvenskan,2014,06/07/2014,14:00,Orebro,Norrkoping,2,2,D,2.77,3.46,2.66,2.82,3.5,2.9,2.58,3.25,2.67,,,,,,
Sweden,Allsvenskan,2014,06/07/2014,16:30,Brommapojkarna,Malmo FF,1,1,D,5.34,4.2,1.67,5.9,4.5,1.67,5.23,3.87,1.61,,,,,,
Sweden,Allsvenskan,2014,06/07/2014,16:30,Goteborg,Helsingborg,6,2,H,1.71,4.03,5.15,1.75,4.03,5.7,1.69,3.64,4.95,,,,,,
Sweden,Allsvenskan,2014,07/07/2014,18:00,Atvidabergs,AIK,0,3,A,3.02,3.48,2.46,3.1,3.55,2.66,2.91,3.3,2.38,,,,,,
Sweden,Allsvenskan,2014,07/07/2014,18:05,Djurgarden,Elfsborg,1,1,D,3.28,3.49,2.28,3.6,3.49,2.5,3.02,3.21,2.36,,,,,,
Sweden,Allsvenskan,2014,12/07/2014,15:00,AIK,Kalmar,3,0,H,1.79,3.96,4.64,1.8,3.96,5,1.74,3.63,4.61,,,,,,
Sweden,Allsvenskan,2014,12/07/2014,15:00,Mjallby,Falkenbergs,1,1,D,2.11,3.38,3.94,2.15,3.45,4,2.06,3.24,3.64,,,,,,
Sweden,Allsvenskan,2014,12/07/2014,16:30,Malmo FF,Atvidabergs,3,0,H,1.35,5.34,10.16,1.4,5.34,10.25,1.36,4.64,8.96,,,,,,
Sweden,Allsvenskan,2014,13/07/2014,14:00,Helsingborg,Gefle,1,1,D,1.52,4.55,6.79,1.6,4.55,6.79,1.53,4.06,6.04,,,,,,
Sweden,Allsvenskan,2014,13/07/2014,16:30,Elfsborg,Brommapojkarna,2,2,D,1.23,6.77,16.39,1.25,7.5,16.39,1.21,6.15,13.14,,,,,,
Sweden,Allsvenskan,2014,13/07/2014,16:30,Halmstad,Goteborg,2,2,D,3.81,3.81,2,4.15,3.81,2.08,3.68,3.46,1.98,,,,,,
Sweden,Allsvenskan,2014,13/07/2014,17:00,Hacken,Orebro,4,1,H,1.61,4.2,5.98,1.67,4.5,6,1.59,3.87,5.56,,,,,,
Sweden,Allsvenskan,2014,14/07/2014,18:05,Norrkoping,Djurgarden,3,5,A,2.77,3.5,2.64,2.77,3.5,2.86,2.6,3.21,2.68,,,,,,
Sweden,Allsvenskan,2014,19/07/2014,15:00,Gefle,Halmstad,2,0,H,2.32,3.45,3.29,2.38,3.45,3.3,2.27,3.25,3.13,,,,,,
Sweden,Allsvenskan,2014,19/07/2014,15:00,Kalmar,Malmo FF,1,1,D,2.8,3.34,2.72,3.1,3.4,2.8,2.81,3.18,2.53,,,,,,
Sweden,Allsvenskan,2014,20/07/2014,14:00,Falkenbergs,AIK,4,1,H,3.39,3.42,2.29,3.6,3.5,2.3,3.33,3.31,2.15,,,,,,
Sweden,Allsvenskan,2014,20/07/2014,14:00,Goteborg,Mjallby,3,1,H,1.3,5.73,12.34,1.35,5.8,12.34,1.3,5.09,10.1,,,,,,
Sweden,Allsvenskan,2014,20/07/2014,16:30,Atvidabergs,Brommapojkarna,3,2,H,2.08,3.66,3.7,2.12,3.66,4.5,1.97,3.41,3.73,,,,,,
Sweden,Allsvenskan,2014,20/07/2014,16:30,Norrkoping,Elfsborg,4,2,H,3.26,3.74,2.23,3.5,3.74,2.32,3.15,3.4,2.18,,,,,,
Sweden,Allsvenskan,2014,20/07/2014,16:30,Orebro,Helsingborg,1,1,D,2.91,3.48,2.54,3,3.48,2.66,2.76,3.23,2.51,,,,,,
Sweden,Allsvenskan,2014,21/07/2014,18:05,Djurgarden,Hacken,1,2,A,2.44,3.64,2.93,2.45,3.64,3.1,2.38,3.35,2.87,,,,,,
Sweden,Allsvenskan,2014,26/07/2014,15:00,Malmo FF,Kalmar,3,1,H,1.5,4.33,7.56,1.6,4.35,7.76,1.53,3.96,6.3,,,,,,
Sweden,Allsvenskan,2014,26/07/2014,17:00,Halmstad,Gefle,3,2,H,1.95,3.58,4.28,2.17,3.58,4.35,1.98,3.38,3.77,,,,,,
Sweden,Allsvenskan,2014,27/07/2014,14:00,Brommapojkarna,Atvidabergs,2,2,D,2.52,3.41,2.99,2.52,3.51,3,2.43,3.27,2.84,,,,,,
Sweden,Allsvenskan,2014,27/07/2014,14:00,Mjallby,Goteborg,3,0,H,5.48,4.06,1.68,5.5,4.06,1.72,4.97,3.76,1.66,,,,,,
Sweden,Allsvenskan,2014,27/07/2014,16:30,Elfsborg,Norrkoping,3,0,H,1.5,4.83,6.55,1.55,4.83,6.55,1.49,4.32,6.06,,,,,,
Sweden,Allsvenskan,2014,27/07/2014,16:30,Helsingborg,Orebro,1,1,D,1.61,4.35,5.77,1.7,4.35,5.77,1.6,3.95,5.24,,,,,,
Sweden,Allsvenskan,2014,28/07/2014,18:00,AIK,Falkenbergs,3,0,H,1.51,4.77,6.5,1.51,5,7.8,1.45,4.47,6.47,,,,,,
Sweden,Allsvenskan,2014,28/07/2014,18:05,Hacken,Djurgarden,2,1,H,1.65,4.31,5.41,1.73,4.33,5.5,1.65,3.93,4.8,,,,,,
Sweden,Allsvenskan,2014,02/08/2014,15:00,Falkenbergs,Malmo FF,2,5,A,4.28,3.7,1.92,4.6,3.75,1.92,4.21,3.45,1.85,,,,,,
Sweden,Allsvenskan,2014,02/08/2014,15:00,Norrkoping,Hacken,0,0,D,2.77,3.69,2.54,2.9,3.72,2.72,2.66,3.41,2.51,,,,,,
Sweden,Allsvenskan,2014,02/08/2014,15:00,Orebro,Halmstad,1,2,A,1.99,3.74,3.89,2.05,3.74,3.91,1.96,3.44,3.74,,,,,,
Sweden,Allsvenskan,2014,03/08/2014,14:00,Kalmar,Brommapojkarna,1,1,D,1.5,4.71,6.86,1.5,4.71,7.5,1.46,4.26,6.72,,,,,,
Sweden,Allsvenskan,2014,03/08/2014,16:30,Elfsborg,Atvidabergs,1,0,H,1.34,5.56,10.06,1.37,5.56,10.06,1.34,4.96,8.56,,,,,,
Sweden,Allsvenskan,2014,04/08/2014,18:00,Djurgarden,Helsingborg,2,2,D,1.97,3.73,3.99,2.05,3.73,4.1,1.96,3.43,3.75,,,,,,
Sweden,Allsvenskan,2014,04/08/2014,18:00,Gefle,Mjallby,1,0,H,2,3.61,4.03,2.04,3.61,4.4,1.96,3.36,3.84,,,,,,
Sweden,Allsvenskan,2014,04/08/2014,18:05,Goteborg,AIK,0,2,A,2.01,3.76,3.86,2.06,3.8,4,1.94,3.49,3.76,,,,,,
Sweden,Allsvenskan,2014,09/08/2014,15:00,Atvidabergs,Kalmar,3,1,H,2.84,3.49,2.59,2.9,3.49,2.75,2.71,3.21,2.58,,,,,,
Sweden,Allsvenskan,2014,09/08/2014,15:00,Mjallby,Orebro,0,1,A,2.46,3.43,3.06,2.51,3.43,3.25,2.35,3.24,3.01,,,,,,
Sweden,Allsvenskan,2014,10/08/2014,14:00,Halmstad,Djurgarden,2,1,H,2.88,3.57,2.52,3.1,3.57,2.54,2.82,3.29,2.44,,,,,,
Sweden,Allsvenskan,2014,10/08/2014,14:00,Helsingborg,Norrkoping,0,0,D,1.9,3.77,4.26,1.9,3.79,4.45,1.85,3.51,4.11,,,,,,
Sweden,Allsvenskan,2014,10/08/2014,16:30,AIK,Gefle,3,1,H,1.39,4.92,9.61,1.45,4.92,9.61,1.4,4.55,7.7,,,,,,
Sweden,Allsvenskan,2014,10/08/2014,16:30,Brommapojkarna,Falkenbergs,2,3,A,2.36,3.54,3.13,2.5,3.54,3.35,2.29,3.28,3.08,,,,,,
Sweden,Allsvenskan,2014,10/08/2014,16:30,Malmo FF,Goteborg,2,2,D,2.01,3.59,4.01,2.01,3.65,4.5,1.88,3.44,4.1,,,,,,
Sweden,Allsvenskan,2014,11/08/2014,18:05,Hacken,Elfsborg,0,2,A,2.53,3.52,2.89,2.8,3.53,3,2.47,3.27,2.81,,,,,,
Sweden,Allsvenskan,2014,13/08/2014,18:00,Atvidabergs,Goteborg,1,1,D,3.64,3.47,2.16,4,3.61,2.16,3.44,3.36,2.08,,,,,,
Sweden,Allsvenskan,2014,13/08/2014,18:00,Brommapojkarna,Gefle,1,2,A,2.35,3.46,3.21,2.52,3.46,3.25,2.34,3.27,2.98,,,,,,
Sweden,Allsvenskan,2014,13/08/2014,18:00,Malmo FF,Orebro,3,2,H,1.42,5.23,7.84,1.42,5.6,8.5,1.37,4.89,7.54,,,,,,
Sweden,Allsvenskan,2014,13/08/2014,18:05,AIK,Djurgarden,1,1,D,1.86,3.78,4.48,1.9,3.8,4.75,1.79,3.56,4.38,,,,,,
Sweden,Allsvenskan,2014,14/08/2014,18:00,Halmstad,Hacken,1,4,A,3.19,3.63,2.29,3.19,3.63,2.4,2.98,3.38,2.29,,,,,,
Sweden,Allsvenskan,2014,14/08/2014,18:00,Kalmar,Falkenbergs,3,1,H,1.67,3.9,5.89,1.7,4,5.89,1.64,3.73,5.26,,,,,,
Sweden,Allsvenskan,2014,14/08/2014,18:00,Mjallby,Norrkoping,3,1,H,3.05,3.49,2.44,3.3,3.5,2.6,2.93,3.3,2.35,,,,,,
Sweden,Allsvenskan,2014,14/08/2014,18:05,Helsingborg,Elfsborg,4,1,H,3.07,3.51,2.41,3.2,3.51,2.41,3,3.3,2.32,,,,,,
Sweden,Allsvenskan,2014,16/08/2014,15:00,Gefle,Malmo FF,0,0,D,3.96,3.55,2.04,4.2,3.6,2.2,3.7,3.32,2.02,,,,,,
Sweden,Allsvenskan,2014,17/08/2014,14:00,Falkenbergs,Atvidabergs,3,0,H,2.23,3.78,3.22,2.25,3.78,3.45,2.17,3.38,3.2,,,,,,
Sweden,Allsvenskan,2014,17/08/2014,14:00,Orebro,AIK,4,2,H,3.48,3.75,2.12,3.6,3.75,2.2,3.35,3.38,2.1,,,,,,
Sweden,Allsvenskan,2014,17/08/2014,16:30,Elfsborg,Kalmar,2,0,H,1.54,4.56,6.4,1.6,4.6,6.56,1.53,4.07,5.94,,,,,,
Sweden,Allsvenskan,2014,17/08/2014,16:30,Goteborg,Brommapojkarna,3,0,H,1.27,6.31,12.5,1.33,6.31,15,1.25,5.62,11.07,,,,,,
Sweden,Allsvenskan,2014,18/08/2014,18:00,Djurgarden,Mjallby,4,0,H,1.4,5.36,7.9,1.5,5.43,8.5,1.4,4.63,7.35,,,,,,
Sweden,Allsvenskan,2014,18/08/2014,18:00,Norrkoping,Halmstad,1,2,A,1.84,3.85,4.52,1.95,3.85,4.52,1.85,3.53,4.09,,,,,,
Sweden,Allsvenskan,2014,18/08/2014,19:00,Hacken,Helsingborg,1,1,D,2.08,3.8,3.54,2.11,3.83,4,1.96,3.53,3.63,,,,,,
Sweden,Allsvenskan,2014,22/08/2014,18:00,Mjallby,Helsingborg,1,2,A,3.32,3.72,2.19,3.7,3.72,2.27,3.23,3.4,2.15,,,,,,
Sweden,Allsvenskan,2014,23/08/2014,15:00,Malmo FF,Norrkoping,3,0,H,1.43,5.06,7.66,1.6,5.1,7.66,1.46,4.28,6.64,,,,,,
Sweden,Allsvenskan,2014,24/08/2014,14:00,Falkenbergs,Goteborg,1,2,A,4.38,3.63,1.92,4.38,3.63,2,3.83,3.4,1.94,,,,,,
Sweden,Allsvenskan,2014,24/08/2014,16:30,AIK,Hacken,1,0,H,1.88,3.98,4.21,1.88,3.98,4.6,1.84,3.59,4.04,,,,,,
Sweden,Allsvenskan,2014,24/08/2014,16:30,Halmstad,Elfsborg,1,1,D,3.88,3.75,2,3.91,3.75,2.19,3.6,3.43,1.99,,,,,,
Sweden,Allsvenskan,2014,25/08/2014,18:00,Atvidabergs,Orebro,1,2,A,2.55,3.48,2.89,2.6,3.5,3.22,2.4,3.3,2.86,,,,,,
Sweden,Allsvenskan,2014,25/08/2014,18:00,Kalmar,Gefle,2,1,H,1.76,3.76,5.23,1.85,3.8,5.23,1.76,3.49,4.65,,,,,,
Sweden,Allsvenskan,2014,25/08/2014,18:05,Brommapojkarna,Djurgarden,0,4,A,10.7,5.42,1.33,11,5.7,1.4,8.94,4.97,1.33,,,,,,
Sweden,Allsvenskan,2014,29/08/2014,18:00,Helsingborg,Halmstad,1,4,A,1.78,4.09,4.61,1.8,4.15,5.25,1.68,3.8,4.72,,,,,,
Sweden,Allsvenskan,2014,29/08/2014,18:00,Orebro,Brommapojkarna,3,1,H,1.44,5.06,7.56,1.44,5.3,8.9,1.38,4.64,7.55,,,,,,
Sweden,Allsvenskan,2014,30/08/2014,15:00,Gefle,Atvidabergs,0,1,A,2.51,3.42,2.99,2.51,3.42,3.52,2.26,3.25,3.14,,,,,,
Sweden,Allsvenskan,2014,30/08/2014,15:00,Hacken,Mjallby,1,1,D,1.34,5.65,10.08,1.37,5.66,10.26,1.33,5.09,8.46,,,,,,
Sweden,Allsvenskan,2014,31/08/2014,14:00,Goteborg,Kalmar,2,0,H,1.59,4.34,6.08,1.68,4.34,6.5,1.57,3.84,5.77,,,,,,
Sweden,Allsvenskan,2014,31/08/2014,14:00,Norrkoping,AIK,2,4,A,2.77,3.6,2.59,3,3.6,2.65,2.77,3.35,2.45,,,,,,
Sweden,Allsvenskan,2014,31/08/2014,16:30,Djurgarden,Malmo FF,2,0,H,2.65,3.53,2.74,2.94,3.53,2.74,2.65,3.28,2.58,,,,,,
Sweden,Allsvenskan,2014,31/08/2014,16:30,Elfsborg,Falkenbergs,1,0,H,1.32,5.65,11.22,1.39,6,11.22,1.31,5.16,8.97,,,,,,
Sweden,Allsvenskan,2014,13/09/2014,12:00,Hacken,Malmo FF,3,3,D,2.6,3.56,2.78,2.68,3.56,2.9,2.52,3.3,2.71,,,,,,
Sweden,Allsvenskan,2014,14/09/2014,14:00,Gefle,Falkenbergs,3,1,H,2.44,3.42,3.11,2.52,3.42,3.3,2.33,3.21,3.03,,,,,,
Sweden,Allsvenskan,2014,14/09/2014,14:00,Halmstad,Mjallby,1,2,A,1.68,4.12,5.35,1.75,4.12,5.35,1.69,3.74,4.81,,,,,,
Sweden,Allsvenskan,2014,14/09/2014,16:30,Djurgarden,Atvidabergs,0,1,A,1.55,4.46,6.41,1.55,4.55,7.8,1.47,4.25,6.63,,,,,,
Sweden,Allsvenskan,2014,14/09/2014,16:30,Elfsborg,Goteborg,0,0,D,2.1,3.58,3.67,2.2,3.58,3.85,2.06,3.33,3.55,,,,,,
Sweden,Allsvenskan,2014,15/09/2014,18:00,Norrkoping,Brommapojkarna,3,1,H,1.34,5.65,9.56,1.4,5.65,9.56,1.36,4.9,7.92,,,,,,
Sweden,Allsvenskan,2014,15/09/2014,18:00,Orebro,Kalmar,2,0,H,2.12,3.75,3.49,2.15,3.77,3.9,2.04,3.42,3.5,,,,,,
Sweden,Allsvenskan,2014,15/09/2014,18:05,Helsingborg,AIK,3,1,H,2.84,3.51,2.58,2.98,3.6,2.6,2.71,3.34,2.51,,,,,,
Sweden,Allsvenskan,2014,19/09/2014,18:00,Goteborg,Gefle,4,0,H,1.3,5.89,11.34,1.35,6.5,13.72,1.26,5.57,10.43,,,,,,
Sweden,Allsvenskan,2014,20/09/2014,15:00,Brommapojkarna,Hacken,1,5,A,6.47,5.06,1.49,8,5.06,1.51,6.71,4.53,1.43,,,,,,
Sweden,Allsvenskan,2014,20/09/2014,15:00,Falkenbergs,Orebro,1,3,A,2.52,3.54,2.89,2.58,3.54,2.94,2.44,3.32,2.79,,,,,,
Sweden,Allsvenskan,2014,21/09/2014,14:00,AIK,Halmstad,0,1,A,1.49,4.91,6.68,1.53,5.4,7.6,1.46,4.53,6.18,,,,,,
Sweden,Allsvenskan,2014,21/09/2014,14:00,Kalmar,Djurgarden,0,4,A,2.71,3.53,2.69,2.9,3.53,2.9,2.63,3.26,2.61,,,,,,
Sweden,Allsvenskan,2014,21/09/2014,14:00,Mjallby,Elfsborg,1,0,H,4.53,3.89,1.83,4.81,3.89,1.85,4.46,3.61,1.76,,,,,,
Sweden,Allsvenskan,2014,21/09/2014,16:30,Malmo FF,Helsingborg,1,1,D,1.59,4.31,6.12,1.62,4.5,6.6,1.56,3.93,5.81,,,,,,
Sweden,Allsvenskan,2014,22/09/2014,18:05,Atvidabergs,Norrkoping,2,2,D,2.77,3.6,2.58,2.8,3.6,2.85,2.56,3.31,2.65,,,,,,
Sweden,Allsvenskan,2014,24/09/2014,18:00,Djurgarden,Falkenbergs,1,0,H,1.45,4.96,7.49,1.5,5.5,8.95,1.4,4.62,7.41,,,,,,
Sweden,Allsvenskan,2014,24/09/2014,18:00,Elfsborg,Gefle,1,0,H,1.34,5.24,11.45,1.4,5.5,11.52,1.31,5.08,9.56,,,,,,
Sweden,Allsvenskan,2014,24/09/2014,18:00,Halmstad,Malmo FF,0,1,A,3.87,3.71,2.01,4.4,3.71,2.06,3.74,3.46,1.95,,,,,,
Sweden,Allsvenskan,2014,24/09/2014,18:00,Helsingborg,Brommapojkarna,3,1,H,1.23,7.26,13,1.28,7.26,15,1.2,6.72,12,,,,,,
Sweden,Allsvenskan,2014,24/09/2014,18:00,Mjallby,AIK,1,0,H,3.89,3.79,1.98,4.25,3.79,2.02,3.81,3.5,1.92,,,,,,
Sweden,Allsvenskan,2014,24/09/2014,18:00,Orebro,Goteborg,3,4,A,3.6,3.46,2.18,3.65,3.51,2.3,3.37,3.28,2.14,,,,,,
Sweden,Allsvenskan,2014,25/09/2014,18:00,Hacken,Atvidabergs,0,2,A,1.43,5.18,7.43,1.45,5.3,8.9,1.39,4.68,7.44,,,,,,
Sweden,Allsvenskan,2014,25/09/2014,18:00,Norrkoping,Kalmar,0,0,D,1.86,3.84,4.38,1.9,4.2,4.85,1.79,3.66,4.24,,,,,,
Sweden,Allsvenskan,2014,27/09/2014,12:00,Malmo FF,Mjallby,4,1,H,1.38,5.09,9.4,1.45,5.2,9.4,1.38,4.75,7.62,,,,,,
Sweden,Allsvenskan,2014,28/09/2014,14:00,Kalmar,Hacken,2,3,A,3.24,3.66,2.25,3.4,3.66,2.38,3.12,3.36,2.22,,,,,,
Sweden,Allsvenskan,2014,28/09/2014,16:30,Elfsborg,AIK,1,1,D,1.95,3.69,4.07,2.04,3.75,4.3,1.93,3.48,3.79,,,,,,
Sweden,Allsvenskan,2014,28/09/2014,16:30,Falkenbergs,Norrkoping,4,2,H,2.84,3.54,2.52,3.05,3.54,2.62,2.74,3.28,2.51,,,,,,
Sweden,Allsvenskan,2014,29/09/2014,18:00,Atvidabergs,Helsingborg,1,2,A,2.74,3.43,2.71,2.85,3.5,2.78,2.67,3.29,2.57,,,,,,
Sweden,Allsvenskan,2014,29/09/2014,18:00,Brommapojkarna,Halmstad,0,3,A,4.25,3.98,1.85,4.6,4,1.92,4.11,3.73,1.79,,,,,,
Sweden,Allsvenskan,2014,29/09/2014,18:00,Gefle,Orebro,1,2,A,2.66,3.36,2.85,2.72,3.4,2.98,2.53,3.23,2.74,,,,,,
Sweden,Allsvenskan,2014,29/09/2014,18:05,Goteborg,Djurgarden,2,1,H,1.76,3.95,4.95,1.8,3.95,5.2,1.73,3.65,4.58,,,,,,
Sweden,Allsvenskan,2014,03/10/2014,18:00,Helsingborg,Kalmar,4,1,H,1.83,3.88,4.55,1.83,4.1,5.4,1.68,3.77,4.84,,,,,,
Sweden,Allsvenskan,2014,04/10/2014,15:00,Djurgarden,Gefle,1,2,A,1.41,5.12,8.26,1.45,5.12,9,1.41,4.51,7.23,,,,,,
Sweden,Allsvenskan,2014,04/10/2014,15:00,Mjallby,Brommapojkarna,0,1,A,1.44,5.07,7.49,1.46,5.6,10,1.37,4.87,7.89,,,,,,
Sweden,Allsvenskan,2014,05/10/2014,14:00,Halmstad,Atvidabergs,1,3,A,1.89,3.55,4.65,1.95,3.6,4.65,1.89,3.42,4.02,,,,,,
Sweden,Allsvenskan,2014,05/10/2014,14:00,Norrkoping,Goteborg,3,0,H,3.49,3.78,2.1,3.8,3.78,2.17,3.33,3.46,2.08,,,,,,
Sweden,Allsvenskan,2014,05/10/2014,14:00,Orebro,Elfsborg,5,1,H,3.48,3.67,2.15,3.5,3.67,2.26,3.34,3.38,2.11,,,,,,
Sweden,Allsvenskan,2014,05/10/2014,16:30,AIK,Malmo FF,2,3,A,2.56,3.56,2.82,2.78,3.56,2.92,2.5,3.27,2.77,,,,,,
Sweden,Allsvenskan,2014,05/10/2014,16:30,Hacken,Falkenbergs,1,2,A,1.49,5.04,6.37,1.53,5.04,8,1.43,4.55,6.65,,,,,,
Sweden,Allsvenskan,2014,18/10/2014,12:00,Malmo FF,Elfsborg,1,2,A,2.17,3.62,3.45,2.24,3.62,3.85,2.06,3.42,3.44,,,,,,
Sweden,Allsvenskan,2014,18/10/2014,15:00,Atvidabergs,Mjallby,2,1,H,2.05,3.69,3.76,2.15,3.69,4,1.98,3.42,3.7,,,,,,
Sweden,Allsvenskan,2014,18/10/2014,15:00,Kalmar,Halmstad,1,3,A,2.35,3.4,3.28,2.35,3.4,3.5,2.23,3.29,3.17,,,,,,
Sweden,Allsvenskan,2014,19/10/2014,14:00,Goteborg,Hacken,3,2,H,2.05,3.77,3.68,2.11,3.77,4.2,1.98,3.47,3.65,,,,,,
Sweden,Allsvenskan,2014,19/10/2014,16:30,Brommapojkarna,AIK,0,4,A,,,,13,6.65,1.28,11.25,6.11,1.22,,,,,,
Sweden,Allsvenskan,2014,19/10/2014,16:30,Gefle,Norrkoping,1,2,A,3.62,3.48,2.17,3.62,3.48,2.5,3.15,3.28,2.24,,,,,,
Sweden,Allsvenskan,2014,20/10/2014,18:00,Djurgarden,Orebro,0,3,A,1.91,4.02,3.97,1.93,4.2,4.33,1.84,3.72,3.93,,,,,,
Sweden,Allsvenskan,2014,20/10/2014,18:00,Falkenbergs,Helsingborg,2,0,H,2.31,3.51,3.18,2.5,3.7,3.2,2.33,3.37,2.93,,,,,,
Sweden,Allsvenskan,2014,25/10/2014,15:00,Hacken,Gefle,3,1,H,1.44,5.23,7.18,1.55,5.4,7.5,1.45,4.56,6.42,,,,,,
Sweden,Allsvenskan,2014,26/10/2014,14:00,AIK,Atvidabergs,4,1,H,1.41,5.2,8.15,1.44,5.21,8.8,1.38,4.72,7.54,,,,,,
Sweden,Allsvenskan,2014,26/10/2014,14:00,Norrkoping,Orebro,2,0,H,2.03,4.02,3.55,2.07,4.02,3.75,1.98,3.59,3.51,,,,,,
Sweden,Allsvenskan,2014,26/10/2014,16:30,Elfsborg,Djurgarden,0,1,A,1.55,4.57,6.28,1.58,4.57,6.9,1.52,4.17,5.87,,,,,,
Sweden,Allsvenskan,2014,26/10/2014,16:30,Halmstad,Falkenbergs,4,0,H,2.23,3.51,3.41,2.5,3.52,3.5,2.24,3.35,3.1,,,,,,
Sweden,Allsvenskan,2014,27/10/2014,18:00,Malmo FF,Brommapojkarna,2,0,H,,,,1.15,10.9,27.1,1.12,8.7,17.1,,,,,,
Sweden,Allsvenskan,2014,27/10/2014,18:00,Mjallby,Kalmar,0,2,A,1.8,3.81,4.84,1.83,4.05,5.3,1.77,3.58,4.49,,,,,,
Sweden,Allsvenskan,2014,27/10/2014,18:05,Helsingborg,Goteborg,0,3,A,3.85,3.78,2,4,4.1,2.1,3.48,3.54,2,,,,,,
Sweden,Allsvenskan,2014,01/11/2014,12:00,Atvidabergs,Malmo FF,2,1,H,3.27,3.82,2.17,3.5,3.82,2.26,3.16,3.49,2.15,,,,,,
Sweden,Allsvenskan,2014,01/11/2014,12:00,Brommapojkarna,Elfsborg,0,1,A,11.56,6.46,1.28,16,7.5,1.28,11.58,6.3,1.22,,,,,,
Sweden,Allsvenskan,2014,01/11/2014,12:00,Djurgarden,Norrkoping,1,1,D,1.83,4.21,4.17,1.84,4.21,4.9,1.74,3.83,4.35,,,,,,
Sweden,Allsvenskan,2014,01/11/2014,12:00,Falkenbergs,Mjallby,1,1,D,2.03,3.83,3.67,2.1,3.83,3.8,2.02,3.53,3.47,,,,,,
Sweden,Allsvenskan,2014,01/11/2014,12:00,Gefle,Helsingborg,2,1,H,1.99,3.81,3.84,2.1,3.9,3.9,1.99,3.55,3.55,,,,,,
Sweden,Allsvenskan,2014,01/11/2014,12:00,Goteborg,Halmstad,5,1,H,1.26,6.47,11.98,1.36,6.47,11.98,1.31,5.32,8.62,,,,,,
Sweden,Allsvenskan,2014,01/11/2014,12:00,Kalmar,AIK,1,1,D,5.27,4.11,1.69,6.1,4.2,1.69,5.18,3.88,1.62,,,,,,
Sweden,Allsvenskan,2014,01/11/2014,12:00,Orebro,Hacken,5,2,H,2.61,3.78,2.65,2.62,3.82,3.04,2.38,3.51,2.76,,,,,,
Sweden,Allsvenskan,2014,06/11/2014,17:30,Ljungskile,Gefle,1,3,A,2.02,3.64,3.91,2.3,3.64,4,2.03,3.29,3.6,,,,,,
Sweden,Allsvenskan,2014,09/11/2014,13:30,Gefle,Ljungskile,1,0,H,2.41,3.51,3.08,2.45,3.6,3.35,2.23,3.36,3.09,,,,,,
Sweden,Allsvenskan,2015,04/04/2015,13:00,Hammarby,Hacken,2,0,H,2.45,3.57,2.97,2.62,3.57,3,2.42,3.33,2.82,,,,,,
Sweden,Allsvenskan,2015,04/04/2015,15:00,Kalmar,Helsingborg,0,0,D,2.08,3.52,3.84,2.21,3.52,3.92,2.07,3.34,3.52,,,,,,
Sweden,Allsvenskan,2015,05/04/2015,14:00,Falkenbergs,Gefle,0,2,A,2.04,3.53,3.95,2.2,3.53,4,2.07,3.3,3.54,,,,,,
Sweden,Allsvenskan,2015,05/04/2015,14:00,Goteborg,Atvidabergs,1,0,H,1.37,4.89,10.79,1.4,5.6,10.79,1.35,4.73,8.74,,,,,,
Sweden,Allsvenskan,2015,05/04/2015,16:30,Djurgarden,Elfsborg,1,2,A,2.78,3.26,2.79,2.82,3.3,3.02,2.71,3.14,2.64,,,,,,
Sweden,Allsvenskan,2015,05/04/2015,16:30,Norrkoping,Orebro,1,1,D,2.4,3.51,3.1,2.4,3.51,3.2,2.28,3.31,3.06,,,,,,
Sweden,Allsvenskan,2015,06/04/2015,14:00,AIK,Halmstad,2,1,H,1.56,4.21,6.77,1.6,4.55,7,1.52,4.03,6.13,,,,,,
Sweden,Allsvenskan,2015,06/04/2015,16:30,Sundsvall,Malmo FF,1,4,A,6.22,4.06,1.63,6.22,4.2,1.63,5.66,3.84,1.59,,,,,,
Sweden,Allsvenskan,2015,08/04/2015,18:00,Gefle,Kalmar,2,0,H,3.03,3.28,2.56,3.3,3.3,2.65,2.84,3.15,2.5,,,,,,
Sweden,Allsvenskan,2015,08/04/2015,18:00,Helsingborg,Falkenbergs,0,0,D,1.7,3.95,5.39,1.7,3.95,6.1,1.65,3.77,5.17,,,,,,
Sweden,Allsvenskan,2015,08/04/2015,18:00,Orebro,Goteborg,0,2,A,3.6,3.43,2.18,3.66,3.46,2.35,3.28,3.28,2.19,,,,,,
Sweden,Allsvenskan,2015,08/04/2015,18:05,Elfsborg,Hammarby,1,1,D,1.58,4.14,6.56,1.6,4.5,6.56,1.56,3.96,5.72,,,,,,
Sweden,Allsvenskan,2015,09/04/2015,18:00,Atvidabergs,Sundsvall,2,3,A,1.89,3.63,4.52,1.9,3.8,5,1.84,3.48,4.23,,,,,,
Sweden,Allsvenskan,2015,09/04/2015,18:00,Hacken,Djurgarden,1,1,D,1.99,3.56,4.13,2.1,3.69,4.5,1.91,3.48,3.91,,,,,,
Sweden,Allsvenskan,2015,09/04/2015,18:00,Halmstad,Norrkoping,0,3,A,2.51,3.5,2.94,2.56,3.52,3.06,2.43,3.25,2.84,,,,,,
Sweden,Allsvenskan,2015,09/04/2015,18:05,Malmo FF,AIK,0,0,D,1.68,4.13,5.37,1.74,4.13,6,1.64,3.84,5.09,,,,,,
Sweden,Allsvenskan,2015,12/04/2015,14:00,Falkenbergs,Orebro,2,0,H,3.03,3.43,2.45,3.03,3.49,2.52,2.83,3.24,2.44,,,,,,
Sweden,Allsvenskan,2015,12/04/2015,14:00,Halmstad,Helsingborg,1,2,A,2.81,3.28,2.71,2.81,3.35,2.72,2.67,3.19,2.61,,,,,,
Sweden,Allsvenskan,2015,12/04/2015,16:30,AIK,Gefle,3,1,H,1.43,4.81,8.57,1.5,4.81,8.57,1.42,4.36,7.36,,,,,,
Sweden,Allsvenskan,2015,12/04/2015,16:30,Goteborg,Malmo FF,0,1,A,2.44,3.44,3.08,2.5,3.45,3.1,2.39,3.21,2.95,,,,,,
Sweden,Allsvenskan,2015,13/04/2015,18:00,Kalmar,Atvidabergs,2,1,H,1.95,3.49,4.44,1.96,3.6,5.1,1.87,3.36,4.26,,,,,,
Sweden,Allsvenskan,2015,13/04/2015,18:00,Norrkoping,Elfsborg,0,4,A,3.11,3.5,2.39,3.19,3.55,2.44,3,3.32,2.3,,,,,,
Sweden,Allsvenskan,2015,13/04/2015,18:00,Sundsvall,Hacken,1,1,D,3.35,3.67,2.2,3.5,3.67,2.27,3.24,3.38,2.15,,,,,,
Sweden,Allsvenskan,2015,13/04/2015,18:05,Hammarby,Djurgarden,2,1,H,2.73,3.36,2.79,2.8,3.36,2.92,2.58,3.2,2.71,,,,,,
Sweden,Allsvenskan,2015,17/04/2015,18:00,Djurgarden,Kalmar,1,0,H,1.98,3.54,4.2,2.02,3.54,4.3,1.94,3.35,3.92,,,,,,
Sweden,Allsvenskan,2015,18/04/2015,15:00,Gefle,Halmstad,0,0,D,2.19,3.39,3.65,2.3,3.4,3.81,2.18,3.23,3.33,,,,,,
Sweden,Allsvenskan,2015,19/04/2015,14:00,Atvidabergs,Falkenbergs,3,1,H,2.05,3.47,4.05,2.1,3.55,4.15,1.98,3.34,3.82,,,,,,
Sweden,Allsvenskan,2015,19/04/2015,16:30,Hacken,Goteborg,1,2,A,3.7,3.56,2.13,3.72,3.56,2.33,3.33,3.33,2.15,,,,,,
Sweden,Allsvenskan,2015,20/04/2015,18:00,Helsingborg,Norrkoping,3,1,H,2.15,3.46,3.69,2.17,3.6,3.94,2.05,3.32,3.58,,,,,,
Sweden,Allsvenskan,2015,20/04/2015,18:00,Orebro,Sundsvall,1,3,A,1.59,4.27,6.16,1.65,4.27,6.5,1.58,3.91,5.58,,,,,,
Sweden,Allsvenskan,2015,20/04/2015,18:05,Malmo FF,Hammarby,3,1,H,1.43,4.74,8.81,1.43,4.9,9.3,1.39,4.49,7.81,,,,,,
Sweden,Allsvenskan,2015,21/04/2015,17:30,Elfsborg,AIK,3,2,H,1.88,3.65,4.57,2.07,3.75,4.59,1.9,3.47,3.97,,,,,,
Sweden,Allsvenskan,2015,24/04/2015,18:00,Falkenbergs,Malmo FF,3,3,D,6.86,4.56,1.52,7.8,4.8,1.52,6.69,4.26,1.46,,,,,,
Sweden,Allsvenskan,2015,25/04/2015,15:00,Hammarby,Atvidabergs,2,1,H,1.55,4.3,6.87,1.75,4.3,6.87,1.58,3.9,5.64,,,,,,
Sweden,Allsvenskan,2015,26/04/2015,14:00,Halmstad,Elfsborg,1,0,H,4.97,4.04,1.74,5.1,4.04,1.77,4.57,3.7,1.73,,,,,,
Sweden,Allsvenskan,2015,26/04/2015,14:00,Sundsvall,Djurgarden,0,2,A,3.11,3.48,2.4,3.2,3.48,2.45,2.96,3.26,2.36,,,,,,
Sweden,Allsvenskan,2015,26/04/2015,16:30,AIK,Orebro,3,0,H,1.63,4.04,6.13,1.67,4.3,6.13,1.62,3.86,5.27,,,,,,
Sweden,Allsvenskan,2015,26/04/2015,16:30,Kalmar,Hacken,0,1,A,2.61,3.38,2.89,2.67,3.38,2.94,2.52,3.21,2.77,,,,,,
Sweden,Allsvenskan,2015,27/04/2015,18:00,Norrkoping,Gefle,4,1,H,1.71,3.92,5.42,1.75,3.92,5.42,1.69,3.66,4.94,,,,,,
Sweden,Allsvenskan,2015,27/04/2015,18:05,Goteborg,Helsingborg,3,1,H,1.5,4.46,7.41,1.58,4.46,7.66,1.5,4.05,6.59,,,,,,
Sweden,Allsvenskan,2015,29/04/2015,18:00,Djurgarden,Falkenbergs,3,1,H,1.42,4.76,8.9,1.5,4.8,8.9,1.42,4.38,7.47,,,,,,
Sweden,Allsvenskan,2015,29/04/2015,18:00,Elfsborg,Kalmar,2,1,H,1.53,4.3,7.14,1.53,4.33,8,1.49,4.03,6.77,,,,,,
Sweden,Allsvenskan,2015,29/04/2015,18:00,Malmo FF,Halmstad,3,1,H,1.23,7.05,15.01,1.25,7.05,16,1.22,6.07,12.58,,,,,,
Sweden,Allsvenskan,2015,29/04/2015,18:05,Atvidabergs,AIK,1,1,D,4.49,3.74,1.87,4.9,3.8,1.92,4.1,3.57,1.84,,,,,,
Sweden,Allsvenskan,2015,30/04/2015,16:00,Hacken,Norrkoping,0,2,A,1.69,4.04,5.34,1.8,4.04,5.34,1.7,3.77,4.64,,,,,,
Sweden,Allsvenskan,2015,30/04/2015,18:00,Gefle,Goteborg,0,0,D,4.93,3.76,1.8,5.7,3.77,1.8,4.79,3.55,1.73,,,,,,
Sweden,Allsvenskan,2015,30/04/2015,18:00,Helsingborg,Sundsvall,2,0,H,1.66,4.2,5.43,1.67,4.3,6,1.61,3.89,5.3,,,,,,
Sweden,Allsvenskan,2015,30/04/2015,18:05,Orebro,Hammarby,2,2,D,2.38,3.59,3.06,2.65,3.62,3.08,2.39,3.36,2.85,,,,,,
Sweden,Allsvenskan,2015,03/05/2015,14:00,Norrkoping,Atvidabergs,2,1,H,1.71,4.06,5.16,1.74,4.06,5.5,1.67,3.76,4.93,,,,,,
Sweden,Allsvenskan,2015,03/05/2015,14:00,Sundsvall,Elfsborg,0,1,A,5.35,4.08,1.68,5.4,4.1,1.75,4.95,3.75,1.67,,,,,,
Sweden,Allsvenskan,2015,03/05/2015,16:30,Djurgarden,Gefle,5,1,H,1.5,4.61,7.22,1.53,4.61,7.9,1.47,4.18,6.84,,,,,,
Sweden,Allsvenskan,2015,03/05/2015,16:30,Malmo FF,Helsingborg,3,1,H,1.38,5.2,9.07,1.4,5.3,9.6,1.37,4.68,8.22,,,,,,
Sweden,Allsvenskan,2015,04/05/2015,18:00,Goteborg,Falkenbergs,2,1,H,1.3,5.88,11.75,1.3,6.1,13.15,1.26,5.57,10.73,,,,,,
Sweden,Allsvenskan,2015,04/05/2015,18:00,Halmstad,Hacken,0,2,A,3.31,3.52,2.28,3.31,3.6,2.35,3.1,3.33,2.24,,,,,,
Sweden,Allsvenskan,2015,04/05/2015,18:00,Kalmar,Orebro,3,0,H,2.13,3.49,3.7,2.17,3.49,3.8,2.07,3.29,3.55,,,,,,
Sweden,Allsvenskan,2015,04/05/2015,18:05,AIK,Hammarby,2,0,H,1.7,4,5.3,1.79,4,5.3,1.69,3.74,4.77,,,,,,
Sweden,Allsvenskan,2015,08/05/2015,18:00,Kalmar,Goteborg,0,2,A,3.8,3.34,2.16,4.2,3.48,2.16,3.65,3.24,2.05,,,,,,
Sweden,Allsvenskan,2015,09/05/2015,17:00,Helsingborg,Gefle,1,2,A,1.65,3.86,6.31,1.68,4.15,6.31,1.64,3.68,5.35,,,,,,
Sweden,Allsvenskan,2015,10/05/2015,14:00,Falkenbergs,Halmstad,1,0,H,2.35,3.44,3.24,2.46,3.44,3.4,2.26,3.27,3.12,,,,,,
Sweden,Allsvenskan,2015,10/05/2015,16:30,AIK,Norrkoping,2,2,D,1.7,4.07,5.23,1.74,4.1,5.5,1.64,3.81,5.08,,,,,,
Sweden,Allsvenskan,2015,10/05/2015,16:30,Hacken,Orebro,2,0,H,1.63,4.24,5.69,1.67,4.24,5.85,1.62,3.86,5.25,,,,,,
Sweden,Allsvenskan,2015,11/05/2015,18:00,Atvidabergs,Djurgarden,2,3,A,3.78,3.59,2.06,4.05,3.6,2.15,3.49,3.38,2.05,,,,,,
Sweden,Allsvenskan,2015,11/05/2015,18:00,Hammarby,Sundsvall,1,2,A,1.64,4.33,5.48,1.66,4.33,5.8,1.6,3.94,5.24,,,,,,
Sweden,Allsvenskan,2015,11/05/2015,18:05,Elfsborg,Malmo FF,2,2,D,2.67,3.5,2.73,2.95,3.58,2.81,2.6,3.26,2.65,,,,,,
Sweden,Allsvenskan,2015,18/05/2015,18:00,Halmstad,Djurgarden,2,3,A,3.52,3.63,2.16,3.84,3.84,2.16,3.4,3.4,2.09,,,,,,
Sweden,Allsvenskan,2015,19/05/2015,18:00,Falkenbergs,Kalmar,1,3,A,3.03,3.32,2.54,3.05,3.35,2.73,2.8,3.17,2.53,,,,,,
Sweden,Allsvenskan,2015,20/05/2015,18:00,Elfsborg,Helsingborg,2,1,H,1.55,4.35,6.72,1.61,4.43,7.17,1.52,4.05,6.15,,,,,,
Sweden,Allsvenskan,2015,20/05/2015,18:00,Norrkoping,Hammarby,1,0,H,2,3.7,3.9,2.1,3.75,4.05,1.96,3.5,3.69,,,,,,
Sweden,Allsvenskan,2015,20/05/2015,18:00,Orebro,Atvidabergs,2,1,H,1.74,4.02,4.99,1.8,4.25,5,1.73,3.72,4.54,,,,,,
Sweden,Allsvenskan,2015,20/05/2015,18:05,Gefle,Sundsvall,3,1,H,2.63,3.39,2.87,2.63,3.46,3.1,2.41,3.27,2.9,,,,,,
Sweden,Allsvenskan,2015,21/05/2015,18:00,Malmo FF,Hacken,0,3,A,1.44,4.96,7.83,1.47,4.96,7.83,1.43,4.47,6.88,,,,,,
Sweden,Allsvenskan,2015,21/05/2015,18:05,Goteborg,AIK,3,0,H,1.83,3.68,4.83,2.05,3.7,4.83,1.84,3.52,4.17,,,,,,
Sweden,Allsvenskan,2015,24/05/2015,14:00,Halmstad,Goteborg,1,2,A,6.04,4.19,1.61,6.25,4.2,1.64,5.57,3.86,1.59,,,,,,
Sweden,Allsvenskan,2015,24/05/2015,14:00,Orebro,Gefle,1,0,H,1.79,3.88,4.75,1.86,3.93,4.8,1.76,3.62,4.44,,,,,,
Sweden,Allsvenskan,2015,24/05/2015,16:30,Atvidabergs,Elfsborg,1,2,A,5.62,4.08,1.66,6.4,4.08,1.68,5.38,3.78,1.62,,,,,,
Sweden,Allsvenskan,2015,24/05/2015,16:30,Kalmar,Malmo FF,2,1,H,4.87,3.81,1.79,5.1,3.81,1.82,4.57,3.59,1.75,,,,,,
Sweden,Allsvenskan,2015,25/05/2015,18:00,Hacken,Falkenbergs,0,2,A,1.42,4.98,8.38,1.46,5,8.5,1.39,4.69,7.36,,,,,,
Sweden,Allsvenskan,2015,25/05/2015,18:00,Helsingborg,Hammarby,1,0,H,2.49,3.38,3.06,2.5,3.38,3.38,2.39,3.22,2.96,,,,,,
Sweden,Allsvenskan,2015,25/05/2015,18:00,Sundsvall,Norrkoping,0,1,A,2.21,3.66,3.33,2.6,3.66,3.35,2.23,3.45,3.03,,,,,,
Sweden,Allsvenskan,2015,25/05/2015,18:05,Djurgarden,AIK,2,2,D,2.32,3.47,3.27,2.45,3.53,3.45,2.26,3.35,3.06,,,,,,
Sweden,Allsvenskan,2015,29/05/2015,18:00,Gefle,Hacken,2,0,H,3.6,3.55,2.14,3.75,3.55,2.27,3.49,3.33,2.07,,,,,,
Sweden,Allsvenskan,2015,30/05/2015,15:00,Falkenbergs,Sundsvall,1,1,D,2.7,3.49,2.72,2.76,3.5,3,2.51,3.29,2.73,,,,,,
Sweden,Allsvenskan,2015,30/05/2015,15:00,Hammarby,Halmstad,2,2,D,1.56,4.51,6.25,1.65,4.51,6.7,1.55,4.08,5.72,,,,,,
Sweden,Allsvenskan,2015,30/05/2015,15:00,Norrkoping,Kalmar,2,1,H,1.83,3.79,4.66,1.95,3.86,5.3,1.8,3.59,4.35,,,,,,
Sweden,Allsvenskan,2015,31/05/2015,14:00,AIK,Helsingborg,3,1,H,1.57,4.28,6.34,1.69,4.28,6.35,1.57,3.97,5.67,,,,,,
Sweden,Allsvenskan,2015,31/05/2015,16:30,Elfsborg,Orebro,2,2,D,1.49,4.67,7.27,1.51,4.75,8.1,1.44,4.39,6.99,,,,,,
Sweden,Allsvenskan,2015,31/05/2015,16:30,Malmo FF,Atvidabergs,3,0,H,1.21,7.19,16.25,1.23,7.3,17.2,1.2,6.54,13.18,,,,,,
Sweden,Allsvenskan,2015,01/06/2015,18:05,Goteborg,Djurgarden,0,0,D,1.69,4.17,5.18,1.73,4.45,5.5,1.66,3.85,4.88,,,,,,
Sweden,Allsvenskan,2015,03/06/2015,18:00,AIK,Falkenbergs,4,3,H,1.29,5.92,12.44,1.33,6,12.44,1.29,5.38,9.66,,,,,,
Sweden,Allsvenskan,2015,03/06/2015,18:00,Atvidabergs,Hacken,1,1,D,3.45,3.56,2.2,3.6,3.6,2.25,3.32,3.37,2.12,,,,,,
Sweden,Allsvenskan,2015,03/06/2015,18:00,Halmstad,Sundsvall,1,0,H,2.34,3.51,3.2,2.4,3.61,3.22,2.29,3.34,3,,,,,,
Sweden,Allsvenskan,2015,03/06/2015,18:00,Orebro,Helsingborg,0,0,D,1.85,3.76,4.59,2,3.83,4.59,1.84,3.56,4.13,,,,,,
Sweden,Allsvenskan,2015,03/06/2015,18:05,Gefle,Malmo FF,1,2,A,6.21,4.21,1.6,6.5,4.21,1.64,5.82,3.98,1.55,,,,,,
Sweden,Allsvenskan,2015,04/06/2015,18:00,Djurgarden,Norrkoping,1,1,D,2.05,3.61,3.87,2.05,3.85,4.3,1.92,3.55,3.79,,,,,,
Sweden,Allsvenskan,2015,04/06/2015,18:00,Kalmar,Hammarby,2,2,D,2.55,3.42,2.93,2.55,3.51,3.18,2.43,3.29,2.83,,,,,,
Sweden,Allsvenskan,2015,04/06/2015,18:05,Goteborg,Elfsborg,1,0,H,2.14,3.29,3.92,2.19,3.45,4.25,2.05,3.27,3.63,,,,,,
Sweden,Allsvenskan,2015,06/06/2015,15:00,Hacken,AIK,0,0,D,2.47,3.61,2.92,2.5,3.65,3.02,2.4,3.41,2.8,,,,,,
Sweden,Allsvenskan,2015,06/06/2015,15:00,Helsingborg,Atvidabergs,3,0,H,1.82,3.74,4.81,1.85,4.2,5.52,1.72,3.68,4.76,,,,,,
Sweden,Allsvenskan,2015,06/06/2015,15:00,Orebro,Halmstad,1,1,D,1.68,4.09,5.38,1.69,4.3,5.6,1.65,3.86,4.97,,,,,,
Sweden,Allsvenskan,2015,07/06/2015,14:00,Hammarby,Goteborg,0,1,A,3.3,3.63,2.24,3.65,3.64,2.27,3.23,3.39,2.16,,,,,,
Sweden,Allsvenskan,2015,07/06/2015,14:00,Sundsvall,Kalmar,1,1,D,2.21,3.58,3.4,2.41,3.58,3.6,2.2,3.32,3.21,,,,,,
Sweden,Allsvenskan,2015,07/06/2015,16:30,Elfsborg,Gefle,5,1,H,1.3,5.88,11.97,1.33,6.4,13,1.28,5.38,10.27,,,,,,
Sweden,Allsvenskan,2015,07/06/2015,16:30,Malmo FF,Djurgarden,1,1,D,1.63,4.3,5.59,1.65,4.6,5.75,1.58,4.03,5.42,,,,,,
Sweden,Allsvenskan,2015,07/06/2015,16:30,Norrkoping,Falkenbergs,2,0,H,1.5,4.68,6.96,1.53,4.8,7,1.47,4.35,6.35,,,,,,
Sweden,Allsvenskan,2015,04/07/2015,15:00,Atvidabergs,Halmstad,0,0,D,2.28,3.53,3.29,2.3,3.53,3.5,2.21,3.32,3.18,,,,,,
Sweden,Allsvenskan,2015,04/07/2015,15:00,Djurgarden,Orebro,2,0,H,1.52,4.46,7.1,1.62,4.5,7.1,1.53,4.08,6.04,,,,,,
Sweden,Allsvenskan,2015,04/07/2015,17:00,Norrkoping,Malmo FF,3,1,H,2.81,3.58,2.53,2.9,3.64,2.6,2.76,3.39,2.44,,,,,,
Sweden,Allsvenskan,2015,05/07/2015,14:00,Falkenbergs,Elfsborg,2,2,D,7.5,4.65,1.48,7.54,4.66,1.55,6.47,4.22,1.48,,,,,,
Sweden,Allsvenskan,2015,05/07/2015,16:30,Hacken,Helsingborg,3,2,H,1.83,3.83,4.62,1.9,4,4.62,1.81,3.62,4.19,,,,,,
Sweden,Allsvenskan,2015,05/07/2015,16:30,Kalmar,AIK,0,0,D,2.81,3.54,2.58,3,3.54,2.75,2.8,3.29,2.46,,,,,,
Sweden,Allsvenskan,2015,05/07/2015,16:30,Sundsvall,Goteborg,2,2,D,4.56,3.72,1.86,5.1,3.85,1.88,4.38,3.51,1.81,,,,,,
Sweden,Allsvenskan,2015,06/07/2015,18:05,Gefle,Hammarby,1,1,D,3.15,3.33,2.46,3.15,3.7,2.6,2.89,3.25,2.42,,,,,,
Sweden,Allsvenskan,2015,11/07/2015,15:00,Atvidabergs,Gefle,1,1,D,2.38,3.43,3.19,2.42,3.48,3.4,2.24,3.28,3.16,,,,,,
Sweden,Allsvenskan,2015,11/07/2015,15:00,Halmstad,Kalmar,1,0,H,2.48,3.44,3.02,2.7,3.5,3.02,2.46,3.23,2.84,,,,,,
Sweden,Allsvenskan,2015,11/07/2015,15:00,Malmo FF,Orebro,2,2,D,1.34,5.69,9.61,1.36,5.9,9.77,1.32,5.19,8.42,,,,,,
Sweden,Allsvenskan,2015,12/07/2015,14:00,Elfsborg,Hacken,1,0,H,1.68,4.12,5.32,1.72,4.3,5.5,1.66,3.85,4.93,,,,,,
Sweden,Allsvenskan,2015,12/07/2015,16:30,AIK,Sundsvall,4,1,H,1.53,4.51,6.58,1.55,4.7,6.6,1.52,4.18,5.92,,,,,,
Sweden,Allsvenskan,2015,12/07/2015,16:30,Goteborg,Norrkoping,0,0,D,1.71,3.92,5.38,1.75,3.92,5.38,1.68,3.7,4.9,,,,,,
Sweden,Allsvenskan,2015,13/07/2015,18:00,Hammarby,Falkenbergs,3,0,H,1.52,4.61,6.6,1.61,4.61,6.6,1.54,4.14,5.64,,,,,,
Sweden,Allsvenskan,2015,13/07/2015,18:05,Helsingborg,Djurgarden,0,1,A,3.17,3.45,2.38,3.17,3.45,2.55,3,3.28,2.33,,,,,,
Sweden,Allsvenskan,2015,18/07/2015,15:00,Kalmar,Falkenbergs,4,0,H,1.63,4.09,5.93,1.65,4.2,6,1.58,3.88,5.55,,,,,,
Sweden,Allsvenskan,2015,18/07/2015,15:00,Orebro,Malmo FF,1,1,D,3.21,3.61,2.29,3.35,3.7,2.31,3.11,3.44,2.2,,,,,,
Sweden,Allsvenskan,2015,18/07/2015,15:00,Sundsvall,Halmstad,0,0,D,1.99,3.76,3.9,2.2,3.76,4,1.95,3.51,3.71,,,,,,
Sweden,Allsvenskan,2015,19/07/2015,14:00,Norrkoping,Goteborg,2,2,D,2.83,3.45,2.62,3.1,3.45,2.76,2.75,3.17,2.58,,,,,,
Sweden,Allsvenskan,2015,19/07/2015,16:30,Helsingborg,AIK,3,1,H,3.69,3.67,2.08,4,3.67,2.25,3.35,3.39,2.12,,,,,,
Sweden,Allsvenskan,2015,20/07/2015,18:00,Djurgarden,Atvidabergs,0,0,D,1.27,6.25,13,1.29,6.5,13,1.25,5.65,10.85,,,,,,
Sweden,Allsvenskan,2015,20/07/2015,18:05,Hacken,Hammarby,3,3,D,2.01,3.63,3.96,2.25,3.65,4.01,2,3.45,3.59,,,,,,
Sweden,Allsvenskan,2015,25/07/2015,15:00,Atvidabergs,Helsingborg,1,2,A,2.48,3.6,2.91,2.67,3.6,3.05,2.5,3.32,2.73,,,,,,
Sweden,Allsvenskan,2015,25/07/2015,15:00,Hacken,Kalmar,3,0,H,1.94,3.72,4.12,1.99,3.72,4.4,1.87,3.54,4,,,,,,
Sweden,Allsvenskan,2015,25/07/2015,15:00,Malmo FF,Sundsvall,3,0,H,1.31,5.97,10.83,1.34,6.2,10.83,1.3,5.44,9.07,,,,,,
Sweden,Allsvenskan,2015,26/07/2015,14:00,Falkenbergs,Goteborg,1,0,H,6.15,4.26,1.59,6.15,4.3,1.63,5.63,3.96,1.57,,,,,,
Sweden,Allsvenskan,2015,26/07/2015,16:30,AIK,Elfsborg,4,2,H,2.43,3.52,3.04,2.55,3.52,3.35,2.31,3.31,3.03,,,,,,
Sweden,Allsvenskan,2015,27/07/2015,18:00,Halmstad,Gefle,0,1,A,2.02,3.39,4.28,2.02,3.78,4.28,1.95,3.36,3.92,,,,,,
Sweden,Allsvenskan,2015,27/07/2015,18:00,Hammarby,Norrkoping,0,1,A,2.33,3.6,3.15,2.4,3.6,3.26,2.29,3.38,2.96,,,,,,
Sweden,Allsvenskan,2015,27/07/2015,18:05,Orebro,Djurgarden,0,1,A,3.68,3.45,2.16,3.7,3.53,2.4,3.38,3.32,2.12,,,,,,
Sweden,Allsvenskan,2015,31/07/2015,18:30,Helsingborg,Kalmar,1,2,A,2.26,3.48,3.39,2.26,3.68,3.8,2.15,3.36,3.27,,,,,,
Sweden,Allsvenskan,2015,01/08/2015,15:00,Atvidabergs,Malmo FF,2,2,D,6.09,4.44,1.57,6.1,4.45,1.73,5.37,4.06,1.58,,,,,,
Sweden,Allsvenskan,2015,01/08/2015,15:00,Djurgarden,Hacken,2,1,H,1.68,4.2,5.22,1.79,4.3,5.36,1.66,3.85,4.84,,,,,,
Sweden,Allsvenskan,2015,01/08/2015,15:00,Gefle,Falkenbergs,1,0,H,2.09,3.4,3.98,2.12,3.5,4,2.02,3.31,3.68,,,,,,
Sweden,Allsvenskan,2015,02/08/2015,14:00,Norrkoping,AIK,1,2,A,2.15,3.71,3.44,2.16,4,3.6,2.08,3.55,3.27,,,,,,
Sweden,Allsvenskan,2015,02/08/2015,16:30,Elfsborg,Halmstad,2,0,H,1.33,5.51,11.25,1.34,5.75,12,1.29,5.2,10.13,,,,,,
Sweden,Allsvenskan,2015,02/08/2015,16:30,Goteborg,Orebro,6,0,H,1.43,4.67,8.79,1.43,5.3,9.2,1.38,4.55,8.2,,,,,,
Sweden,Allsvenskan,2015,03/08/2015,18:05,Sundsvall,Hammarby,3,0,H,2.76,3.52,2.64,2.86,3.52,2.72,2.69,3.32,2.54,,,,,,
Sweden,Allsvenskan,2015,08/08/2015,15:00,Falkenbergs,Helsingborg,2,3,A,2.85,3.59,2.52,2.91,3.59,2.55,2.75,3.34,2.46,,,,,,
Sweden,Allsvenskan,2015,08/08/2015,15:00,Hacken,Gefle,1,1,D,1.48,4.71,7.27,1.57,4.71,8,1.46,4.29,6.81,,,,,,
Sweden,Allsvenskan,2015,09/08/2015,14:00,Malmo FF,Goteborg,2,1,H,2.03,3.56,3.97,2.07,3.62,3.98,1.97,3.46,3.68,,,,,,
Sweden,Allsvenskan,2015,09/08/2015,14:00,Orebro,Norrkoping,1,3,A,3.6,3.86,2.05,3.68,3.86,2.11,3.36,3.52,2.05,,,,,,
Sweden,Allsvenskan,2015,09/08/2015,16:30,Halmstad,Atvidabergs,0,0,D,1.97,3.62,4.14,2,3.65,4.2,1.92,3.43,3.91,,,,,,
Sweden,Allsvenskan,2015,09/08/2015,16:30,Hammarby,Elfsborg,0,0,D,2.86,3.7,2.47,3.1,3.7,2.55,2.8,3.41,2.39,,,,,,
Sweden,Allsvenskan,2015,10/08/2015,18:00,Kalmar,Sundsvall,0,2,A,1.7,3.99,5.38,1.77,4.05,5.7,1.68,3.7,4.93,,,,,,
Sweden,Allsvenskan,2015,10/08/2015,18:05,AIK,Djurgarden,1,0,H,2.29,3.52,3.29,2.3,3.52,3.55,2.18,3.34,3.22,,,,,,
Sweden,Allsvenskan,2015,12/08/2015,18:00,Gefle,Elfsborg,2,3,A,4.98,3.87,1.77,4.98,3.88,1.93,4.35,3.6,1.79,,,,,,
Sweden,Allsvenskan,2015,15/08/2015,15:00,Malmo FF,Gefle,2,0,H,1.24,6.95,13.94,1.24,7.11,15,1.21,6.3,12.16,,,,,,
Sweden,Allsvenskan,2015,15/08/2015,15:00,Sundsvall,Orebro,1,0,H,2.12,3.65,3.58,2.12,3.75,3.9,2.03,3.47,3.45,,,,,,
Sweden,Allsvenskan,2015,16/08/2015,14:00,AIK,Kalmar,2,1,H,1.65,4.14,5.6,1.67,4.25,5.86,1.6,3.92,5.33,,,,,,
Sweden,Allsvenskan,2015,16/08/2015,14:00,Goteborg,Hacken,4,0,H,1.77,3.86,5,1.81,4,5.25,1.71,3.67,4.7,,,,,,
Sweden,Allsvenskan,2015,16/08/2015,16:30,Elfsborg,Djurgarden,2,0,H,1.78,4.03,4.65,2,4.03,4.8,1.79,3.69,4.21,,,,,,
Sweden,Allsvenskan,2015,17/08/2015,18:00,Falkenbergs,Hammarby,0,1,A,3.51,3.72,2.12,3.51,3.72,2.3,3.2,3.47,2.13,,,,,,
Sweden,Allsvenskan,2015,17/08/2015,18:00,Helsingborg,Halmstad,2,0,H,1.84,3.84,4.5,1.88,3.9,4.85,1.77,3.71,4.28,,,,,,
Sweden,Allsvenskan,2015,17/08/2015,18:05,Atvidabergs,Norrkoping,1,1,D,5.2,4.15,1.69,5.4,4.3,1.75,4.7,3.86,1.68,,,,,,
Sweden,Allsvenskan,2015,22/08/2015,15:00,Hacken,Malmo FF,1,0,H,3.17,3.74,2.26,3.17,3.74,2.5,2.95,3.44,2.28,,,,,,
Sweden,Allsvenskan,2015,23/08/2015,14:00,Atvidabergs,Goteborg,0,1,A,7.01,4.41,1.53,7.01,4.41,1.6,6.08,4.03,1.53,,,,,,
Sweden,Allsvenskan,2015,23/08/2015,14:00,Gefle,AIK,1,2,A,5.04,3.86,1.76,5.3,3.9,1.85,4.67,3.7,1.71,,,,,,
Sweden,Allsvenskan,2015,23/08/2015,16:30,Halmstad,Orebro,2,2,D,2.78,3.29,2.76,2.79,3.4,2.9,2.62,3.19,2.67,,,,,,
Sweden,Allsvenskan,2015,23/08/2015,16:30,Kalmar,Elfsborg,0,3,A,3.32,3.42,2.32,3.34,3.55,2.33,3.19,3.27,2.22,,,,,,
Sweden,Allsvenskan,2015,24/08/2015,18:00,Norrkoping,Helsingborg,3,2,H,1.55,4.5,6.33,1.61,4.75,6.33,1.54,4.18,5.46,,,,,,
Sweden,Allsvenskan,2015,24/08/2015,18:00,Sundsvall,Falkenbergs,0,1,A,1.8,3.88,4.67,1.84,4,4.75,1.75,3.65,4.43,,,,,,
Sweden,Allsvenskan,2015,24/08/2015,18:05,Djurgarden,Hammarby,2,2,D,2.12,3.58,3.64,2.12,3.7,3.9,2,3.43,3.61,,,,,,
Sweden,Allsvenskan,2015,28/08/2015,18:00,Hammarby,Kalmar,0,0,D,1.94,3.6,4.31,1.95,3.82,4.5,1.87,3.49,4.06,,,,,,
Sweden,Allsvenskan,2015,29/08/2015,15:00,Djurgarden,Halmstad,4,2,H,1.34,5.29,11.03,1.42,5.29,11.03,1.35,4.76,8.78,,,,,,
Sweden,Allsvenskan,2015,29/08/2015,15:00,Falkenbergs,Norrkoping,0,1,A,4.73,4.01,1.78,4.73,4.01,1.84,4.32,3.72,1.76,,,,,,
Sweden,Allsvenskan,2015,29/08/2015,15:00,Orebro,Hacken,2,0,H,2.76,3.61,2.59,2.9,3.61,2.6,2.74,3.35,2.46,,,,,,
Sweden,Allsvenskan,2015,30/08/2015,14:00,AIK,Atvidabergs,1,0,H,1.27,6.25,12.61,1.3,6.5,12.61,1.26,5.65,10.79,,,,,,
Sweden,Allsvenskan,2015,30/08/2015,14:00,Goteborg,Gefle,3,0,H,1.24,6.53,14.98,1.25,6.9,15,1.22,5.9,12.47,,,,,,
Sweden,Allsvenskan,2015,30/08/2015,16:30,Elfsborg,Sundsvall,1,2,A,1.31,5.99,10.57,1.33,6.17,10.77,1.29,5.45,9.33,,,,,,
Sweden,Allsvenskan,2015,30/08/2015,16:30,Helsingborg,Malmo FF,0,3,A,4.98,4.16,1.71,4.98,4.25,1.8,4.49,3.89,1.71,,,,,,
Sweden,Allsvenskan,2015,11/09/2015,18:00,Kalmar,Norrkoping,1,2,A,3.33,3.37,2.34,3.33,3.5,2.5,3.03,3.3,2.29,,,,,,
Sweden,Allsvenskan,2015,12/09/2015,15:00,Falkenbergs,AIK,2,4,A,5.2,4.06,1.7,5.34,4.25,1.71,4.83,3.86,1.66,,,,,,
Sweden,Allsvenskan,2015,12/09/2015,15:00,Malmo FF,Elfsborg,1,1,D,1.81,3.92,4.57,1.83,4,4.75,1.77,3.69,4.32,,,,,,
Sweden,Allsvenskan,2015,13/09/2015,14:00,Hammarby,Orebro,1,2,A,1.76,3.95,4.89,1.82,3.95,5,1.74,3.66,4.56,,,,,,
Sweden,Allsvenskan,2015,13/09/2015,16:30,Helsingborg,Goteborg,1,2,A,4.16,3.74,1.93,4.55,3.86,1.94,4.03,3.57,1.85,,,,,,
Sweden,Allsvenskan,2015,14/09/2015,18:00,Hacken,Halmstad,4,1,H,1.45,4.91,7.5,1.5,4.94,7.6,1.43,4.5,6.98,,,,,,
Sweden,Allsvenskan,2015,14/09/2015,18:00,Sundsvall,Atvidabergs,0,1,A,1.93,3.76,4.15,1.93,3.76,4.4,1.86,3.48,4.11,,,,,,
Sweden,Allsvenskan,2015,14/09/2015,18:05,Gefle,Djurgarden,2,1,H,4.65,3.72,1.85,4.65,3.86,1.9,4.21,3.52,1.83,,,,,,
Sweden,Allsvenskan,2015,18/09/2015,18:00,Halmstad,Falkenbergs,0,1,A,2.36,3.48,3.19,2.37,3.58,3.3,2.22,3.35,3.13,,,,,,
Sweden,Allsvenskan,2015,19/09/2015,15:00,AIK,Hacken,2,1,H,1.87,4.03,4.12,1.87,4.2,4.78,1.79,3.78,4.08,,,,,,
Sweden,Allsvenskan,2015,20/09/2015,14:00,Atvidabergs,Kalmar,1,1,D,2.66,3.32,2.87,2.67,3.4,2.91,2.57,3.19,2.73,,,,,,
Sweden,Allsvenskan,2015,20/09/2015,14:00,Djurgarden,Malmo FF,0,2,A,3,3.61,2.41,3,3.7,2.47,2.86,3.38,2.36,,,,,,
Sweden,Allsvenskan,2015,20/09/2015,14:00,Gefle,Helsingborg,2,1,H,2.18,3.61,3.46,2.33,3.61,3.46,2.18,3.38,3.19,,,,,,
Sweden,Allsvenskan,2015,20/09/2015,16:30,Goteborg,Hammarby,1,0,H,1.52,4.39,7.27,1.6,4.45,7.7,1.49,4.12,6.42,,,,,,
Sweden,Allsvenskan,2015,20/09/2015,16:30,Norrkoping,Sundsvall,5,1,H,1.44,5,7.62,1.44,5.15,9,1.39,4.75,7.39,,,,,,
Sweden,Allsvenskan,2015,21/09/2015,18:05,Orebro,Elfsborg,4,2,H,3.22,3.66,2.26,3.55,3.66,2.28,3.13,3.42,2.18,,,,,,
Sweden,Allsvenskan,2015,23/09/2015,18:00,Hammarby,Gefle,3,0,H,1.56,4.47,6.2,1.67,4.47,6.5,1.56,3.99,5.77,,,,,,
Sweden,Allsvenskan,2015,23/09/2015,18:00,Kalmar,Halmstad,1,0,H,2.08,3.47,3.91,2.1,3.8,4.33,1.97,3.41,3.77,,,,,,
Sweden,Allsvenskan,2015,23/09/2015,18:00,Malmo FF,Falkenbergs,4,3,H,1.19,7.7,18,1.2,8.1,19,1.17,7.03,14.29,,,,,,
Sweden,Allsvenskan,2015,23/09/2015,18:00,Norrkoping,Djurgarden,4,2,H,1.96,3.75,4.01,1.96,3.96,4.25,1.89,3.55,3.91,,,,,,
Sweden,Allsvenskan,2015,23/09/2015,18:05,Sundsvall,AIK,0,2,A,3.17,3.51,2.36,3.45,3.64,2.36,3.12,3.37,2.22,,,,,,
Sweden,Allsvenskan,2015,24/09/2015,18:00,Hacken,Atvidabergs,3,0,H,1.44,4.81,8.04,1.49,4.95,8.04,1.43,4.43,7.09,,,,,,
Sweden,Allsvenskan,2015,24/09/2015,18:00,Helsingborg,Orebro,0,2,A,2.21,3.77,3.24,2.27,3.85,3.48,2.12,3.56,3.17,,,,,,
Sweden,Allsvenskan,2015,24/09/2015,18:05,Elfsborg,Goteborg,1,1,D,2.73,3.41,2.74,2.73,3.5,2.85,2.52,3.26,2.73,,,,,,
Sweden,Allsvenskan,2015,26/09/2015,15:00,Halmstad,Malmo FF,0,0,D,7.94,4.96,1.43,7.94,4.96,1.5,7.07,4.54,1.42,,,,,,
Sweden,Allsvenskan,2015,27/09/2015,14:00,Falkenbergs,Hacken,1,2,A,3.51,3.7,2.13,3.67,3.7,2.18,3.41,3.49,2.05,,,,,,
Sweden,Allsvenskan,2015,27/09/2015,14:00,Hammarby,AIK,1,0,H,2.66,3.5,2.75,3,3.6,2.75,2.66,3.34,2.56,,,,,,
Sweden,Allsvenskan,2015,27/09/2015,16:30,Gefle,Norrkoping,1,2,A,6.34,4.41,1.56,6.5,4.41,1.75,5.71,3.96,1.57,,,,,,
Sweden,Allsvenskan,2015,28/09/2015,18:00,Djurgarden,Helsingborg,2,2,D,1.48,5.02,6.74,1.6,5.02,7.5,1.45,4.49,6.53,,,,,,
Sweden,Allsvenskan,2015,28/09/2015,18:00,Elfsborg,Atvidabergs,3,1,H,1.32,5.77,10.74,1.34,5.95,11,1.3,5.28,9.25,,,,,,
Sweden,Allsvenskan,2015,28/09/2015,18:00,Orebro,Kalmar,2,1,H,1.99,3.57,4.14,2.01,3.75,4.2,1.91,3.49,3.89,,,,,,
Sweden,Allsvenskan,2015,28/09/2015,18:05,Goteborg,Sundsvall,3,2,H,1.3,5.93,11.66,1.3,6.5,13,1.26,5.57,10.74,,,,,,
Sweden,Allsvenskan,2015,02/10/2015,18:00,Atvidabergs,Hammarby,0,3,A,3.33,3.55,2.26,3.4,3.6,2.28,3.18,3.36,2.19,,,,,,
Sweden,Allsvenskan,2015,03/10/2015,15:00,Orebro,Falkenbergs,2,1,H,1.68,4.15,5.35,1.71,4.15,5.75,1.63,3.84,5.17,,,,,,
Sweden,Allsvenskan,2015,03/10/2015,15:00,Sundsvall,Gefle,2,1,H,1.74,3.98,5.03,1.85,3.98,5.03,1.77,3.64,4.42,,,,,,
Sweden,Allsvenskan,2015,04/10/2015,14:00,Goteborg,Halmstad,1,1,D,1.19,7.34,19.87,1.22,7.4,19.87,1.19,6.46,14.29,,,,,,
Sweden,Allsvenskan,2015,04/10/2015,14:00,Helsingborg,Elfsborg,2,1,H,3.7,3.91,2,3.8,3.91,2.1,3.57,3.62,1.95,,,,,,
Sweden,Allsvenskan,2015,04/10/2015,14:00,Kalmar,Djurgarden,0,3,A,3.18,3.32,2.44,3.21,3.44,2.6,2.96,3.19,2.4,,,,,,
Sweden,Allsvenskan,2015,04/10/2015,16:30,AIK,Malmo FF,2,1,H,2.64,3.57,2.73,2.74,3.57,2.77,2.61,3.32,2.61,,,,,,
Sweden,Allsvenskan,2015,04/10/2015,16:30,Norrkoping,Hacken,3,1,H,1.52,4.59,6.71,1.55,4.65,6.71,1.5,4.28,5.99,,,,,,
Sweden,Allsvenskan,2015,17/10/2015,15:00,Malmo FF,Kalmar,3,0,H,1.4,5.15,8.63,1.41,5.3,9.5,1.37,4.77,7.76,,,,,,
Sweden,Allsvenskan,2015,18/10/2015,14:00,Halmstad,AIK,0,1,A,4.81,4.04,1.75,5.4,4.04,1.78,4.64,3.78,1.71,,,,,,
Sweden,Allsvenskan,2015,18/10/2015,16:30,Falkenbergs,Atvidabergs,6,0,H,1.97,3.82,3.88,2,4,4.05,1.9,3.61,3.8,,,,,,
Sweden,Allsvenskan,2015,18/10/2015,16:30,Hammarby,Helsingborg,1,4,A,1.6,4.41,5.78,1.7,4.49,5.9,1.58,4.11,5.32,,,,,,
Sweden,Allsvenskan,2015,19/10/2015,18:00,Djurgarden,Goteborg,2,2,D,3.23,3.51,2.32,3.46,3.68,2.34,3.15,3.33,2.24,,,,,,
Sweden,Allsvenskan,2015,19/10/2015,18:00,Gefle,Orebro,2,2,D,2.92,3.58,2.48,3.14,3.6,2.65,2.81,3.36,2.43,,,,,,
Sweden,Allsvenskan,2015,19/10/2015,18:00,Hacken,Sundsvall,3,1,H,1.78,4.08,4.61,1.78,4.2,4.8,1.71,3.86,4.48,,,,,,
Sweden,Allsvenskan,2015,19/10/2015,18:05,Elfsborg,Norrkoping,3,2,H,2.41,3.78,2.89,2.52,3.78,3,2.35,3.51,2.82,,,,,,
Sweden,Allsvenskan,2015,24/10/2015,15:00,Falkenbergs,Djurgarden,0,2,A,3.08,3.8,2.29,3.3,3.8,2.5,2.91,3.52,2.28,,,,,,
Sweden,Allsvenskan,2015,25/10/2015,14:00,Hammarby,Malmo FF,0,1,A,3.21,3.64,2.28,3.7,3.8,2.34,3.17,3.46,2.18,,,,,,
Sweden,Allsvenskan,2015,25/10/2015,14:00,Sundsvall,Helsingborg,2,1,H,2.21,3.83,3.16,2.25,4.1,3.36,2.13,3.63,3.11,,,,,,
Sweden,Allsvenskan,2015,25/10/2015,16:30,Hacken,Elfsborg,5,2,H,2.63,3.8,2.62,2.75,3.85,2.63,2.6,3.48,2.54,,,,,,
Sweden,Allsvenskan,2015,25/10/2015,16:30,Norrkoping,Halmstad,3,1,H,1.15,8.95,21.36,1.16,9.4,23,1.13,8.21,17.69,,,,,,
Sweden,Allsvenskan,2015,26/10/2015,18:00,Atvidabergs,Orebro,2,3,A,3.43,3.91,2.09,3.75,3.98,2.15,3.37,3.58,2.04,,,,,,
Sweden,Allsvenskan,2015,26/10/2015,18:00,Kalmar,Gefle,3,1,H,1.57,4.26,6.47,1.62,4.39,7,1.54,4.03,5.97,,,,,,
Sweden,Allsvenskan,2015,26/10/2015,18:05,AIK,Goteborg,1,2,A,2.44,3.55,2.96,2.6,3.55,3.1,2.42,3.3,2.87,,,,,,
Sweden,Allsvenskan,2015,31/10/2015,12:00,Djurgarden,Sundsvall,4,2,H,1.43,5.26,7.44,1.48,5.3,8,1.4,4.79,7.04,,,,,,
Sweden,Allsvenskan,2015,31/10/2015,12:00,Elfsborg,Falkenbergs,4,2,H,1.23,7.49,13.13,1.26,7.49,14.5,1.21,6.52,12.17,,,,,,
Sweden,Allsvenskan,2015,31/10/2015,12:00,Gefle,Atvidabergs,2,1,H,1.79,4.16,4.39,1.82,4.16,4.8,1.75,3.81,4.31,,,,,,
Sweden,Allsvenskan,2015,31/10/2015,12:00,Goteborg,Kalmar,2,2,D,1.21,7.48,15.36,1.21,8,18.5,1.18,6.84,14.24,,,,,,
Sweden,Allsvenskan,2015,31/10/2015,12:00,Halmstad,Hammarby,2,1,H,3.92,3.71,2,3.97,3.75,2.15,3.52,3.53,2.01,,,,,,
Sweden,Allsvenskan,2015,31/10/2015,12:00,Helsingborg,Hacken,1,2,A,2.91,3.82,2.38,2.91,3.9,2.68,2.75,3.55,2.37,,,,,,
Sweden,Allsvenskan,2015,31/10/2015,12:00,Malmo FF,Norrkoping,0,2,A,2.2,3.87,3.21,2.6,3.9,3.21,2.24,3.58,2.96,,,,,,
Sweden,Allsvenskan,2015,31/10/2015,12:00,Orebro,AIK,1,1,D,3.35,3.85,2.14,3.45,3.87,2.25,3.13,3.55,2.14,,,,,,
Sweden,Allsvenskan,2015,05/11/2015,17:00,Sirius,Falkenbergs,2,2,D,1.85,3.8,4.54,2,3.8,5,1.81,3.56,4.19,,,,,,
Sweden,Allsvenskan,2015,08/11/2015,16:15,Falkenbergs,Sirius,1,1,D,2.64,3.45,2.81,2.66,3.65,2.9,2.5,3.29,2.72,,,,,,
Sweden,Allsvenskan,2016,02/04/2016,12:00,Malmo FF,Norrkoping,3,1,H,1.72,3.93,5.27,1.72,4,5.8,1.67,3.75,4.97,,,,,,
Sweden,Allsvenskan,2016,02/04/2016,15:00,Kalmar,Jonkopings,0,1,A,2.06,3.39,4.1,2.06,3.6,4.5,1.93,3.31,4.04,,,,,,
Sweden,Allsvenskan,2016,03/04/2016,14:00,AIK,Sundsvall,1,1,D,1.52,4.53,6.88,1.55,4.6,7.4,1.49,4.21,6.39,,,,,,
Sweden,Allsvenskan,2016,03/04/2016,14:00,Gefle,Helsingborg,1,1,D,2.67,3.38,2.82,2.67,3.4,2.97,2.55,3.2,2.75,,,,,,
Sweden,Allsvenskan,2016,03/04/2016,14:00,Hacken,Elfsborg,2,1,H,2.12,3.7,3.61,2.2,3.7,3.61,2.11,3.45,3.31,,,,,,
Sweden,Allsvenskan,2016,03/04/2016,16:30,Falkenbergs,Goteborg,0,2,A,5.34,3.99,1.7,6,4,1.7,5.28,3.76,1.64,,,,,,
Sweden,Allsvenskan,2016,03/04/2016,16:30,Orebro,Djurgarden,0,2,A,2.8,3.39,2.68,2.93,3.45,2.9,2.7,3.22,2.59,,,,,,
Sweden,Allsvenskan,2016,04/04/2016,18:00,Hammarby,Ostersunds,1,1,D,1.88,3.66,4.55,1.88,3.85,4.8,1.81,3.53,4.37,,,,,,
Sweden,Allsvenskan,2016,06/04/2016,17:30,Goteborg,Hacken,1,0,H,1.74,3.85,5.29,1.85,4.1,5.5,1.72,3.72,4.69,,,,,,
Sweden,Allsvenskan,2016,06/04/2016,17:30,Jonkopings,Malmo FF,3,2,H,5.33,3.82,1.74,5.6,4.1,1.75,4.95,3.7,1.69,,,,,,
Sweden,Allsvenskan,2016,06/04/2016,17:30,Norrkoping,Kalmar,4,1,H,1.58,4.23,6.35,1.59,4.5,7,1.54,3.98,6.01,,,,,,
Sweden,Allsvenskan,2016,07/04/2016,18:00,Djurgarden,Falkenbergs,5,0,H,1.32,5.59,11.25,1.4,5.6,11.25,1.32,5.03,9.06,,,,,,
Sweden,Allsvenskan,2016,07/04/2016,18:00,Elfsborg,Hammarby,4,1,H,1.67,4.15,5.42,1.72,4.33,5.85,1.65,3.84,5.04,,,,,,
Sweden,Allsvenskan,2016,07/04/2016,18:00,Helsingborg,Orebro,1,3,A,2.2,3.59,3.36,2.26,3.59,3.5,2.17,3.36,3.22,,,,,,
Sweden,Allsvenskan,2016,07/04/2016,18:00,Ostersunds,AIK,0,2,A,2.67,3.3,2.87,2.85,3.38,2.93,2.58,3.16,2.75,,,,,,
Sweden,Allsvenskan,2016,07/04/2016,18:00,Sundsvall,Gefle,1,2,A,1.81,3.94,4.55,1.85,3.94,5.1,1.78,3.63,4.37,,,,,,
Sweden,Allsvenskan,2016,09/04/2016,15:00,Hacken,Norrkoping,1,2,A,2.39,3.55,3.08,2.39,3.65,3.11,2.31,3.4,2.93,,,,,,
Sweden,Allsvenskan,2016,10/04/2016,14:00,Gefle,Djurgarden,1,2,A,4.48,3.72,1.88,4.48,3.78,1.95,4.08,3.51,1.87,,,,,,
Sweden,Allsvenskan,2016,10/04/2016,14:00,Hammarby,Helsingborg,5,1,H,1.76,4.01,4.85,1.9,4.01,4.86,1.75,3.71,4.45,,,,,,
Sweden,Allsvenskan,2016,10/04/2016,16:30,Falkenbergs,Ostersunds,1,2,A,3.26,3.4,2.36,3.3,3.5,2.38,3.12,3.27,2.27,,,,,,
Sweden,Allsvenskan,2016,10/04/2016,16:30,Kalmar,Elfsborg,3,2,H,3.18,3.39,2.41,3.25,3.45,2.52,3.03,3.23,2.35,,,,,,
Sweden,Allsvenskan,2016,11/04/2016,18:00,AIK,Goteborg,3,3,D,2.73,3.22,2.87,2.79,3.3,2.87,2.62,3.13,2.74,,,,,,
Sweden,Allsvenskan,2016,11/04/2016,18:00,Malmo FF,Sundsvall,1,2,A,1.29,5.99,11.93,1.3,6.3,13,1.26,5.6,10.94,,,,,,
Sweden,Allsvenskan,2016,11/04/2016,18:00,Orebro,Jonkopings,2,1,H,1.92,3.63,4.39,2.02,3.68,4.5,1.89,3.49,4.01,,,,,,
Sweden,Allsvenskan,2016,15/04/2016,18:00,Ostersunds,Hacken,2,1,H,2.32,3.57,3.18,2.4,3.57,3.4,2.23,3.35,3.13,,,,,,
Sweden,Allsvenskan,2016,16/04/2016,15:00,Helsingborg,Falkenbergs,3,1,H,1.69,4.14,5.19,1.72,4.2,5.75,1.65,3.87,5.02,,,,,,
Sweden,Allsvenskan,2016,17/04/2016,14:00,Jonkopings,Gefle,1,0,H,1.82,3.75,4.77,1.95,3.84,5.1,1.8,3.54,4.39,,,,,,
Sweden,Allsvenskan,2016,17/04/2016,14:00,Norrkoping,AIK,4,1,H,2.43,3.44,3.1,2.43,3.66,3.3,2.29,3.36,3.02,,,,,,
Sweden,Allsvenskan,2016,17/04/2016,16:30,Goteborg,Kalmar,1,1,D,1.51,4.37,7.56,1.55,4.5,7.8,1.49,4.1,6.59,,,,,,
Sweden,Allsvenskan,2016,18/04/2016,18:00,Elfsborg,Malmo FF,0,1,A,3.11,3.58,2.36,3.14,3.62,2.65,2.87,3.37,2.38,,,,,,
Sweden,Allsvenskan,2016,18/04/2016,18:00,Sundsvall,Orebro,3,1,H,2.56,3.55,2.84,2.58,3.55,3.01,2.4,3.34,2.86,,,,,,
Sweden,Allsvenskan,2016,19/04/2016,18:00,Djurgarden,Hammarby,1,3,A,2.21,3.55,3.44,2.21,3.6,3.65,2.11,3.43,3.32,,,,,,
Sweden,Allsvenskan,2016,22/04/2016,18:00,Falkenbergs,Norrkoping,2,1,H,5.38,3.99,1.7,5.7,4.3,1.7,4.99,3.89,1.64,,,,,,
Sweden,Allsvenskan,2016,23/04/2016,15:00,Gefle,Ostersunds,0,0,D,3.61,3.59,2.13,3.75,3.65,2.4,3.33,3.39,2.13,,,,,,
Sweden,Allsvenskan,2016,23/04/2016,15:00,Hammarby,Jonkopings,1,1,D,1.66,4.07,5.68,1.7,4.1,5.75,1.63,3.84,5.25,,,,,,
Sweden,Allsvenskan,2016,24/04/2016,14:00,Hacken,Sundsvall,0,1,A,1.61,4.37,5.71,1.7,4.37,5.71,1.61,4.01,5.11,,,,,,
Sweden,Allsvenskan,2016,24/04/2016,14:00,Malmo FF,Djurgarden,1,0,H,1.74,3.93,5.14,1.77,4.1,5.14,1.7,3.75,4.76,,,,,,
Sweden,Allsvenskan,2016,24/04/2016,16:30,Orebro,Goteborg,3,2,H,3.39,3.58,2.22,3.4,3.6,2.3,3.16,3.39,2.19,,,,,,
Sweden,Allsvenskan,2016,25/04/2016,18:00,AIK,Elfsborg,2,1,H,2.06,3.76,3.66,2.22,3.76,3.66,2.08,3.54,3.3,,,,,,
Sweden,Allsvenskan,2016,25/04/2016,18:00,Kalmar,Helsingborg,2,3,A,1.85,3.78,4.58,1.97,3.78,4.58,1.86,3.52,4.07,,,,,,
Sweden,Allsvenskan,2016,26/04/2016,17:30,Norrkoping,Hammarby,3,1,H,1.96,3.69,4.12,2.11,3.7,4.16,1.97,3.5,3.69,,,,,,
Sweden,Allsvenskan,2016,27/04/2016,17:30,Goteborg,Malmo FF,0,3,A,2.22,3.49,3.48,2.4,3.58,3.48,2.19,3.32,3.25,,,,,,
Sweden,Allsvenskan,2016,27/04/2016,17:30,Jonkopings,Falkenbergs,1,1,D,1.7,3.93,5.44,1.82,4.1,5.44,1.73,3.74,4.58,,,,,,
Sweden,Allsvenskan,2016,27/04/2016,17:30,Ostersunds,Orebro,2,4,A,2.03,3.63,3.91,2.3,3.67,3.91,1.99,3.47,3.62,,,,,,
Sweden,Allsvenskan,2016,28/04/2016,18:00,Elfsborg,Djurgarden,3,0,H,2.27,3.58,3.26,2.41,3.6,3.52,2.18,3.4,3.19,,,,,,
Sweden,Allsvenskan,2016,28/04/2016,18:00,Hacken,Gefle,6,1,H,1.49,4.71,7.18,1.57,4.85,7.18,1.48,4.3,6.27,,,,,,
Sweden,Allsvenskan,2016,28/04/2016,18:00,Helsingborg,AIK,2,1,H,3,3.68,2.38,3,3.68,2.45,2.88,3.43,2.33,,,,,,
Sweden,Allsvenskan,2016,28/04/2016,18:00,Sundsvall,Kalmar,1,1,D,2.35,3.52,3.17,2.36,3.72,3.5,2.24,3.34,3.12,,,,,,
Sweden,Allsvenskan,2016,01/05/2016,14:00,Falkenbergs,Elfsborg,1,2,A,4.56,3.97,1.81,4.65,4.01,1.89,4.35,3.69,1.76,,,,,,
Sweden,Allsvenskan,2016,01/05/2016,16:30,Hammarby,Sundsvall,1,1,D,1.69,4.07,5.34,1.77,4.15,5.34,1.66,3.84,4.92,,,,,,
Sweden,Allsvenskan,2016,01/05/2016,16:30,Malmo FF,Hacken,3,0,H,1.51,4.63,6.78,1.56,4.65,6.9,1.5,4.22,6.1,,,,,,
Sweden,Allsvenskan,2016,02/05/2016,18:00,AIK,Jonkopings,0,0,D,1.58,4.34,6.22,1.61,4.34,6.22,1.57,3.99,5.61,,,,,,
Sweden,Allsvenskan,2016,02/05/2016,18:00,Djurgarden,Ostersunds,3,0,H,1.75,3.9,5.1,1.85,4,5.1,1.74,3.68,4.57,,,,,,
Sweden,Allsvenskan,2016,02/05/2016,18:00,Gefle,Goteborg,2,6,A,5.49,3.94,1.7,5.5,4.1,1.7,5.13,3.74,1.66,,,,,,
Sweden,Allsvenskan,2016,02/05/2016,18:00,Kalmar,Orebro,3,2,H,2.21,3.58,3.41,2.3,3.6,3.45,2.18,3.37,3.21,,,,,,
Sweden,Allsvenskan,2016,02/05/2016,18:00,Norrkoping,Helsingborg,3,0,H,1.39,5.41,8.34,1.5,5.41,8.34,1.38,4.9,7.28,,,,,,
Sweden,Allsvenskan,2016,07/05/2016,15:00,Elfsborg,Gefle,2,0,H,1.28,6.36,11.16,1.31,6.36,12,1.26,5.7,10.39,,,,,,
Sweden,Allsvenskan,2016,07/05/2016,15:00,Ostersunds,Kalmar,1,0,H,1.85,3.79,4.51,2,3.79,4.51,1.86,3.55,4.05,,,,,,
Sweden,Allsvenskan,2016,08/05/2016,14:00,Helsingborg,Malmo FF,2,1,H,4.58,3.95,1.81,4.95,3.95,1.82,4.49,3.66,1.76,,,,,,
Sweden,Allsvenskan,2016,08/05/2016,14:00,Jonkopings,Norrkoping,0,2,A,4.28,3.82,1.88,4.4,3.82,1.96,4,3.57,1.86,,,,,,
Sweden,Allsvenskan,2016,08/05/2016,16:30,Hacken,AIK,2,3,A,2.13,3.71,3.49,2.35,3.71,3.5,2.15,3.44,3.22,,,,,,
Sweden,Allsvenskan,2016,09/05/2016,18:00,Goteborg,Djurgarden,2,1,H,1.83,3.73,4.79,1.89,3.84,4.95,1.81,3.53,4.37,,,,,,
Sweden,Allsvenskan,2016,09/05/2016,18:00,Orebro,Hammarby,3,2,H,2.58,3.44,2.88,2.58,3.66,3.09,2.38,3.38,2.86,,,,,,
Sweden,Allsvenskan,2016,09/05/2016,18:00,Sundsvall,Falkenbergs,2,1,H,1.6,4.23,6.16,1.65,4.36,6.55,1.59,3.99,5.42,,,,,,
Sweden,Allsvenskan,2016,13/05/2016,18:15,Jonkopings,Helsingborg,1,1,D,2.17,3.62,3.47,2.25,3.65,3.5,2.13,3.42,3.29,,,,,,
Sweden,Allsvenskan,2016,14/05/2016,15:00,Kalmar,Hammarby,1,1,D,2.44,3.59,2.97,2.5,3.6,3.1,2.38,3.36,2.86,,,,,,
Sweden,Allsvenskan,2016,14/05/2016,15:00,Malmo FF,Gefle,3,0,H,1.23,6.73,15.48,1.23,8,18,1.2,6.4,13.54,,,,,,
Sweden,Allsvenskan,2016,15/05/2016,14:00,Norrkoping,Sundsvall,3,1,H,1.41,5.22,8.09,1.47,5.22,8.09,1.41,4.68,6.96,,,,,,
Sweden,Allsvenskan,2016,15/05/2016,14:00,Orebro,Elfsborg,1,0,H,2.98,3.84,2.33,3.1,3.84,2.43,2.94,3.51,2.27,,,,,,
Sweden,Allsvenskan,2016,15/05/2016,16:30,Falkenbergs,Hacken,1,4,A,4.53,4.02,1.8,4.92,4.12,1.8,4.38,3.68,1.77,,,,,,
Sweden,Allsvenskan,2016,15/05/2016,16:30,Ostersunds,Goteborg,2,0,H,3.7,3.62,2.09,3.9,3.72,2.11,3.54,3.46,2.03,,,,,,
Sweden,Allsvenskan,2016,16/05/2016,18:00,AIK,Djurgarden,2,0,H,2.22,3.37,3.6,2.25,3.58,3.68,2.16,3.33,3.29,,,,,,
Sweden,Allsvenskan,2016,18/05/2016,17:30,Hacken,Jonkopings,3,1,H,1.61,4.36,5.78,1.64,4.6,6.25,1.57,4.1,5.42,,,,,,
Sweden,Allsvenskan,2016,18/05/2016,17:30,Hammarby,Malmo FF,2,3,A,3,3.66,2.39,3.3,3.76,2.4,2.94,3.48,2.29,,,,,,
Sweden,Allsvenskan,2016,18/05/2016,17:30,Helsingborg,Ostersunds,1,1,D,2.62,3.35,2.9,2.62,3.6,2.97,2.45,3.28,2.82,,,,,,
Sweden,Allsvenskan,2016,18/05/2016,17:30,Sundsvall,Elfsborg,1,3,A,2.76,3.59,2.61,2.88,3.6,2.62,2.69,3.4,2.5,,,,,,
Sweden,Allsvenskan,2016,19/05/2016,18:00,Djurgarden,Kalmar,0,3,A,1.9,3.63,4.49,1.99,3.75,4.6,1.86,3.51,4.09,,,,,,
Sweden,Allsvenskan,2016,19/05/2016,18:00,Gefle,Orebro,0,4,A,3.5,3.81,2.1,4,3.82,2.1,3.45,3.57,2.01,,,,,,
Sweden,Allsvenskan,2016,19/05/2016,18:00,Goteborg,Norrkoping,1,1,D,2.19,3.57,3.47,2.3,3.63,3.52,2.15,3.41,3.23,,,,,,
Sweden,Allsvenskan,2016,20/05/2016,18:00,Falkenbergs,AIK,2,3,A,5.56,4.24,1.64,6.3,4.5,1.65,5.32,3.97,1.59,,,,,,
Sweden,Allsvenskan,2016,21/05/2016,15:00,Sundsvall,Ostersunds,5,0,H,2.71,3.41,2.76,2.71,3.56,2.82,2.58,3.28,2.66,,,,,,
Sweden,Allsvenskan,2016,22/05/2016,14:00,Kalmar,Hacken,1,1,D,2.48,3.56,2.94,2.49,3.56,3.06,2.42,3.37,2.81,,,,,,
Sweden,Allsvenskan,2016,22/05/2016,14:00,Orebro,Norrkoping,2,2,D,2.55,3.53,2.86,2.7,3.7,2.93,2.47,3.44,2.71,,,,,,
Sweden,Allsvenskan,2016,22/05/2016,16:30,Djurgarden,Helsingborg,3,0,H,1.52,4.64,6.61,1.62,4.64,6.61,1.55,4.15,5.59,,,,,,
Sweden,Allsvenskan,2016,22/05/2016,16:30,Elfsborg,Jonkopings,3,3,D,1.46,4.84,7.48,1.48,4.9,8.1,1.42,4.61,7.08,,,,,,
Sweden,Allsvenskan,2016,23/05/2016,18:00,Gefle,AIK,0,1,A,5.34,4.04,1.69,5.34,4.35,1.75,4.92,3.8,1.67,,,,,,
Sweden,Allsvenskan,2016,23/05/2016,18:00,Goteborg,Hammarby,2,1,H,1.68,4.07,5.39,1.7,4.33,5.6,1.64,3.93,4.89,,,,,,
Sweden,Allsvenskan,2016,23/05/2016,18:00,Malmo FF,Falkenbergs,2,0,H,1.2,7.62,17.34,1.2,7.8,19.5,1.18,6.85,14.26,,,,,,
Sweden,Allsvenskan,2016,28/05/2016,15:00,AIK,Orebro,0,0,D,2,3.87,3.76,2,3.98,3.83,1.94,3.63,3.6,,,,,,
Sweden,Allsvenskan,2016,28/05/2016,15:00,Jonkopings,Sundsvall,1,1,D,2.32,3.47,3.27,2.51,3.49,3.27,2.27,3.31,3.07,,,,,,
Sweden,Allsvenskan,2016,28/05/2016,15:00,Ostersunds,Malmo FF,1,4,A,3.33,3.54,2.26,3.45,3.9,2.28,3.23,3.35,2.18,,,,,,
Sweden,Allsvenskan,2016,29/05/2016,14:00,Falkenbergs,Kalmar,1,2,A,3.85,3.65,2.03,4.05,4.04,2.06,3.71,3.52,1.95,,,,,,
Sweden,Allsvenskan,2016,29/05/2016,14:00,Hammarby,Gefle,2,1,H,1.38,5.15,9.23,1.4,5.3,9.28,1.37,4.83,7.88,,,,,,
Sweden,Allsvenskan,2016,29/05/2016,14:00,Helsingborg,Goteborg,1,3,A,3.56,3.74,1.99,3.8,3.82,2.13,3.6,3.56,1.97,,,,,,
Sweden,Allsvenskan,2016,29/05/2016,16:30,Hacken,Djurgarden,3,1,H,2.26,3.65,3.24,2.27,3.65,3.56,2.16,3.42,3.2,,,,,,
Sweden,Allsvenskan,2016,29/05/2016,16:30,Norrkoping,Elfsborg,0,0,D,1.72,4.22,4.78,1.8,4.44,5.2,1.71,3.9,4.44,,,,,,
Sweden,Allsvenskan,2016,09/07/2016,15:00,Djurgarden,Norrkoping,0,1,A,2.5,3.46,2.97,2.55,3.55,3.04,2.42,3.34,2.85,,,,,,
Sweden,Allsvenskan,2016,09/07/2016,15:00,Gefle,Falkenbergs,1,2,A,2.03,3.61,3.92,2.04,3.96,4.26,1.93,3.52,3.8,,,,,,
Sweden,Allsvenskan,2016,09/07/2016,15:00,Hacken,Hammarby,4,2,H,1.84,4.06,4.24,1.89,4.2,4.33,1.8,3.83,4.03,,,,,,
Sweden,Allsvenskan,2016,10/07/2016,14:00,Goteborg,Sundsvall,4,1,H,1.38,5.24,9.29,1.41,5.4,9.71,1.36,4.85,8.13,,,,,,
Sweden,Allsvenskan,2016,10/07/2016,14:00,Ostersunds,Jonkopings,1,0,H,1.92,3.66,4.34,1.93,3.8,4.7,1.83,3.51,4.25,,,,,,
Sweden,Allsvenskan,2016,10/07/2016,16:30,Helsingborg,Elfsborg,2,4,A,3.01,3.78,2.34,3.1,3.78,2.47,2.89,3.49,2.3,,,,,,
Sweden,Allsvenskan,2016,10/07/2016,16:30,Kalmar,AIK,1,1,D,2.81,3.51,2.6,2.84,3.55,2.64,2.71,3.32,2.52,,,,,,
Sweden,Allsvenskan,2016,11/07/2016,18:00,Malmo FF,Orebro,1,0,H,1.44,5.19,7.18,1.45,5.3,8.5,1.4,4.84,7,,,,,,
Sweden,Allsvenskan,2016,16/07/2016,15:00,Norrkoping,Ostersunds,3,3,D,1.72,4.07,5.06,1.81,4.1,5.06,1.72,3.78,4.59,,,,,,
Sweden,Allsvenskan,2016,16/07/2016,15:00,Sundsvall,Helsingborg,0,2,A,1.99,3.7,3.95,2.01,3.92,4.2,1.93,3.6,3.71,,,,,,
Sweden,Allsvenskan,2016,17/07/2016,14:00,Elfsborg,Goteborg,1,1,D,2.61,3.35,2.91,2.65,3.52,2.93,2.47,3.33,2.79,,,,,,
Sweden,Allsvenskan,2016,17/07/2016,16:30,AIK,Malmo FF,1,1,D,2.89,3.29,2.67,2.98,3.37,2.7,2.82,3.19,2.52,,,,,,
Sweden,Allsvenskan,2016,17/07/2016,16:30,Hammarby,Falkenbergs,3,3,D,1.41,5.38,7.8,1.43,5.38,8.72,1.37,4.94,7.62,,,,,,
Sweden,Allsvenskan,2016,17/07/2016,16:30,Orebro,Hacken,0,0,D,2.44,3.68,2.91,2.48,3.68,3.08,2.34,3.49,2.85,,,,,,
Sweden,Allsvenskan,2016,18/07/2016,18:00,Gefle,Kalmar,4,2,H,3.77,3.46,2.12,3.77,3.64,2.2,3.53,3.39,2.05,,,,,,
Sweden,Allsvenskan,2016,18/07/2016,18:00,Jonkopings,Djurgarden,1,0,H,2.97,3.39,2.54,3.12,3.4,2.66,2.88,3.24,2.45,,,,,,
Sweden,Allsvenskan,2016,23/07/2016,15:00,Falkenbergs,Orebro,1,3,A,3.35,3.75,2.17,3.7,3.98,2.22,3.28,3.63,2.07,,,,,,
Sweden,Allsvenskan,2016,23/07/2016,15:00,Malmo FF,Kalmar,1,1,D,1.47,4.74,7.53,1.5,4.9,7.93,1.44,4.42,6.93,,,,,,
Sweden,Allsvenskan,2016,23/07/2016,15:00,Norrkoping,Gefle,2,0,H,1.31,6.07,10.12,1.35,6.07,10.4,1.31,5.47,8.59,,,,,,
Sweden,Allsvenskan,2016,24/07/2016,14:00,Hammarby,AIK,0,3,A,2.72,3.53,2.68,2.8,3.6,2.72,2.62,3.36,2.59,,,,,,
Sweden,Allsvenskan,2016,24/07/2016,16:30,Goteborg,Jonkopings,2,1,H,1.39,5.26,8.6,1.4,5.4,10.4,1.35,4.93,8.38,,,,,,
Sweden,Allsvenskan,2016,24/07/2016,16:30,Helsingborg,Hacken,0,2,A,3.01,3.61,2.41,3.01,3.77,2.47,2.85,3.5,2.34,,,,,,
Sweden,Allsvenskan,2016,25/07/2016,18:00,Djurgarden,Sundsvall,1,3,A,1.61,4.41,5.7,1.67,4.5,5.95,1.59,4.04,5.27,,,,,,
Sweden,Allsvenskan,2016,25/07/2016,18:00,Elfsborg,Ostersunds,3,1,H,1.78,3.97,4.79,1.83,4.1,4.85,1.74,3.84,4.35,,,,,,
Sweden,Allsvenskan,2016,30/07/2016,15:00,Gefle,Hammarby,0,2,A,3.66,3.82,2.04,3.75,3.82,2.2,3.39,3.55,2.06,,,,,,
Sweden,Allsvenskan,2016,30/07/2016,15:00,Ostersunds,Elfsborg,0,0,D,2.58,3.63,2.76,2.75,3.67,2.88,2.54,3.44,2.64,,,,,,
Sweden,Allsvenskan,2016,30/07/2016,15:00,Sundsvall,Norrkoping,1,2,A,3.17,3.76,2.25,3.39,3.76,2.36,3.09,3.55,2.18,,,,,,
Sweden,Allsvenskan,2016,31/07/2016,14:00,Jonkopings,Goteborg,1,1,D,4.5,3.82,1.85,4.5,4,2.02,4.16,3.64,1.83,,,,,,
Sweden,Allsvenskan,2016,31/07/2016,16:30,AIK,Falkenbergs,2,0,H,1.36,5.12,10.31,1.38,6,10.31,1.34,4.98,8.53,,,,,,
Sweden,Allsvenskan,2016,31/07/2016,16:30,Hacken,Helsingborg,1,1,D,1.53,4.68,6.41,1.56,4.76,6.5,1.51,4.33,5.89,,,,,,
Sweden,Allsvenskan,2016,01/08/2016,18:00,Kalmar,Djurgarden,2,1,H,2.32,3.41,3.31,2.36,3.45,3.6,2.2,3.29,3.25,,,,,,
Sweden,Allsvenskan,2016,01/08/2016,18:00,Orebro,Malmo FF,0,3,A,3.99,3.95,1.92,4.16,3.95,1.98,3.81,3.63,1.9,,,,,,
Sweden,Allsvenskan,2016,05/08/2016,18:30,Helsingborg,Gefle,2,3,A,1.71,4.23,4.91,1.77,4.25,5.3,1.69,3.87,4.68,,,,,,
Sweden,Allsvenskan,2016,06/08/2016,15:00,Falkenbergs,Jonkopings,0,5,A,2.89,3.48,2.55,2.94,3.55,2.6,2.79,3.35,2.45,,,,,,
Sweden,Allsvenskan,2016,06/08/2016,15:00,Ostersunds,Sundsvall,4,0,H,1.85,3.87,4.38,1.92,3.9,4.5,1.82,3.66,4.12,,,,,,
Sweden,Allsvenskan,2016,07/08/2016,12:00,Malmo FF,AIK,2,0,H,1.68,3.89,5.72,1.72,3.92,5.72,1.66,3.72,5.22,,,,,,
Sweden,Allsvenskan,2016,07/08/2016,14:30,Elfsborg,Hacken,2,4,A,2.25,3.73,3.2,2.25,3.78,3.76,2.12,3.52,3.24,,,,,,
Sweden,Allsvenskan,2016,07/08/2016,14:30,Hammarby,Kalmar,2,1,H,1.99,3.68,3.99,2.1,3.77,4.05,1.95,3.51,3.75,,,,,,
Sweden,Allsvenskan,2016,07/08/2016,14:30,Norrkoping,Orebro,3,1,H,1.53,4.77,6.15,1.57,4.77,6.54,1.51,4.35,5.82,,,,,,
Sweden,Allsvenskan,2016,08/08/2016,18:00,Djurgarden,Goteborg,3,1,H,2.94,3.47,2.52,3.1,3.47,2.58,2.83,3.29,2.45,,,,,,
Sweden,Allsvenskan,2016,10/08/2016,18:00,Norrkoping,Hacken,3,1,H,1.92,3.91,4.05,1.95,4.05,4.2,1.86,3.75,3.83,,,,,,
Sweden,Allsvenskan,2016,12/08/2016,18:00,Goteborg,Falkenbergs,2,0,H,1.23,7.07,13.93,1.24,8,15.35,1.21,6.62,12.05,,,,,,
Sweden,Allsvenskan,2016,13/08/2016,15:00,AIK,Helsingborg,2,1,H,1.5,4.76,6.83,1.5,4.95,7.4,1.46,4.46,6.48,,,,,,
Sweden,Allsvenskan,2016,13/08/2016,15:00,Gefle,Norrkoping,0,0,D,4.9,4.32,1.69,5.25,4.5,1.73,4.86,3.97,1.65,,,,,,
Sweden,Allsvenskan,2016,14/08/2016,14:00,Kalmar,Malmo FF,1,1,D,3.89,3.79,1.99,3.92,3.8,2.08,3.61,3.56,1.97,,,,,,
Sweden,Allsvenskan,2016,14/08/2016,16:30,Djurgarden,Elfsborg,2,2,D,2.13,3.74,3.46,2.13,3.77,3.98,2.04,3.56,3.41,,,,,,
Sweden,Allsvenskan,2016,14/08/2016,16:30,Hacken,Orebro,0,1,A,1.63,4.55,5.21,1.7,4.55,5.5,1.62,4.13,4.94,,,,,,
Sweden,Allsvenskan,2016,15/08/2016,18:00,Jonkopings,Ostersunds,1,1,D,2.82,3.39,2.67,2.84,3.45,2.93,2.66,3.24,2.64,,,,,,
Sweden,Allsvenskan,2016,15/08/2016,18:00,Sundsvall,Hammarby,0,0,D,3.17,3.54,2.34,3.17,3.67,2.42,2.93,3.45,2.31,,,,,,
Sweden,Allsvenskan,2016,20/08/2016,15:00,Helsingborg,Kalmar,0,1,A,2.51,3.57,2.89,2.51,3.67,3.02,2.43,3.4,2.79,,,,,,
Sweden,Allsvenskan,2016,20/08/2016,15:00,Ostersunds,Djurgarden,1,0,H,2.2,3.51,3.5,2.28,3.52,3.52,2.18,3.35,3.26,,,,,,
Sweden,Allsvenskan,2016,21/08/2016,14:00,Hammarby,Goteborg,2,0,H,2.59,3.52,2.82,2.87,3.56,2.9,2.53,3.35,2.7,,,,,,
Sweden,Allsvenskan,2016,21/08/2016,16:30,Falkenbergs,Gefle,1,1,D,2.43,3.55,3.02,2.47,3.67,3.12,2.31,3.41,2.96,,,,,,
Sweden,Allsvenskan,2016,21/08/2016,16:30,Orebro,AIK,0,2,A,2.93,3.56,2.48,3.05,3.65,2.48,2.87,3.4,2.37,,,,,,
Sweden,Allsvenskan,2016,22/08/2016,18:00,Elfsborg,Sundsvall,4,0,H,1.35,5.65,9.26,1.51,5.65,9.26,1.36,5.06,7.96,,,,,,
Sweden,Allsvenskan,2016,22/08/2016,18:00,Malmo FF,Jonkopings,4,1,H,1.32,5.7,10.82,1.32,6.3,12.88,1.27,5.54,10.23,,,,,,
Sweden,Allsvenskan,2016,27/08/2016,15:00,Djurgarden,Gefle,2,1,H,1.42,5.14,7.94,1.45,5.2,8.2,1.4,4.69,7.29,,,,,,
Sweden,Allsvenskan,2016,27/08/2016,15:00,Kalmar,Norrkoping,0,1,A,2.69,3.54,2.7,2.89,3.6,2.7,2.72,3.36,2.51,,,,,,
Sweden,Allsvenskan,2016,28/08/2016,14:00,AIK,Hammarby,0,0,D,2,3.64,4.02,2.03,3.75,4.3,1.91,3.54,3.85,,,,,,
Sweden,Allsvenskan,2016,28/08/2016,14:00,Hacken,Ostersunds,3,1,H,2.06,3.62,3.78,2.1,3.8,3.92,1.99,3.51,3.6,,,,,,
Sweden,Allsvenskan,2016,28/08/2016,14:00,Jonkopings,Elfsborg,1,0,H,3.56,3.83,2.07,3.65,3.83,2.17,3.34,3.54,2.07,,,,,,
Sweden,Allsvenskan,2016,28/08/2016,16:30,Goteborg,Helsingborg,2,0,H,1.62,4.37,5.63,1.66,4.4,5.95,1.57,4.05,5.51,,,,,,
Sweden,Allsvenskan,2016,28/08/2016,16:30,Orebro,Falkenbergs,3,2,H,1.47,5.06,6.9,1.5,5.06,7.7,1.43,4.61,6.66,,,,,,
Sweden,Allsvenskan,2016,28/08/2016,16:30,Sundsvall,Malmo FF,0,1,A,6.84,4.99,1.47,7,4.99,1.5,6.48,4.49,1.45,,,,,,
Sweden,Allsvenskan,2016,10/09/2016,15:00,Elfsborg,Kalmar,1,1,D,1.82,3.91,4.55,1.86,4,4.76,1.78,3.73,4.26,,,,,,
Sweden,Allsvenskan,2016,11/09/2016,14:00,Falkenbergs,Djurgarden,1,2,A,4.14,4.02,1.87,4.5,4.05,1.89,4.01,3.74,1.82,,,,,,
Sweden,Allsvenskan,2016,11/09/2016,14:00,Sundsvall,AIK,1,3,A,4.77,3.89,1.79,5.1,3.95,1.81,4.64,3.68,1.73,,,,,,
Sweden,Allsvenskan,2016,11/09/2016,16:30,Norrkoping,Jonkopings,5,1,H,1.51,4.68,6.68,1.54,4.8,7.13,1.49,4.36,6.2,,,,,,
Sweden,Allsvenskan,2016,11/09/2016,16:30,Ostersunds,Helsingborg,2,0,H,1.69,4.05,5.31,1.7,4.1,6,1.63,3.85,5.24,,,,,,
Sweden,Allsvenskan,2016,12/09/2016,18:00,Gefle,Hacken,2,2,D,4.48,4.14,1.79,4.75,4.2,1.8,4.32,3.82,1.75,,,,,,
Sweden,Allsvenskan,2016,12/09/2016,18:00,Hammarby,Orebro,1,1,D,1.9,3.91,4.11,1.94,3.95,4.35,1.85,3.69,3.94,,,,,,
Sweden,Allsvenskan,2016,12/09/2016,18:00,Malmo FF,Goteborg,3,1,H,1.84,3.73,4.67,1.92,3.75,5.1,1.81,3.48,4.42,,,,,,
Sweden,Allsvenskan,2016,16/09/2016,18:00,Jonkopings,Hammarby,0,1,A,2.94,3.44,2.53,3.16,3.5,2.55,2.89,3.3,2.4,,,,,,
Sweden,Allsvenskan,2016,16/09/2016,18:00,Orebro,Sundsvall,3,3,D,1.63,4.3,5.66,1.65,4.36,5.66,1.6,4.05,5.17,,,,,,
Sweden,Allsvenskan,2016,17/09/2016,15:00,Kalmar,Ostersunds,2,0,H,2.29,3.38,3.43,2.37,3.5,3.43,2.24,3.28,3.18,,,,,,
Sweden,Allsvenskan,2016,18/09/2016,14:00,AIK,Gefle,1,0,H,1.35,5.46,9.78,1.35,6.1,11.89,1.31,5.19,9.05,,,,,,
Sweden,Allsvenskan,2016,18/09/2016,14:00,Elfsborg,Falkenbergs,5,0,H,1.31,6.18,10,1.33,6.5,12.5,1.28,5.76,9.47,,,,,,
Sweden,Allsvenskan,2016,18/09/2016,14:00,Helsingborg,Norrkoping,1,2,A,3.96,3.71,1.99,3.96,3.86,2.05,3.6,3.59,1.96,,,,,,
Sweden,Allsvenskan,2016,18/09/2016,16:30,Djurgarden,Malmo FF,3,1,H,2.93,3.53,2.49,3.22,3.64,2.54,2.89,3.34,2.37,,,,,,
Sweden,Allsvenskan,2016,19/09/2016,18:00,Hacken,Goteborg,2,2,D,2.39,3.69,2.99,2.4,3.82,3.15,2.29,3.49,2.92,,,,,,
Sweden,Allsvenskan,2016,21/09/2016,18:00,Djurgarden,AIK,0,3,A,2.56,3.39,2.95,2.6,3.4,3.12,2.44,3.22,2.9,,,,,,
Sweden,Allsvenskan,2016,21/09/2016,18:00,Gefle,Jonkopings,0,1,A,2.5,3.41,3.02,2.6,3.47,3.1,2.45,3.27,2.84,,,,,,
Sweden,Allsvenskan,2016,21/09/2016,18:00,Helsingborg,Sundsvall,2,1,H,1.8,3.89,4.69,1.9,3.92,4.69,1.79,3.67,4.26,,,,,,
Sweden,Allsvenskan,2016,21/09/2016,18:00,Kalmar,Falkenbergs,3,0,H,1.41,5.28,8,1.44,5.3,8.52,1.38,4.81,7.47,,,,,,
Sweden,Allsvenskan,2016,21/09/2016,18:00,Ostersunds,Norrkoping,0,2,A,2.48,3.41,3.04,2.58,3.5,3.12,2.4,3.3,2.88,,,,,,
Sweden,Allsvenskan,2016,22/09/2016,18:00,Goteborg,Orebro,3,2,H,1.66,4.13,5.51,1.69,4.35,5.51,1.64,3.96,4.9,,,,,,
Sweden,Allsvenskan,2016,22/09/2016,18:00,Hammarby,Hacken,2,3,A,2.43,3.69,2.92,2.45,3.69,3.2,2.32,3.47,2.88,,,,,,
Sweden,Allsvenskan,2016,22/09/2016,18:00,Malmo FF,Elfsborg,1,0,H,1.57,4.4,6.18,1.6,4.6,6.8,1.56,4.09,5.52,,,,,,
Sweden,Allsvenskan,2016,24/09/2016,15:00,Jonkopings,Kalmar,0,1,A,2.85,3.37,2.65,2.9,3.42,2.66,2.7,3.28,2.54,,,,,,
Sweden,Allsvenskan,2016,25/09/2016,14:00,Elfsborg,AIK,2,2,D,2.53,3.51,2.9,2.54,3.62,3.06,2.44,3.36,2.79,,,,,,
Sweden,Allsvenskan,2016,25/09/2016,16:30,Malmo FF,Helsingborg,2,0,H,1.34,5.38,10.6,1.34,5.9,10.9,1.31,5.25,8.84,,,,,,
Sweden,Allsvenskan,2016,26/09/2016,18:00,Falkenbergs,Hammarby,0,2,A,4.76,4.36,1.71,5.1,4.45,1.76,4.61,4.01,1.67,,,,,,
Sweden,Allsvenskan,2016,26/09/2016,18:00,Goteborg,Ostersunds,2,0,H,1.74,3.9,5.18,1.84,4,5.4,1.71,3.68,4.73,,,,,,
Sweden,Allsvenskan,2016,26/09/2016,18:00,Norrkoping,Djurgarden,1,3,A,1.66,4.06,5.67,1.68,4.25,6,1.6,3.87,5.42,,,,,,
Sweden,Allsvenskan,2016,26/09/2016,18:00,Orebro,Gefle,2,2,D,1.56,4.6,5.91,1.59,4.65,6.5,1.52,4.32,5.61,,,,,,
Sweden,Allsvenskan,2016,26/09/2016,18:00,Sundsvall,Hacken,0,0,D,4.61,4.32,1.74,4.66,4.36,1.9,4.34,4,1.71,,,,,,
Sweden,Allsvenskan,2016,30/09/2016,18:00,Helsingborg,Hammarby,0,1,A,2.56,3.42,2.92,2.72,3.5,2.94,2.52,3.27,2.75,,,,,,
Sweden,Allsvenskan,2016,01/10/2016,13:00,Sundsvall,Jonkopings,3,1,H,2.56,3.34,2.99,2.56,3.42,3.1,2.42,3.2,2.93,,,,,,
Sweden,Allsvenskan,2016,01/10/2016,15:00,Hacken,Malmo FF,2,4,A,2.59,3.52,2.82,2.62,3.6,3.1,2.41,3.37,2.83,,,,,,
Sweden,Allsvenskan,2016,01/10/2016,15:00,Ostersunds,Falkenbergs,6,1,H,1.32,6.09,9.85,1.32,6.09,11.89,1.29,5.39,9.47,,,,,,
Sweden,Allsvenskan,2016,02/10/2016,14:00,Gefle,Elfsborg,2,2,D,4.05,4.06,1.88,4.65,4.2,1.88,4.13,3.78,1.78,,,,,,
Sweden,Allsvenskan,2016,02/10/2016,14:00,Kalmar,Goteborg,4,2,H,2.69,3.41,2.78,2.8,3.42,2.78,2.65,3.22,2.63,,,,,,
Sweden,Allsvenskan,2016,02/10/2016,16:30,AIK,Norrkoping,6,0,H,1.92,3.77,4.16,1.95,3.9,4.66,1.83,3.6,4.12,,,,,,
Sweden,Allsvenskan,2016,02/10/2016,16:30,Djurgarden,Orebro,3,2,H,1.59,4.64,5.55,1.65,4.64,6.25,1.56,4.22,5.3,,,,,,
Sweden,Allsvenskan,2016,15/10/2016,15:00,Falkenbergs,Sundsvall,1,1,D,3.33,3.91,2.13,3.7,3.91,2.16,3.36,3.61,2.03,,,,,,
Sweden,Allsvenskan,2016,16/10/2016,14:00,AIK,Ostersunds,2,0,H,1.45,4.88,7.55,1.45,5.1,9.31,1.39,4.54,7.76,,,,,,
Sweden,Allsvenskan,2016,16/10/2016,14:00,Norrkoping,Malmo FF,1,2,A,2.62,3.71,2.67,2.8,3.71,2.76,2.59,3.39,2.61,,,,,,
Sweden,Allsvenskan,2016,16/10/2016,14:00,Orebro,Kalmar,2,1,H,2.47,3.66,2.88,2.6,3.75,2.96,2.39,3.47,2.78,,,,,,
Sweden,Allsvenskan,2016,16/10/2016,16:30,Elfsborg,Helsingborg,1,0,H,1.62,4.49,5.46,1.62,4.5,6.4,1.56,4.2,5.41,,,,,,
Sweden,Allsvenskan,2016,16/10/2016,16:30,Jonkopings,Hacken,1,1,D,3.77,3.87,1.99,3.88,3.87,2.11,3.57,3.57,1.98,,,,,,
Sweden,Allsvenskan,2016,17/10/2016,18:00,Goteborg,Gefle,3,3,D,1.34,6.2,8.5,1.34,6.25,12,1.3,5.54,8.98,,,,,,
Sweden,Allsvenskan,2016,17/10/2016,18:00,Hammarby,Djurgarden,4,2,H,3.03,3.5,2.44,3.03,3.6,2.61,2.83,3.37,2.4,,,,,,
Sweden,Allsvenskan,2016,21/10/2016,18:00,Gefle,Sundsvall,1,1,D,1.98,3.9,3.79,2.1,3.97,4,1.97,3.57,3.61,,,,,,
Sweden,Allsvenskan,2016,22/10/2016,15:00,Malmo FF,Ostersunds,0,3,A,1.39,5.28,8.56,1.41,5.4,9.91,1.36,4.87,7.86,,,,,,
Sweden,Allsvenskan,2016,23/10/2016,14:00,Norrkoping,Falkenbergs,2,1,H,1.19,8.5,15.6,1.2,8.72,19.81,1.15,7.57,15.28,,,,,,
Sweden,Allsvenskan,2016,23/10/2016,14:00,Orebro,Helsingborg,0,0,D,2,3.95,3.66,2.01,3.95,3.87,1.94,3.68,3.58,,,,,,
Sweden,Allsvenskan,2016,23/10/2016,16:30,Hacken,Kalmar,2,3,A,1.79,4.12,4.49,1.82,4.16,4.49,1.77,3.84,4.16,,,,,,
Sweden,Allsvenskan,2016,23/10/2016,16:30,Hammarby,Elfsborg,2,4,A,2.46,3.65,2.9,2.58,3.67,2.93,2.41,3.45,2.77,,,,,,
Sweden,Allsvenskan,2016,24/10/2016,18:00,Djurgarden,Jonkopings,0,2,A,1.79,3.94,4.71,1.82,4.1,6,1.71,3.84,4.53,,,,,,
Sweden,Allsvenskan,2016,24/10/2016,18:00,Goteborg,AIK,1,0,H,2.71,3.46,2.72,2.8,3.57,2.72,2.65,3.3,2.58,,,,,,
Sweden,Allsvenskan,2016,26/10/2016,18:00,Elfsborg,Norrkoping,2,1,H,2.19,3.81,3.28,2.4,3.82,3.28,2.25,3.53,2.95,,,,,,
Sweden,Allsvenskan,2016,26/10/2016,18:00,Falkenbergs,Malmo FF,0,3,A,10.07,6.34,1.3,13,7.5,1.3,10.53,6.01,1.25,,,,,,
Sweden,Allsvenskan,2016,26/10/2016,18:00,Kalmar,Gefle,0,1,A,1.58,4.55,5.71,1.65,4.56,5.75,1.6,4.11,5.1,,,,,,
Sweden,Allsvenskan,2016,26/10/2016,18:00,Ostersunds,Hammarby,2,0,H,1.96,3.82,3.96,2.15,3.82,4.05,1.93,3.61,3.68,,,,,,
Sweden,Allsvenskan,2016,27/10/2016,18:00,AIK,Hacken,2,1,H,1.66,4.37,5.12,1.69,4.65,6,1.61,4.07,5.06,,,,,,
Sweden,Allsvenskan,2016,27/10/2016,18:00,Helsingborg,Djurgarden,1,2,A,2.08,3.72,3.64,2.35,3.82,3.64,2.16,3.48,3.16,,,,,,
Sweden,Allsvenskan,2016,27/10/2016,18:00,Jonkopings,Orebro,1,1,D,2.49,3.56,2.89,2.5,3.77,2.97,2.4,3.43,2.78,,,,,,
Sweden,Allsvenskan,2016,27/10/2016,18:00,Sundsvall,Goteborg,1,3,A,4.67,4.18,1.75,4.75,4.25,1.9,4.16,3.85,1.77,,,,,,
Sweden,Allsvenskan,2016,30/10/2016,14:00,Hammarby,Norrkoping,1,1,D,2.77,3.83,2.48,2.86,3.83,2.62,2.72,3.48,2.43,,,,,,
Sweden,Allsvenskan,2016,30/10/2016,14:00,Kalmar,Sundsvall,2,0,H,1.52,4.81,6.23,1.56,4.81,6.6,1.5,4.34,5.95,,,,,,
Sweden,Allsvenskan,2016,30/10/2016,16:30,Falkenbergs,Helsingborg,1,4,A,6.51,4.88,1.5,6.74,4.9,1.53,6.02,4.45,1.48,,,,,,
Sweden,Allsvenskan,2016,30/10/2016,16:30,Gefle,Malmo FF,1,0,H,3.13,4.07,2.17,3.2,4.07,2.38,2.95,3.65,2.21,,,,,,
Sweden,Allsvenskan,2016,31/10/2016,18:00,Djurgarden,Hacken,1,0,H,2.76,3.65,2.57,2.95,3.67,2.8,2.6,3.42,2.57,,,,,,
Sweden,Allsvenskan,2016,31/10/2016,18:00,Goteborg,Elfsborg,2,2,D,2.15,3.69,3.46,2.18,3.87,3.6,2.09,3.54,3.28,,,,,,
Sweden,Allsvenskan,2016,31/10/2016,18:00,Jonkopings,AIK,0,0,D,6.08,4.21,1.61,6.4,4.25,1.65,5.67,3.93,1.58,,,,,,
Sweden,Allsvenskan,2016,31/10/2016,18:00,Orebro,Ostersunds,1,5,A,2.8,3.6,2.56,2.96,3.6,2.7,2.69,3.41,2.49,,,,,,
Sweden,Allsvenskan,2016,06/11/2016,14:00,AIK,Kalmar,3,1,H,1.54,4.57,6.41,1.6,4.57,6.41,1.53,4.19,5.7,,,,,,
Sweden,Allsvenskan,2016,06/11/2016,14:00,Elfsborg,Orebro,2,1,H,1.54,5.02,5.71,1.55,5.02,6.4,1.5,4.57,5.52,,,,,,
Sweden,Allsvenskan,2016,06/11/2016,14:00,Hacken,Falkenbergs,7,0,H,1.21,7.9,13.88,1.22,8,17.33,1.18,7.18,12.8,,,,,,
Sweden,Allsvenskan,2016,06/11/2016,14:00,Helsingborg,Jonkopings,2,0,H,1.64,4.27,5.54,1.65,4.5,6,1.57,4.03,5.42,,,,,,
Sweden,Allsvenskan,2016,06/11/2016,14:00,Malmo FF,Hammarby,3,0,H,1.5,4.78,6.73,1.53,4.8,6.94,1.48,4.4,6.07,,,,,,
Sweden,Allsvenskan,2016,06/11/2016,14:00,Norrkoping,Goteborg,3,1,H,1.74,4.29,4.65,1.82,4.3,4.65,1.72,3.99,4.27,,,,,,
Sweden,Allsvenskan,2016,06/11/2016,14:00,Ostersunds,Gefle,2,4,A,1.7,4.23,4.99,1.75,4.38,5,1.65,4.03,4.65,,,,,,
Sweden,Allsvenskan,2016,06/11/2016,14:00,Sundsvall,Djurgarden,2,5,A,3.49,3.85,2.09,3.6,3.85,2.14,3.32,3.6,2.04,,,,,,
Sweden,Allsvenskan,2016,17/11/2016,17:30,Halmstad,Helsingborg,1,1,D,3.16,3.36,2.43,3.26,3.42,2.47,2.97,3.22,2.36,,,,,,
Sweden,Allsvenskan,2016,20/11/2016,12:30,Helsingborg,Halmstad,1,2,A,1.67,3.94,5.84,1.74,3.94,5.84,1.66,3.7,5.12,,,,,,
Sweden,Allsvenskan,2017,01/04/2017,12:00,Goteborg,Malmo FF,1,1,D,3.13,3.47,2.4,3.13,3.47,2.6,2.93,3.23,2.41,,,,,,
Sweden,Allsvenskan,2017,01/04/2017,15:00,Halmstad,Ostersunds,1,0,H,4.07,3.66,1.98,4.26,3.88,2,3.89,3.53,1.9,,,,,,
Sweden,Allsvenskan,2017,02/04/2017,14:00,AIK,Hacken,0,0,D,2,3.31,4.5,2.01,3.6,4.5,1.95,3.33,3.97,,,,,,
Sweden,Allsvenskan,2017,02/04/2017,14:00,Sundsvall,AFC Eskilstuna,3,1,H,2.4,3.45,3.15,2.4,3.51,3.22,2.28,3.32,3.09,,,,,,
Sweden,Allsvenskan,2017,02/04/2017,16:30,Norrkoping,Hammarby,2,1,H,1.65,4.18,5.61,1.69,4.34,5.7,1.61,3.99,5.12,,,,,,
Sweden,Allsvenskan,2017,03/04/2017,18:00,Djurgarden,Sirius,0,2,A,1.81,3.66,4.97,1.86,3.7,5.1,1.77,3.54,4.58,,,,,,
Sweden,Allsvenskan,2017,03/04/2017,18:00,Kalmar,Elfsborg,1,5,A,2.49,3.34,3.09,2.55,3.37,3.09,2.44,3.18,2.93,,,,,,
Sweden,Allsvenskan,2017,03/04/2017,18:00,Orebro,Jonkopings,2,1,H,2.02,3.49,4.1,2.05,3.86,4.25,1.94,3.46,3.83,,,,,,
Sweden,Allsvenskan,2017,08/04/2017,15:00,AFC Eskilstuna,Orebro,2,2,D,2.97,3.49,2.49,2.97,3.52,2.6,2.81,3.31,2.46,,,,,,
Sweden,Allsvenskan,2017,09/04/2017,14:00,Hammarby,Kalmar,1,1,D,2.16,3.47,3.65,2.22,3.68,3.75,2.11,3.38,3.38,,,,,,
Sweden,Allsvenskan,2017,09/04/2017,14:00,Ostersunds,Norrkoping,1,0,H,2.39,3.44,3.17,2.55,3.52,3.34,2.28,3.32,3.07,,,,,,
Sweden,Allsvenskan,2017,09/04/2017,16:30,Hacken,Djurgarden,0,0,D,2.17,3.49,3.6,2.22,3.75,4.05,2.08,3.4,3.46,,,,,,
Sweden,Allsvenskan,2017,09/04/2017,16:30,Jonkopings,Halmstad,2,2,D,1.83,3.47,5.24,1.88,3.66,5.24,1.81,3.41,4.58,,,,,,
Sweden,Allsvenskan,2017,09/04/2017,16:30,Sirius,Goteborg,0,2,A,2.98,3.2,2.65,3.1,3.3,2.68,2.86,3.14,2.52,,,,,,
Sweden,Allsvenskan,2017,10/04/2017,18:00,Elfsborg,AIK,1,2,A,2.49,3.31,3.12,2.49,3.45,3.18,2.4,3.25,2.93,,,,,,
Sweden,Allsvenskan,2017,11/04/2017,17:30,Malmo FF,Sundsvall,2,0,H,1.25,6.59,13.23,1.27,6.6,15,1.22,6.1,11.74,,,,,,
Sweden,Allsvenskan,2017,16/04/2017,14:00,Halmstad,Malmo FF,0,3,A,6.71,4.76,1.5,7.5,5,1.53,6.86,4.3,1.45,,,,,,
Sweden,Allsvenskan,2017,16/04/2017,14:00,Orebro,Ostersunds,2,1,H,3.44,3.59,2.2,3.6,3.62,2.4,3.25,3.4,2.16,,,,,,
Sweden,Allsvenskan,2017,16/04/2017,16:30,Djurgarden,Elfsborg,3,0,H,1.96,3.78,4,2.26,3.78,4.2,1.96,3.51,3.74,,,,,,
Sweden,Allsvenskan,2017,16/04/2017,16:30,Sundsvall,Hacken,1,2,A,4.38,3.68,1.91,4.75,3.68,1.99,4.16,3.47,1.86,,,,,,
Sweden,Allsvenskan,2017,17/04/2017,14:00,AIK,Hammarby,1,2,A,1.81,3.59,5.18,1.83,3.8,5.5,1.76,3.51,4.71,,,,,,
Sweden,Allsvenskan,2017,17/04/2017,14:00,Kalmar,Jonkopings,1,3,A,1.98,3.55,4.19,2,3.6,4.45,1.92,3.35,4.07,,,,,,
Sweden,Allsvenskan,2017,17/04/2017,16:30,Goteborg,AFC Eskilstuna,1,1,D,1.29,6.01,12.24,1.35,6.3,12.5,1.27,5.59,10.48,,,,,,
Sweden,Allsvenskan,2017,17/04/2017,16:30,Norrkoping,Sirius,0,2,A,1.62,4.28,5.77,1.63,4.3,6.3,1.58,4.08,5.39,,,,,,
Sweden,Allsvenskan,2017,20/04/2017,17:30,Elfsborg,Orebro,3,0,H,1.71,4.22,4.94,1.78,4.22,5,1.69,3.99,4.51,,,,,,
Sweden,Allsvenskan,2017,22/04/2017,15:00,Jonkopings,AIK,2,1,H,3.65,3.16,2.3,3.65,3.34,2.3,3.47,3.08,2.2,,,,,,
Sweden,Allsvenskan,2017,23/04/2017,14:00,Hacken,Norrkoping,1,2,A,2.04,3.83,3.66,2.04,3.85,4,1.96,3.66,3.53,,,,,,
Sweden,Allsvenskan,2017,23/04/2017,14:00,Hammarby,Sundsvall,0,0,D,1.61,4.42,5.59,1.7,4.42,6,1.58,4.09,5.38,,,,,,
Sweden,Allsvenskan,2017,23/04/2017,16:30,AFC Eskilstuna,Halmstad,0,0,D,2.11,3.66,3.6,2.17,3.66,3.7,2.08,3.4,3.45,,,,,,
Sweden,Allsvenskan,2017,23/04/2017,16:30,Ostersunds,Goteborg,1,1,D,2.09,3.54,3.79,2.11,3.66,3.79,2.04,3.44,3.51,,,,,,
Sweden,Allsvenskan,2017,24/04/2017,18:00,Malmo FF,Djurgarden,3,2,H,1.76,3.7,5.37,1.8,3.88,5.8,1.73,3.62,4.79,,,,,,
Sweden,Allsvenskan,2017,24/04/2017,18:00,Sirius,Kalmar,3,0,H,2.38,3.45,3.18,2.42,3.45,3.4,2.29,3.29,3.08,,,,,,
Sweden,Allsvenskan,2017,26/04/2017,18:00,AFC Eskilstuna,Ostersunds,1,3,A,4.64,3.99,1.79,4.75,4.05,1.84,4.42,3.66,1.77,,,,,,
Sweden,Allsvenskan,2017,26/04/2017,18:00,Goteborg,Hammarby,1,1,D,1.66,4.06,5.72,1.72,4.1,5.8,1.65,3.76,5.23,,,,,,
Sweden,Allsvenskan,2017,26/04/2017,18:00,Orebro,Hacken,0,0,D,2.92,3.6,2.47,3.1,3.6,2.58,2.85,3.39,2.38,,,,,,
Sweden,Allsvenskan,2017,26/04/2017,18:00,Sundsvall,Elfsborg,1,1,D,3.89,3.94,1.94,4.2,3.95,1.96,3.83,3.67,1.88,,,,,,
Sweden,Allsvenskan,2017,27/04/2017,18:00,AIK,Sirius,1,0,H,1.83,3.62,4.91,1.95,3.7,5,1.8,3.51,4.46,,,,,,
Sweden,Allsvenskan,2017,27/04/2017,18:00,Halmstad,Djurgarden,0,1,A,5.48,3.84,1.72,5.48,4.15,1.79,4.91,3.69,1.7,,,,,,
Sweden,Allsvenskan,2017,27/04/2017,18:00,Kalmar,Malmo FF,0,0,D,5.94,4.02,1.65,6.25,4.05,1.66,5.67,3.8,1.6,,,,,,
Sweden,Allsvenskan,2017,27/04/2017,18:00,Norrkoping,Jonkopings,3,0,H,1.6,4.21,6.15,1.63,4.21,6.6,1.58,3.95,5.67,,,,,,
Sweden,Allsvenskan,2017,29/04/2017,15:00,Hammarby,AFC Eskilstuna,4,0,H,1.56,4.31,6.49,1.57,4.7,7.25,1.52,4.12,6.09,,,,,,
Sweden,Allsvenskan,2017,30/04/2017,14:00,AIK,Sundsvall,0,0,D,1.33,5.47,10.87,1.37,5.47,12,1.32,4.99,9.69,,,,,,
Sweden,Allsvenskan,2017,01/05/2017,14:00,Kalmar,Halmstad,2,0,H,2,3.39,4.34,2.02,3.55,4.45,1.93,3.35,4.03,,,,,,
Sweden,Allsvenskan,2017,01/05/2017,14:00,Malmo FF,Orebro,2,1,H,1.31,5.8,11.06,1.33,5.9,11.92,1.3,5.38,9.51,,,,,,
Sweden,Allsvenskan,2017,01/05/2017,16:30,Djurgarden,Norrkoping,3,3,D,2.21,3.76,3.25,2.27,3.76,3.45,2.14,3.54,3.16,,,,,,
Sweden,Allsvenskan,2017,01/05/2017,16:30,Sirius,Jonkopings,1,1,D,2.04,3.58,3.9,2.11,3.7,4.15,1.99,3.39,3.76,,,,,,
Sweden,Allsvenskan,2017,02/05/2017,17:30,Elfsborg,Ostersunds,4,4,D,2.49,3.45,2.99,2.54,3.62,3.04,2.41,3.38,2.81,,,,,,
Sweden,Allsvenskan,2017,02/05/2017,17:30,Hacken,Goteborg,4,0,H,2.27,3.48,3.36,2.32,3.5,3.37,2.23,3.34,3.15,,,,,,
Sweden,Allsvenskan,2017,05/05/2017,18:00,Hacken,Sirius,2,2,D,1.83,3.83,4.62,1.84,3.95,4.8,1.78,3.73,4.3,,,,,,
Sweden,Allsvenskan,2017,06/05/2017,15:00,Halmstad,AIK,0,1,A,4.95,3.57,1.84,5.15,3.7,1.88,4.72,3.38,1.8,,,,,,
Sweden,Allsvenskan,2017,07/05/2017,14:00,Goteborg,Kalmar,3,0,H,1.55,4.24,6.93,1.64,4.24,7,1.54,3.93,6.28,,,,,,
Sweden,Allsvenskan,2017,07/05/2017,14:00,Ostersunds,Hammarby,2,1,H,1.81,3.84,4.76,1.82,3.96,5.35,1.75,3.67,4.53,,,,,,
Sweden,Allsvenskan,2017,07/05/2017,16:30,Jonkopings,AFC Eskilstuna,1,0,H,1.69,3.82,5.78,1.75,3.9,6,1.67,3.62,5.33,,,,,,
Sweden,Allsvenskan,2017,07/05/2017,16:30,Orebro,Djurgarden,0,4,A,3.38,3.61,2.21,3.46,3.62,2.26,3.21,3.46,2.15,,,,,,
Sweden,Allsvenskan,2017,08/05/2017,18:00,Elfsborg,Malmo FF,1,2,A,3.61,3.73,2.08,3.68,3.8,2.13,3.35,3.55,2.06,,,,,,
Sweden,Allsvenskan,2017,08/05/2017,18:00,Norrkoping,Sundsvall,0,0,D,1.36,5.72,8.75,1.4,5.8,10,1.33,5.2,8.53,,,,,,
Sweden,Allsvenskan,2017,12/05/2017,18:00,AFC Eskilstuna,Norrkoping,1,2,A,5.67,4.5,1.6,6,4.7,1.6,5.36,4.24,1.56,,,,,,
Sweden,Allsvenskan,2017,13/05/2017,15:00,AIK,Orebro,1,0,H,1.51,4.37,7.56,1.53,4.45,8.2,1.47,4.1,7.13,,,,,,
Sweden,Allsvenskan,2017,13/05/2017,15:00,Kalmar,Hacken,0,1,A,3.56,3.57,2.16,3.56,3.6,2.21,3.36,3.4,2.11,,,,,,
Sweden,Allsvenskan,2017,14/05/2017,14:00,Halmstad,Hammarby,1,2,A,2.96,3.38,2.56,3.1,3.38,2.58,2.86,3.23,2.45,,,,,,
Sweden,Allsvenskan,2017,14/05/2017,14:00,Sundsvall,Jonkopings,0,0,D,3.03,3.26,2.57,3.2,3.4,2.57,2.98,3.17,2.4,,,,,,
Sweden,Allsvenskan,2017,14/05/2017,16:30,Malmo FF,Ostersunds,2,1,H,1.75,3.71,5.51,1.76,4.05,5.6,1.7,3.67,4.97,,,,,,
Sweden,Allsvenskan,2017,14/05/2017,16:30,Sirius,Elfsborg,4,1,H,2.23,3.72,3.24,2.4,3.8,3.35,2.19,3.48,3.1,,,,,,
Sweden,Allsvenskan,2017,15/05/2017,18:00,Djurgarden,Goteborg,1,0,H,2.08,3.62,3.73,2.1,3.7,3.75,2.03,3.44,3.51,,,,,,
Sweden,Allsvenskan,2017,16/05/2017,18:00,Norrkoping,Kalmar,2,0,H,1.38,5.54,8.34,1.42,5.7,9.05,1.35,5.07,7.84,,,,,,
Sweden,Allsvenskan,2017,17/05/2017,18:00,Hacken,Halmstad,2,1,H,1.38,5.45,8.62,1.41,5.46,8.95,1.35,5.02,7.99,,,,,,
Sweden,Allsvenskan,2017,17/05/2017,18:00,Hammarby,Malmo FF,1,1,D,3.61,3.61,2.12,3.7,3.61,2.21,3.42,3.44,2.07,,,,,,
Sweden,Allsvenskan,2017,17/05/2017,18:00,Orebro,Sundsvall,0,2,A,1.88,3.8,4.3,1.94,3.8,5.05,1.83,3.57,4.2,,,,,,
Sweden,Allsvenskan,2017,17/05/2017,18:00,Ostersunds,Sirius,0,0,D,1.78,3.98,4.69,1.84,3.98,4.75,1.75,3.75,4.38,,,,,,
Sweden,Allsvenskan,2017,18/05/2017,18:00,Elfsborg,AFC Eskilstuna,2,1,H,1.37,5.73,8.28,1.43,5.73,8.6,1.35,5.22,7.6,,,,,,
Sweden,Allsvenskan,2017,18/05/2017,18:00,Jonkopings,Djurgarden,1,1,D,3.42,3.25,2.35,3.5,3.4,2.46,3.22,3.12,2.3,,,,,,
Sweden,Allsvenskan,2017,20/05/2017,15:00,Ostersunds,Kalmar,2,1,H,1.37,5.33,9.48,1.4,5.5,9.55,1.35,4.94,8.39,,,,,,
Sweden,Allsvenskan,2017,20/05/2017,17:00,Halmstad,Orebro,0,0,D,2.23,3.5,3.44,2.38,3.5,3.44,2.24,3.33,3.14,,,,,,
Sweden,Allsvenskan,2017,21/05/2017,14:00,AFC Eskilstuna,Hacken,0,0,D,5.81,4.43,1.6,6.4,4.64,1.6,5.68,4.15,1.54,,,,,,
Sweden,Allsvenskan,2017,21/05/2017,14:00,Sirius,Hammarby,1,1,D,2.23,3.44,3.51,2.23,3.66,3.7,2.09,3.35,3.45,,,,,,
Sweden,Allsvenskan,2017,21/05/2017,16:30,Malmo FF,Norrkoping,1,2,A,1.71,4.15,5,1.74,4.25,5.6,1.68,3.93,4.69,,,,,,
Sweden,Allsvenskan,2017,22/05/2017,18:00,Djurgarden,AIK,0,1,A,2.09,3.45,3.91,2.1,3.48,4.04,2.02,3.32,3.7,,,,,,
Sweden,Allsvenskan,2017,22/05/2017,18:00,Elfsborg,Jonkopings,3,0,H,1.94,3.62,4.26,1.95,3.9,4.4,1.87,3.64,3.93,,,,,,
Sweden,Allsvenskan,2017,22/05/2017,18:00,Sundsvall,Goteborg,0,4,A,4.72,3.81,1.81,4.95,3.96,1.85,4.44,3.63,1.77,,,,,,
Sweden,Allsvenskan,2017,27/05/2017,15:00,Djurgarden,AFC Eskilstuna,4,1,H,1.29,6.42,10.3,1.3,6.7,12,1.27,5.73,9.99,,,,,,
Sweden,Allsvenskan,2017,27/05/2017,15:00,Kalmar,Sundsvall,3,0,H,1.99,3.56,4.12,2,3.65,4.5,1.93,3.38,3.99,,,,,,
Sweden,Allsvenskan,2017,27/05/2017,17:00,Norrkoping,Halmstad,3,2,H,1.39,5.37,8.26,1.39,5.7,9.5,1.34,5.08,8.22,,,,,,
Sweden,Allsvenskan,2017,28/05/2017,14:00,Hammarby,Jonkopings,2,2,D,1.94,3.4,4.62,1.94,3.5,4.8,1.86,3.35,4.38,,,,,,
Sweden,Allsvenskan,2017,28/05/2017,16:30,Goteborg,Elfsborg,1,1,D,1.82,4.15,4.25,1.84,4.15,4.6,1.77,3.86,4.13,,,,,,
Sweden,Allsvenskan,2017,29/05/2017,18:00,AIK,Malmo FF,0,1,A,3.05,3.18,2.61,3.05,3.44,2.62,2.89,3.12,2.5,,,,,,
Sweden,Allsvenskan,2017,29/05/2017,18:00,Hacken,Ostersunds,0,1,A,2.44,3.51,3.02,2.47,3.56,3.1,2.36,3.37,2.89,,,,,,
Sweden,Allsvenskan,2017,29/05/2017,18:00,Orebro,Sirius,2,1,H,2.6,3.41,2.89,2.76,3.41,2.92,2.54,3.23,2.77,,,,,,
Sweden,Allsvenskan,2017,01/06/2017,18:00,Norrkoping,AIK,0,0,D,1.99,3.62,4.04,2.01,3.75,4.33,1.93,3.49,3.85,,,,,,
Sweden,Allsvenskan,2017,02/06/2017,18:00,Elfsborg,Hacken,2,0,H,2.36,3.76,2.98,2.4,3.77,3.1,2.26,3.52,2.95,,,,,,
Sweden,Allsvenskan,2017,03/06/2017,15:00,Kalmar,Orebro,0,1,A,2,3.73,3.88,2.04,3.86,4,1.95,3.51,3.73,,,,,,
Sweden,Allsvenskan,2017,03/06/2017,15:00,Ostersunds,Sundsvall,3,1,H,1.3,5.84,11.65,1.32,5.9,12,1.28,5.41,10.43,,,,,,
Sweden,Allsvenskan,2017,03/06/2017,17:00,Jonkopings,Malmo FF,1,2,A,5.41,3.96,1.7,5.5,4.3,1.75,5.03,3.67,1.68,,,,,,
Sweden,Allsvenskan,2017,04/06/2017,14:00,AFC Eskilstuna,AIK,1,3,A,6.78,3.78,1.63,7.1,4.2,1.65,5.99,3.69,1.6,,,,,,
Sweden,Allsvenskan,2017,04/06/2017,14:00,Hammarby,Djurgarden,3,1,H,3.58,3.56,2.15,3.8,3.7,2.24,3.49,3.34,2.09,,,,,,
Sweden,Allsvenskan,2017,04/06/2017,16:30,Norrkoping,Goteborg,2,0,H,2.17,3.65,3.45,2.25,3.78,3.65,2.12,3.45,3.29,,,,,,
Sweden,Allsvenskan,2017,04/06/2017,16:30,Sirius,Halmstad,2,1,H,1.75,3.83,5.15,1.76,4,5.17,1.71,3.7,4.75,,,,,,
Sweden,Allsvenskan,2017,01/07/2017,15:00,Malmo FF,AFC Eskilstuna,3,2,H,1.14,9.52,22.2,1.2,10.5,27.6,1.13,8.38,18.72,,,,,,
Sweden,Allsvenskan,2017,01/07/2017,15:00,Sundsvall,Sirius,1,2,A,2.89,3.28,2.67,3.1,3.4,2.68,2.86,3.17,2.5,,,,,,
Sweden,Allsvenskan,2017,01/07/2017,17:00,Halmstad,Elfsborg,1,1,D,3.24,3.61,2.27,3.35,3.72,2.3,3.12,3.45,2.21,,,,,,
Sweden,Allsvenskan,2017,02/07/2017,14:00,Jonkopings,Goteborg,0,2,A,3.32,3.38,2.33,3.4,3.4,2.35,3.21,3.2,2.27,,,,,,
Sweden,Allsvenskan,2017,02/07/2017,16:30,AIK,Ostersunds,2,2,D,2.23,3.3,3.65,2.3,3.4,3.65,2.21,3.19,3.35,,,,,,
Sweden,Allsvenskan,2017,02/07/2017,16:30,Orebro,Norrkoping,4,2,H,3.89,3.91,1.95,4.05,3.95,2.01,3.66,3.67,1.93,,,,,,
Sweden,Allsvenskan,2017,03/07/2017,18:00,Djurgarden,Kalmar,4,1,H,1.41,4.84,9.17,1.43,5.05,10,1.37,4.61,8.49,,,,,,
Sweden,Allsvenskan,2017,03/07/2017,18:00,Hacken,Hammarby,2,0,H,1.83,3.79,4.65,1.89,3.9,4.75,1.8,3.66,4.28,,,,,,
Sweden,Allsvenskan,2017,08/07/2017,15:00,Hammarby,Orebro,3,1,H,1.69,4.04,5.41,1.71,4.25,5.6,1.66,3.87,4.94,,,,,,
Sweden,Allsvenskan,2017,08/07/2017,15:00,Sirius,AFC Eskilstuna,1,0,H,1.49,4.64,7.22,1.52,4.9,7.5,1.47,4.34,6.58,,,,,,
Sweden,Allsvenskan,2017,08/07/2017,17:00,Hacken,Malmo FF,0,1,A,2.93,3.33,2.61,3.04,3.5,2.65,2.84,3.28,2.45,,,,,,
Sweden,Allsvenskan,2017,09/07/2017,14:00,Norrkoping,Elfsborg,1,3,A,1.75,4.14,4.69,1.85,4.2,4.7,1.77,3.88,4.17,,,,,,
Sweden,Allsvenskan,2017,09/07/2017,16:30,Kalmar,AIK,0,1,A,4.56,3.68,1.87,4.7,3.74,1.91,4.34,3.46,1.83,,,,,,
Sweden,Allsvenskan,2017,09/07/2017,16:30,Ostersunds,Jonkopings,1,1,D,1.49,4.38,8.12,1.51,4.55,8.5,1.46,4.15,7.13,,,,,,
Sweden,Allsvenskan,2017,10/07/2017,18:00,Djurgarden,Sundsvall,2,1,H,1.32,5.78,10.35,1.36,5.95,11.5,1.32,5.16,9.25,,,,,,
Sweden,Allsvenskan,2017,10/07/2017,18:00,Goteborg,Halmstad,1,1,D,1.5,4.54,7.35,1.53,4.6,7.35,1.49,4.2,6.52,,,,,,
Sweden,Allsvenskan,2017,15/07/2017,15:00,AFC Eskilstuna,Kalmar,2,1,H,2.73,3.41,2.73,2.85,3.45,2.76,2.68,3.21,2.62,,,,,,
Sweden,Allsvenskan,2017,15/07/2017,15:00,Malmo FF,Sirius,3,3,D,1.49,4.51,7.58,1.53,4.8,7.65,1.47,4.35,6.62,,,,,,
Sweden,Allsvenskan,2017,15/07/2017,15:00,Sundsvall,Halmstad,1,0,H,2.41,3.32,3.23,2.45,3.45,3.3,2.32,3.23,3.09,,,,,,
Sweden,Allsvenskan,2017,16/07/2017,14:00,Orebro,Goteborg,4,2,H,3.4,3.65,2.19,3.55,3.75,2.29,3.25,3.48,2.13,,,,,,
Sweden,Allsvenskan,2017,16/07/2017,16:30,AIK,Norrkoping,1,0,H,1.98,3.66,4.03,2.05,3.72,4.15,1.96,3.45,3.77,,,,,,
Sweden,Allsvenskan,2017,16/07/2017,16:30,Ostersunds,Djurgarden,2,1,H,2.89,3.38,2.61,2.95,3.5,2.87,2.66,3.33,2.58,,,,,,
Sweden,Allsvenskan,2017,17/07/2017,18:00,Elfsborg,Hammarby,3,0,H,1.96,3.92,3.83,2,4.05,4.2,1.89,3.75,3.74,,,,,,
Sweden,Allsvenskan,2017,17/07/2017,18:00,Jonkopings,Hacken,0,1,A,3.3,3.44,2.32,3.4,3.44,2.4,3.14,3.22,2.3,,,,,,
Sweden,Allsvenskan,2017,22/07/2017,15:00,Halmstad,Sundsvall,2,2,D,2.01,3.44,4.24,2.05,3.6,4.25,1.98,3.33,3.87,,,,,,
Sweden,Allsvenskan,2017,22/07/2017,15:00,Malmo FF,Jonkopings,2,0,H,1.37,5.1,10,1.37,5.8,11,1.33,4.94,9.19,,,,,,
Sweden,Allsvenskan,2017,22/07/2017,17:00,Sirius,Hacken,2,2,D,2.85,3.43,2.61,2.95,3.55,2.75,2.71,3.29,2.54,,,,,,
Sweden,Allsvenskan,2017,23/07/2017,14:00,Djurgarden,Ostersunds,3,0,H,1.89,3.63,4.53,1.92,3.75,4.7,1.85,3.53,4.19,,,,,,
Sweden,Allsvenskan,2017,23/07/2017,16:30,Goteborg,Orebro,2,2,D,1.68,4.19,5.26,1.72,4.3,5.3,1.65,3.96,4.86,,,,,,
Sweden,Allsvenskan,2017,23/07/2017,16:30,Kalmar,AFC Eskilstuna,2,0,H,1.76,3.78,5.21,1.85,4.05,5.21,1.75,3.6,4.65,,,,,,
Sweden,Allsvenskan,2017,24/07/2017,18:00,Hammarby,Elfsborg,2,1,H,2.45,3.58,2.96,2.52,3.75,3.05,2.37,3.5,2.8,,,,,,
Sweden,Allsvenskan,2017,29/07/2017,15:00,Elfsborg,Sirius,0,2,A,1.61,4.4,5.68,1.67,4.5,5.8,1.6,4.16,5.09,,,,,,
Sweden,Allsvenskan,2017,29/07/2017,15:00,Jonkopings,Hammarby,1,0,H,3.03,3.28,2.56,3.1,3.4,2.65,2.85,3.15,2.53,,,,,,
Sweden,Allsvenskan,2017,29/07/2017,17:00,Sundsvall,Malmo FF,0,1,A,7.6,4.6,1.48,8,4.7,1.5,6.93,4.36,1.45,,,,,,
Sweden,Allsvenskan,2017,30/07/2017,14:00,Goteborg,Norrkoping,4,1,H,2.36,3.59,3.1,2.4,3.7,3.35,2.26,3.42,3.02,,,,,,
Sweden,Allsvenskan,2017,30/07/2017,14:00,Ostersunds,Halmstad,0,0,D,1.51,4.44,7.21,1.51,4.75,7.46,1.47,4.29,6.64,,,,,,
Sweden,Allsvenskan,2017,30/07/2017,16:30,AIK,Kalmar,0,1,A,1.53,4.08,7.92,1.56,4.33,7.92,1.52,3.94,6.6,,,,,,
Sweden,Allsvenskan,2017,31/07/2017,18:00,AFC Eskilstuna,Djurgarden,1,2,A,8.3,4.9,1.43,8.3,5.1,1.5,6.98,4.51,1.43,,,,,,
Sweden,Allsvenskan,2017,31/07/2017,18:00,Hacken,Orebro,1,1,D,1.71,4.08,5.06,1.8,4.2,5.06,1.68,3.91,4.72,,,,,,
Sweden,Allsvenskan,2017,05/08/2017,15:00,Halmstad,Jonkopings,6,1,H,2.36,3.15,3.53,2.46,3.3,3.53,2.32,3.12,3.21,,,,,,
Sweden,Allsvenskan,2017,05/08/2017,17:00,Orebro,Elfsborg,2,2,D,2.6,3.74,2.68,2.7,3.85,2.75,2.57,3.52,2.56,,,,,,
Sweden,Allsvenskan,2017,06/08/2017,14:00,Hammarby,Hacken,1,2,A,2.4,3.45,3.14,2.55,3.5,3.18,2.4,3.25,2.94,,,,,,
Sweden,Allsvenskan,2017,06/08/2017,14:00,Kalmar,Goteborg,1,0,H,2.76,3.4,2.71,2.9,3.5,2.75,2.74,3.25,2.56,,,,,,
Sweden,Allsvenskan,2017,06/08/2017,14:00,Sundsvall,Ostersunds,1,1,D,4.23,3.74,1.92,4.23,3.8,2.17,3.84,3.51,1.93,,,,,,
Sweden,Allsvenskan,2017,06/08/2017,16:30,Sirius,AIK,1,4,A,3.66,3.27,2.24,3.8,3.35,2.45,3.34,3.12,2.26,,,,,,
Sweden,Allsvenskan,2017,07/08/2017,18:00,Djurgarden,Malmo FF,0,1,A,3.4,3.58,2.22,3.4,3.65,2.4,3.08,3.4,2.25,,,,,,
Sweden,Allsvenskan,2017,07/08/2017,18:00,Norrkoping,AFC Eskilstuna,1,0,H,1.29,6.26,10.96,1.32,6.45,11,1.28,5.71,9.44,,,,,,
Sweden,Allsvenskan,2017,10/08/2017,18:00,Goteborg,AIK,2,1,H,2.81,3.36,2.69,2.9,3.45,2.75,2.75,3.21,2.58,,,,,,
Sweden,Allsvenskan,2017,11/08/2017,18:00,Malmo FF,Kalmar,6,0,H,1.39,4.93,9.88,1.4,5.3,10,1.36,4.77,8.55,,,,,,
Sweden,Allsvenskan,2017,12/08/2017,15:00,Halmstad,Sirius,0,3,A,2.37,3.44,3.2,2.55,3.5,3.35,2.37,3.29,2.97,,,,,,
Sweden,Allsvenskan,2017,13/08/2017,14:00,AIK,AFC Eskilstuna,1,1,D,1.26,6.08,15.29,1.3,6.3,15.29,1.25,5.64,12.02,,,,,,
Sweden,Allsvenskan,2017,13/08/2017,14:00,Hammarby,Ostersunds,2,2,D,2.89,3.23,2.71,2.96,3.35,2.75,2.75,3.15,2.61,,,,,,
Sweden,Allsvenskan,2017,13/08/2017,16:30,Jonkopings,Orebro,1,2,A,2.42,3.46,3.1,2.55,3.5,3.15,2.41,3.28,2.91,,,,,,
Sweden,Allsvenskan,2017,13/08/2017,16:30,Norrkoping,Djurgarden,0,1,A,2.57,3.64,2.77,2.82,3.64,2.77,2.65,3.39,2.57,,,,,,
Sweden,Allsvenskan,2017,14/08/2017,18:00,Elfsborg,Goteborg,1,2,A,2.05,3.77,3.66,2.1,3.8,3.7,2.02,3.59,3.45,,,,,,
Sweden,Allsvenskan,2017,14/08/2017,18:00,Hacken,Sundsvall,2,0,H,1.58,4.22,6.46,1.61,4.45,6.6,1.54,4.06,6.03,,,,,,
Sweden,Allsvenskan,2017,18/08/2017,18:00,Jonkopings,Elfsborg,2,2,D,3.46,3.68,2.15,3.75,3.72,2.35,3.32,3.39,2.15,,,,,,
Sweden,Allsvenskan,2017,19/08/2017,15:00,AFC Eskilstuna,Malmo FF,3,1,H,9.48,4.94,1.4,9.48,5.2,1.41,7.97,4.74,1.38,,,,,,
Sweden,Allsvenskan,2017,20/08/2017,14:00,Djurgarden,Halmstad,2,1,H,1.39,5.02,9.31,1.45,5.25,9.5,1.39,4.72,7.6,,,,,,
Sweden,Allsvenskan,2017,20/08/2017,14:00,Ostersunds,AIK,0,3,A,3.24,3.4,2.37,3.25,3.5,2.5,3.05,3.25,2.33,,,,,,
Sweden,Allsvenskan,2017,20/08/2017,16:30,Goteborg,Hacken,1,1,D,2.5,3.48,2.97,2.55,3.6,3.2,2.35,3.36,2.95,,,,,,
Sweden,Allsvenskan,2017,20/08/2017,16:30,Sirius,Norrkoping,0,1,A,2.34,3.72,3.05,2.4,3.74,3.26,2.27,3.49,2.97,,,,,,
Sweden,Allsvenskan,2017,21/08/2017,18:00,Orebro,Hammarby,0,3,A,2.52,3.68,2.81,2.55,3.7,3,2.43,3.48,2.76,,,,,,
Sweden,Allsvenskan,2017,21/08/2017,18:00,Sundsvall,Kalmar,1,3,A,2.39,3.34,3.26,2.45,3.45,3.32,2.34,3.2,3.11,,,,,,
Sweden,Allsvenskan,2017,26/08/2017,15:00,AFC Eskilstuna,Hammarby,0,0,D,4.58,3.97,1.8,4.85,3.98,1.87,4.33,3.71,1.78,,,,,,
Sweden,Allsvenskan,2017,27/08/2017,14:00,AIK,Djurgarden,1,1,D,2.26,3.42,3.44,2.31,3.55,3.55,2.21,3.3,3.28,,,,,,
Sweden,Allsvenskan,2017,27/08/2017,14:00,Hacken,Jonkopings,3,1,H,1.62,4,6.37,1.65,4.2,6.4,1.59,3.91,5.72,,,,,,
Sweden,Allsvenskan,2017,27/08/2017,14:00,Kalmar,Sirius,4,2,H,2.16,3.44,3.69,2.25,3.5,3.7,2.15,3.28,3.43,,,,,,
Sweden,Allsvenskan,2017,27/08/2017,14:00,Norrkoping,Ostersunds,0,2,A,2.33,3.43,3.27,2.35,3.6,3.35,2.24,3.37,3.13,,,,,,
Sweden,Allsvenskan,2017,27/08/2017,16:30,Elfsborg,Halmstad,1,0,H,1.61,4.32,5.84,1.62,4.5,6.3,1.56,4.17,5.6,,,,,,
Sweden,Allsvenskan,2017,27/08/2017,16:30,Malmo FF,Goteborg,2,2,D,1.44,4.73,8.53,1.5,5,8.75,1.43,4.51,7.24,,,,,,
Sweden,Allsvenskan,2017,27/08/2017,16:30,Sundsvall,Orebro,2,1,H,2.46,3.52,3,2.65,3.6,3,2.45,3.37,2.8,,,,,,
Sweden,Allsvenskan,2017,09/09/2017,15:00,Ostersunds,AFC Eskilstuna,3,0,H,1.41,5.04,8.49,1.42,5.2,9.55,1.37,4.76,8.21,,,,,,
Sweden,Allsvenskan,2017,10/09/2017,14:00,Elfsborg,Kalmar,2,2,D,1.78,4.01,4.68,1.86,4.1,4.75,1.77,3.8,4.31,,,,,,
Sweden,Allsvenskan,2017,10/09/2017,14:00,Halmstad,Hacken,0,3,A,4.4,3.59,1.93,4.45,3.7,2,4.07,3.48,1.91,,,,,,
Sweden,Allsvenskan,2017,10/09/2017,14:00,Hammarby,AIK,1,1,D,2.99,3.25,2.61,3.09,3.45,2.61,2.9,3.18,2.49,,,,,,
Sweden,Allsvenskan,2017,10/09/2017,14:00,Orebro,Malmo FF,2,1,H,4.88,4.21,1.71,5.2,4.3,1.75,4.64,3.99,1.69,,,,,,
Sweden,Allsvenskan,2017,10/09/2017,16:30,Jonkopings,Norrkoping,1,2,A,2.82,3.4,2.66,2.86,3.55,2.73,2.7,3.31,2.58,,,,,,
Sweden,Allsvenskan,2017,10/09/2017,16:30,Sirius,Sundsvall,0,1,A,1.81,3.79,4.75,1.85,3.95,5.4,1.77,3.63,4.57,,,,,,
Sweden,Allsvenskan,2017,11/09/2017,18:00,Goteborg,Djurgarden,1,3,A,3,3.32,2.56,3.1,3.55,2.7,2.86,3.3,2.45,,,,,,
Sweden,Allsvenskan,2017,15/09/2017,18:00,Kalmar,Norrkoping,1,1,D,2.33,3.57,3.17,2.5,3.6,3.4,2.28,3.4,3.07,,,,,,
Sweden,Allsvenskan,2017,16/09/2017,13:00,Goteborg,Jonkopings,1,1,D,1.64,4.06,5.98,1.7,4.15,6,1.64,3.83,5.37,,,,,,
Sweden,Allsvenskan,2017,16/09/2017,15:00,Djurgarden,Orebro,4,1,H,1.37,5.46,9.02,1.43,5.65,9.25,1.37,5.07,7.69,,,,,,
Sweden,Allsvenskan,2017,16/09/2017,15:00,Hacken,Elfsborg,3,0,H,1.9,3.9,4.12,1.91,3.95,4.35,1.83,3.72,4.07,,,,,,
Sweden,Allsvenskan,2017,17/09/2017,14:00,AIK,Halmstad,4,1,H,1.32,5.05,13.97,1.34,5.5,14.5,1.29,5.1,11.51,,,,,,
Sweden,Allsvenskan,2017,17/09/2017,14:00,Sirius,Ostersunds,0,5,A,3.25,3.39,2.37,3.35,3.4,2.95,3.08,3.24,2.37,,,,,,
Sweden,Allsvenskan,2017,17/09/2017,16:30,Malmo FF,Hammarby,4,0,H,1.42,4.83,8.61,1.5,5.1,8.9,1.42,4.59,7.51,,,,,,
Sweden,Allsvenskan,2017,18/09/2017,18:00,AFC Eskilstuna,Sundsvall,1,2,A,2.89,3.35,2.63,2.95,3.44,2.85,2.71,3.23,2.59,,,,,,
Sweden,Allsvenskan,2017,19/09/2017,18:00,Elfsborg,Djurgarden,2,2,D,3.77,4.12,1.93,4.1,4.2,1.98,3.73,3.82,1.89,,,,,,
Sweden,Allsvenskan,2017,19/09/2017,18:00,Norrkoping,Hacken,4,1,H,2.32,3.69,3.09,2.45,3.75,3.15,2.3,3.48,2.95,,,,,,
Sweden,Allsvenskan,2017,20/09/2017,18:00,Halmstad,Kalmar,1,1,D,3.44,3.45,2.25,3.52,3.58,2.4,3.23,3.33,2.22,,,,,,
Sweden,Allsvenskan,2017,20/09/2017,18:00,Hammarby,Goteborg,2,1,H,2.19,3.53,3.5,2.39,3.65,3.55,2.22,3.37,3.2,,,,,,
Sweden,Allsvenskan,2017,20/09/2017,18:00,Jonkopings,Sirius,3,1,H,2.25,3.35,3.54,2.35,3.45,3.75,2.18,3.25,3.41,,,,,,
Sweden,Allsvenskan,2017,20/09/2017,18:00,Ostersunds,Malmo FF,2,2,D,2.57,3.53,2.83,2.72,3.6,2.95,2.5,3.36,2.74,,,,,,
Sweden,Allsvenskan,2017,21/09/2017,17:00,Orebro,AFC Eskilstuna,2,3,A,1.57,4.75,5.58,1.6,4.81,6,1.54,4.4,5.42,,,,,,
Sweden,Allsvenskan,2017,21/09/2017,18:00,Sundsvall,AIK,0,0,D,6.09,4.15,1.61,6.45,4.25,1.63,5.82,3.95,1.57,,,,,,
Sweden,Allsvenskan,2017,23/09/2017,13:00,Halmstad,Norrkoping,2,1,H,4.58,4.04,1.79,4.65,4.04,1.87,4.24,3.74,1.79,,,,,,
Sweden,Allsvenskan,2017,24/09/2017,14:00,Djurgarden,Hammarby,1,1,D,1.67,4.24,5.28,1.7,4.4,6,1.61,3.99,5.27,,,,,,
Sweden,Allsvenskan,2017,24/09/2017,14:00,Kalmar,Ostersunds,2,1,H,2.61,3.43,2.85,3.05,3.5,2.9,2.64,3.28,2.66,,,,,,
Sweden,Allsvenskan,2017,24/09/2017,16:30,Hacken,AIK,1,6,A,2.77,3.32,2.76,2.8,3.4,2.88,2.62,3.22,2.71,,,,,,
Sweden,Allsvenskan,2017,24/09/2017,16:30,Jonkopings,Sundsvall,2,2,D,2.25,3.38,3.51,2.27,3.45,3.95,2.12,3.25,3.55,,,,,,
Sweden,Allsvenskan,2017,25/09/2017,18:00,AFC Eskilstuna,Goteborg,1,0,H,3.4,3.71,2.17,3.86,3.9,2.2,3.3,3.63,2.08,,,,,,
Sweden,Allsvenskan,2017,25/09/2017,18:00,Malmo FF,Elfsborg,6,0,H,1.34,5.6,10,1.42,6.05,10.5,1.32,5.39,8.51,,,,,,
Sweden,Allsvenskan,2017,25/09/2017,18:00,Sirius,Orebro,3,4,A,2.14,3.98,3.26,2.2,4.1,3.35,2.11,3.73,3.14,,,,,,
Sweden,Allsvenskan,2017,29/09/2017,18:00,Goteborg,Sirius,4,0,H,1.71,4.11,5.05,1.79,4.2,5.05,1.72,3.9,4.54,,,,,,
Sweden,Allsvenskan,2017,30/09/2017,15:00,AFC Eskilstuna,Jonkopings,1,1,D,2.39,3.42,3.19,2.6,3.55,3.4,2.28,3.31,3.15,,,,,,
Sweden,Allsvenskan,2017,01/10/2017,14:00,Malmo FF,Halmstad,2,0,H,1.16,9.25,18.3,1.22,9.3,24,1.15,7.83,16.7,,,,,,
Sweden,Allsvenskan,2017,01/10/2017,14:00,Ostersunds,Hacken,0,0,D,1.8,3.9,4.71,2.46,4.05,4.82,1.84,3.69,4.14,,,,,,
Sweden,Allsvenskan,2017,01/10/2017,14:00,Sundsvall,Djurgarden,0,5,A,4.94,3.88,1.77,6.41,4.61,1.81,4.66,3.76,1.74,,,,,,
Sweden,Allsvenskan,2017,01/10/2017,16:30,AIK,Elfsborg,5,2,H,1.36,5.3,9.75,1.49,5.6,10.5,1.34,5.09,8.84,,,,,,
Sweden,Allsvenskan,2017,01/10/2017,16:30,Hammarby,Norrkoping,0,2,A,2.49,3.64,2.88,2.53,3.65,3.34,2.4,3.47,2.84,,,,,,
Sweden,Allsvenskan,2017,01/10/2017,16:30,Orebro,Kalmar,1,0,H,2.51,3.49,2.94,2.53,3.6,3.21,2.37,3.41,2.92,,,,,,
Sweden,Allsvenskan,2017,14/10/2017,13:00,Halmstad,Goteborg,1,2,A,3.62,3.69,2.09,3.75,3.75,2.12,3.44,3.54,2.03,,,,,,
Sweden,Allsvenskan,2017,14/10/2017,15:00,Hacken,AFC Eskilstuna,3,0,H,1.4,5.25,8.19,1.47,5.42,8.4,1.41,4.82,7.02,,,,,,
Sweden,Allsvenskan,2017,14/10/2017,15:00,Ostersunds,Orebro,3,0,H,1.57,4.67,5.67,1.6,4.75,6.25,1.53,4.44,5.53,,,,,,
Sweden,Allsvenskan,2017,15/10/2017,14:00,AIK,Jonkopings,2,0,H,1.3,5.62,12.9,1.35,5.95,12.9,1.3,5.24,10.09,,,,,,
Sweden,Allsvenskan,2017,15/10/2017,16:30,Elfsborg,Sundsvall,2,1,H,1.81,3.99,4.51,1.91,4.15,4.52,1.79,3.87,4.13,,,,,,
Sweden,Allsvenskan,2017,15/10/2017,16:30,Sirius,Djurgarden,2,0,H,5.63,4.61,1.58,6.4,4.75,1.61,5.46,4.39,1.54,,,,,,
Sweden,Allsvenskan,2017,16/10/2017,18:00,Kalmar,Hammarby,2,0,H,1.96,3.72,4.08,2,3.8,4.33,1.91,3.55,3.91,,,,,,
Sweden,Allsvenskan,2017,16/10/2017,18:00,Norrkoping,Malmo FF,1,3,A,3.96,3.95,1.93,4.05,4.05,2,3.72,3.81,1.89,,,,,,
Sweden,Allsvenskan,2017,20/10/2017,18:00,Orebro,Halmstad,0,1,A,1.8,4.1,4.46,1.83,4.25,4.55,1.74,4.01,4.21,,,,,,
Sweden,Allsvenskan,2017,21/10/2017,15:00,AFC Eskilstuna,Elfsborg,2,3,A,3.03,3.82,2.31,3.1,3.9,2.35,2.93,3.68,2.24,,,,,,
Sweden,Allsvenskan,2017,22/10/2017,14:00,Goteborg,Ostersunds,0,1,A,2.68,3.52,2.71,2.7,3.61,2.85,2.55,3.42,2.65,,,,,,
Sweden,Allsvenskan,2017,22/10/2017,14:00,Sundsvall,Norrkoping,2,2,D,2.83,3.61,2.54,2.85,3.65,2.66,2.71,3.43,2.5,,,,,,
Sweden,Allsvenskan,2017,22/10/2017,16:30,Djurgarden,Hacken,1,1,D,1.74,4.17,4.75,1.8,4.3,4.75,1.72,3.97,4.41,,,,,,
Sweden,Allsvenskan,2017,23/10/2017,18:00,Hammarby,Sirius,3,3,D,1.9,4.01,4.02,1.9,4.15,4.45,1.81,3.91,4,,,,,,
Sweden,Allsvenskan,2017,23/10/2017,18:00,Jonkopings,Kalmar,2,0,H,2.69,3.28,2.87,2.8,3.36,2.94,2.58,3.18,2.78,,,,,,
Sweden,Allsvenskan,2017,23/10/2017,18:00,Malmo FF,AIK,0,0,D,2.19,3.51,3.52,2.25,3.65,3.6,2.14,3.43,3.31,,,,,,
Sweden,Allsvenskan,2017,28/10/2017,13:00,Ostersunds,Elfsborg,4,1,H,1.5,5.01,6.37,1.5,5.2,7,1.44,4.77,6.34,,,,,,
Sweden,Allsvenskan,2017,28/10/2017,15:00,Halmstad,AFC Eskilstuna,1,1,D,1.94,3.84,4,1.98,3.85,4.05,1.9,3.69,3.77,,,,,,
Sweden,Allsvenskan,2017,29/10/2017,14:00,Sirius,Malmo FF,0,4,A,4.41,4.42,1.75,4.75,4.42,1.85,4.26,4.07,1.73,,,,,,
Sweden,Allsvenskan,2017,29/10/2017,14:00,Sundsvall,Hammarby,1,4,A,2.05,3.74,3.73,2.1,3.88,3.85,1.97,3.61,3.6,,,,,,
Sweden,Allsvenskan,2017,29/10/2017,16:30,Djurgarden,Jonkopings,0,0,D,1.47,4.74,7.42,1.49,4.95,8,1.43,4.53,6.95,,,,,,
Sweden,Allsvenskan,2017,29/10/2017,16:30,Hacken,Kalmar,2,0,H,1.58,4.38,6.08,1.62,4.45,6.4,1.56,4.14,5.65,,,,,,
Sweden,Allsvenskan,2017,30/10/2017,18:00,AIK,Goteborg,2,1,H,1.4,5.21,8.37,1.45,5.4,8.7,1.38,4.9,7.45,,,,,,
Sweden,Allsvenskan,2017,30/10/2017,18:00,Norrkoping,Orebro,2,0,H,1.65,4.56,5.03,1.71,4.65,5.25,1.64,4.31,4.61,,,,,,
Sweden,Allsvenskan,2017,05/11/2017,14:00,AFC Eskilstuna,Sirius,1,3,A,2.66,3.92,2.54,2.9,3.92,2.61,2.67,3.64,2.44,,,,,,
Sweden,Allsvenskan,2017,05/11/2017,14:00,Elfsborg,Norrkoping,3,3,D,2.69,3.89,2.52,2.8,4,2.6,2.61,3.73,2.44,,,,,,
Sweden,Allsvenskan,2017,05/11/2017,14:00,Goteborg,Sundsvall,0,3,A,2.27,3.75,3.11,2.3,3.85,3.39,2.19,3.58,3.08,,,,,,
Sweden,Allsvenskan,2017,05/11/2017,14:00,Hammarby,Halmstad,1,3,A,1.47,4.96,7.04,1.5,5.25,7.9,1.45,4.67,6.48,,,,,,
Sweden,Allsvenskan,2017,05/11/2017,14:00,Jonkopings,Ostersunds,0,0,D,3.52,3.75,2.11,3.75,3.85,2.16,3.42,3.62,2.04,,,,,,
Sweden,Allsvenskan,2017,05/11/2017,14:00,Kalmar,Djurgarden,0,2,A,5.21,4.26,1.67,5.5,4.3,1.69,4.99,4.05,1.63,,,,,,
Sweden,Allsvenskan,2017,05/11/2017,14:00,Malmo FF,Hacken,1,2,A,1.89,4.22,3.85,1.9,4.25,4.45,1.82,3.93,3.9,,,,,,
Sweden,Allsvenskan,2017,05/11/2017,14:00,Orebro,AIK,1,2,A,4.82,4.41,1.69,5.05,4.45,1.8,4.43,4.1,1.7,,,,,,
Sweden,Allsvenskan,2017,15/11/2017,17:00,Trelleborgs,Jonkopings,2,0,H,2.66,3.07,3.08,2.73,3.3,3.08,2.64,2.95,2.88,,,,,,
Sweden,Allsvenskan,2017,19/11/2017,13:45,Jonkopings,Trelleborgs,1,1,D,1.83,3.79,4.67,1.98,3.79,5.25,1.83,3.5,4.26,,,,,,
Sweden,Allsvenskan,2018,01/04/2018,14:00,Hacken,Kalmar,1,0,H,1.58,4.17,6.4,1.61,4.4,6.61,1.55,4.02,5.95,,,,,,
Sweden,Allsvenskan,2018,01/04/2018,14:00,Hammarby,Sirius,3,1,H,1.98,3.67,3.97,2.01,3.8,4.02,1.93,3.58,3.8,,,,,,
Sweden,Allsvenskan,2018,01/04/2018,16:30,Ostersunds,Djurgarden,0,1,A,1.81,3.62,4.98,1.88,3.68,4.98,1.81,3.48,4.5,,,,,,
Sweden,Allsvenskan,2018,01/04/2018,16:30,Trelleborgs,Goteborg,1,3,A,3.43,3.39,2.26,3.7,3.4,2.27,3.41,3.25,2.17,,,,,,
Sweden,Allsvenskan,2018,02/04/2018,14:00,AIK,Dalkurd,2,0,H,1.5,3.98,8.8,1.54,4.2,9,1.5,3.86,7.56,,,,,,
Sweden,Allsvenskan,2018,02/04/2018,14:00,Norrkoping,Brommapojkarna,2,1,H,1.6,3.99,6.57,1.6,4.4,6.6,1.56,3.99,5.94,,,,,,
Sweden,Allsvenskan,2018,02/04/2018,16:30,Elfsborg,Malmo FF,1,2,A,3.67,3.75,2.04,3.8,3.8,2.1,3.54,3.55,2.02,,,,,,
Sweden,Allsvenskan,2018,02/04/2018,16:30,Sundsvall,Orebro,0,0,D,2.44,3.35,3.11,2.48,3.4,3.2,2.37,3.22,3.04,,,,,,
Sweden,Allsvenskan,2018,07/04/2018,15:00,Orebro,Norrkoping,1,1,D,3.33,3.67,2.19,3.51,3.7,2.2,3.35,3.52,2.1,,,,,,
Sweden,Allsvenskan,2018,08/04/2018,14:00,Djurgarden,Trelleborgs,1,1,D,1.29,5.88,11.8,1.3,6.3,13.25,1.26,5.71,11.13,,,,,,
Sweden,Allsvenskan,2018,08/04/2018,14:00,Kalmar,Elfsborg,1,0,H,2.64,3.25,2.91,2.64,3.4,3.1,2.47,3.2,2.93,,,,,,
Sweden,Allsvenskan,2018,08/04/2018,16:30,Dalkurd,Ostersunds,3,0,H,3.9,3.62,2.01,4.15,3.7,2.06,3.84,3.45,1.97,,,,,,
Sweden,Allsvenskan,2018,09/04/2018,18:00,Brommapojkarna,Hacken,2,0,H,4.44,3.78,1.85,4.55,3.85,1.9,4.19,3.66,1.83,,,,,,
Sweden,Allsvenskan,2018,09/04/2018,18:00,Malmo FF,AIK,1,1,D,1.87,3.46,4.88,1.92,3.55,4.88,1.87,3.37,4.45,,,,,,
Sweden,Allsvenskan,2018,10/04/2018,18:00,Goteborg,Hammarby,1,2,A,2.1,3.49,3.75,2.15,3.55,3.87,2.07,3.41,3.57,,,,,,
Sweden,Allsvenskan,2018,13/04/2018,18:00,Sundsvall,Malmo FF,2,2,D,7.24,4.13,1.54,7.24,4.3,1.57,6.28,4.01,1.54,,,,,,
Sweden,Allsvenskan,2018,13/04/2018,18:00,Trelleborgs,Orebro,1,2,A,3.09,3.31,2.48,3.1,3.35,2.55,2.95,3.22,2.44,,,,,,
Sweden,Allsvenskan,2018,14/04/2018,13:00,Elfsborg,Sirius,0,1,A,1.73,4,4.94,1.8,4.25,4.94,1.75,3.93,4.33,,,,,,
Sweden,Allsvenskan,2018,14/04/2018,15:00,Hacken,Dalkurd,3,0,H,1.71,3.81,5.43,1.77,3.91,5.5,1.7,3.73,4.96,,,,,,
Sweden,Allsvenskan,2018,15/04/2018,14:00,AIK,Djurgarden,2,0,H,2.13,3.07,4.25,2.25,3.11,4.25,2.12,2.97,3.98,,,,,,
Sweden,Allsvenskan,2018,15/04/2018,14:00,Norrkoping,Kalmar,3,1,H,1.5,4.46,7.25,1.55,4.6,7.25,1.49,4.24,6.54,,,,,,
Sweden,Allsvenskan,2018,15/04/2018,16:30,Ostersunds,Goteborg,2,1,H,1.63,4.04,5.95,1.65,4.15,6.3,1.59,3.92,5.67,,,,,,
Sweden,Allsvenskan,2018,16/04/2018,18:00,Hammarby,Brommapojkarna,4,0,H,1.64,4.12,5.68,1.7,4.25,5.7,1.63,4.03,5.18,,,,,,
Sweden,Allsvenskan,2018,17/04/2018,18:00,Sundsvall,Trelleborgs,1,0,H,1.67,3.82,5.88,1.69,4.1,5.97,1.64,3.75,5.42,,,,,,
Sweden,Allsvenskan,2018,18/04/2018,18:00,Djurgarden,Malmo FF,3,0,H,2.71,3.31,2.78,2.8,3.4,2.8,2.66,3.24,2.68,,,,,,
Sweden,Allsvenskan,2018,18/04/2018,18:00,Kalmar,Ostersunds,1,1,D,3.71,3.38,2.15,3.8,3.45,2.18,3.59,3.3,2.1,,,,,,
Sweden,Allsvenskan,2018,18/04/2018,18:00,Orebro,AIK,1,1,D,3.81,3.3,2.15,3.94,3.4,2.25,3.61,3.19,2.13,,,,,,
Sweden,Allsvenskan,2018,18/04/2018,18:00,Sirius,Hacken,0,0,D,4.15,3.89,1.88,4.55,3.89,2.1,3.9,3.6,1.91,,,,,,
Sweden,Allsvenskan,2018,19/04/2018,18:00,Brommapojkarna,Elfsborg,0,2,A,3.27,3.6,2.24,3.32,3.62,2.4,3.12,3.44,2.24,,,,,,
Sweden,Allsvenskan,2018,19/04/2018,18:00,Goteborg,Dalkurd,1,0,H,1.95,3.51,4.29,2,3.6,4.29,1.94,3.43,3.98,,,,,,
Sweden,Allsvenskan,2018,19/04/2018,18:00,Hammarby,Norrkoping,2,1,H,2.21,3.88,3.12,2.26,3.88,3.35,2.19,3.65,3.04,,,,,,
Sweden,Allsvenskan,2018,21/04/2018,15:00,Ostersunds,Orebro,0,2,A,1.56,4.25,6.55,1.61,4.33,6.55,1.55,4.09,5.95,,,,,,
Sweden,Allsvenskan,2018,22/04/2018,14:00,Dalkurd,Sundsvall,2,2,D,2.02,3.49,4.02,2.05,3.57,4.25,1.99,3.41,3.83,,,,,,
Sweden,Allsvenskan,2018,22/04/2018,14:00,Hacken,Hammarby,2,2,D,1.8,3.91,4.58,1.88,3.96,4.8,1.78,3.77,4.33,,,,,,
Sweden,Allsvenskan,2018,22/04/2018,16:30,AIK,Goteborg,2,0,H,1.68,3.74,6.01,1.7,3.82,6.8,1.64,3.62,5.74,,,,,,
Sweden,Allsvenskan,2018,22/04/2018,16:30,Trelleborgs,Kalmar,0,1,A,3.59,3.35,2.21,3.7,3.4,2.3,3.4,3.26,2.19,,,,,,
Sweden,Allsvenskan,2018,23/04/2018,18:00,Elfsborg,Djurgarden,2,2,D,2.89,3.41,2.56,3.03,3.45,2.6,2.84,3.3,2.47,,,,,,
Sweden,Allsvenskan,2018,23/04/2018,18:00,Malmo FF,Brommapojkarna,3,1,H,1.24,6.65,13.2,1.25,7.03,17.25,1.21,6.45,13.31,,,,,,
Sweden,Allsvenskan,2018,23/04/2018,18:00,Norrkoping,Sirius,1,0,H,1.46,4.77,7.5,1.49,5,7.5,1.45,4.64,6.5,,,,,,
Sweden,Allsvenskan,2018,27/04/2018,18:00,AIK,Sirius,2,0,H,1.4,4.71,9.47,1.44,4.95,9.75,1.39,4.54,8.44,,,,,,
Sweden,Allsvenskan,2018,28/04/2018,15:00,Goteborg,Hacken,2,1,H,3.32,3.34,2.3,3.6,3.4,2.4,3.29,3.24,2.23,,,,,,
Sweden,Allsvenskan,2018,29/04/2018,14:00,Djurgarden,Hammarby,1,2,A,2.17,3.53,3.49,2.23,3.6,3.65,2.14,3.44,3.34,,,,,,
Sweden,Allsvenskan,2018,29/04/2018,14:00,Sundsvall,Elfsborg,2,1,H,2.56,3.41,2.89,2.6,3.45,3,2.48,3.3,2.84,,,,,,
Sweden,Allsvenskan,2018,29/04/2018,16:30,Kalmar,Malmo FF,3,0,H,4.48,3.54,1.91,4.55,3.6,1.95,4.27,3.44,1.88,,,,,,
Sweden,Allsvenskan,2018,29/04/2018,16:30,Norrkoping,Trelleborgs,1,2,A,1.35,5.53,9.12,1.35,5.8,10.25,1.32,5.29,8.84,,,,,,
Sweden,Allsvenskan,2018,30/04/2018,15:00,Brommapojkarna,Ostersunds,0,4,A,5.28,4.07,1.68,5.5,4.1,1.73,5.01,3.87,1.67,,,,,,
Sweden,Allsvenskan,2018,30/04/2018,17:00,Orebro,Dalkurd,3,2,H,2.23,3.42,3.47,2.28,3.5,3.55,2.19,3.33,3.32,,,,,,
Sweden,Allsvenskan,2018,02/05/2018,18:00,Sirius,AIK,2,3,A,5.59,3.8,1.7,5.6,3.85,1.73,5.28,3.67,1.68,,,,,,
Sweden,Allsvenskan,2018,03/05/2018,18:00,Malmo FF,Djurgarden,1,0,H,1.75,3.68,5.41,1.83,3.8,5.41,1.74,3.64,4.78,,,,,,
Sweden,Allsvenskan,2018,05/05/2018,13:00,Hammarby,Sundsvall,4,3,H,1.53,4.39,6.65,1.58,4.8,6.75,1.52,4.29,6.07,,,,,,
Sweden,Allsvenskan,2018,05/05/2018,15:00,Ostersunds,Norrkoping,0,2,A,1.68,4.32,4.83,1.75,4.34,4.9,1.7,4.02,4.54,,,,,,
Sweden,Allsvenskan,2018,06/05/2018,14:00,Brommapojkarna,Djurgarden,1,0,H,6.56,4.29,1.54,6.8,4.5,1.58,6.04,4.18,1.52,,,,,,
Sweden,Allsvenskan,2018,06/05/2018,14:00,Dalkurd,Kalmar,1,2,A,2.22,3.29,3.59,2.31,3.45,3.66,2.21,3.23,3.38,,,,,,
Sweden,Allsvenskan,2018,06/05/2018,16:30,Elfsborg,AIK,0,0,D,3.52,3.53,2.14,3.8,3.55,2.21,3.52,3.33,2.11,,,,,,
Sweden,Allsvenskan,2018,06/05/2018,16:30,Trelleborgs,Hacken,0,3,A,5.12,3.89,1.72,5.35,3.95,1.76,4.98,3.73,1.69,,,,,,
Sweden,Allsvenskan,2018,07/05/2018,18:00,Malmo FF,Goteborg,1,2,A,1.5,4.24,7.77,1.56,4.6,7.77,1.48,4.17,6.89,,,,,,
Sweden,Allsvenskan,2018,07/05/2018,18:00,Sirius,Orebro,2,4,A,2.8,3.37,2.64,2.83,3.49,2.76,2.67,3.31,2.62,,,,,,
Sweden,Allsvenskan,2018,12/05/2018,15:00,Sundsvall,Brommapojkarna,3,0,H,2.01,3.47,4.05,2.08,3.6,4.05,1.99,3.43,3.75,,,,,,
Sweden,Allsvenskan,2018,13/05/2018,14:00,Djurgarden,Dalkurd,1,0,H,1.6,3.91,6.53,1.62,4.2,6.65,1.58,3.93,5.88,,,,,,
Sweden,Allsvenskan,2018,13/05/2018,14:00,Goteborg,Norrkoping,0,2,A,2.54,3.54,2.81,2.59,3.55,3.05,2.45,3.39,2.8,,,,,,
Sweden,Allsvenskan,2018,13/05/2018,16:30,Orebro,Hammarby,1,2,A,2.93,3.63,2.41,3.03,3.7,2.5,2.87,3.49,2.36,,,,,,
Sweden,Allsvenskan,2018,13/05/2018,16:30,Trelleborgs,Malmo FF,1,0,H,7.87,4.79,1.43,9,4.9,1.5,7.42,4.5,1.43,,,,,,
Sweden,Allsvenskan,2018,14/05/2018,18:00,AIK,Ostersunds,1,1,D,1.98,3.24,4.54,2.05,3.35,4.85,1.96,3.19,4.28,,,,,,
Sweden,Allsvenskan,2018,14/05/2018,18:00,Hacken,Elfsborg,5,0,H,1.58,4.15,6.34,1.67,4.2,6.7,1.6,3.92,5.71,,,,,,
Sweden,Allsvenskan,2018,14/05/2018,18:00,Kalmar,Sirius,1,0,H,1.74,3.58,5.58,1.8,3.75,5.8,1.72,3.59,5.07,,,,,,
Sweden,Allsvenskan,2018,16/05/2018,18:00,Hammarby,Malmo FF,3,2,H,2.31,3.85,2.93,2.35,3.95,3.2,2.25,3.7,2.92,,,,,,
Sweden,Allsvenskan,2018,17/05/2018,18:00,Djurgarden,Orebro,2,0,H,1.48,4.41,7.66,1.53,4.55,7.69,1.48,4.26,6.92,,,,,,
Sweden,Allsvenskan,2018,18/05/2018,18:00,Brommapojkarna,Kalmar,2,1,H,3.39,3.28,2.31,3.48,3.5,2.36,3.21,3.3,2.26,,,,,,
Sweden,Allsvenskan,2018,19/05/2018,15:00,Sirius,Trelleborgs,1,1,D,2.03,3.48,3.93,2.1,3.68,4,2.03,3.46,3.65,,,,,,
Sweden,Allsvenskan,2018,19/05/2018,15:00,Sundsvall,Ostersunds,2,3,A,3.69,3.62,2.05,3.8,3.74,2.1,3.6,3.5,2.03,,,,,,
Sweden,Allsvenskan,2018,19/05/2018,17:00,Norrkoping,Dalkurd,4,2,H,1.79,3.52,5.2,1.83,3.9,5.2,1.75,3.68,4.7,,,,,,
Sweden,Allsvenskan,2018,20/05/2018,14:00,Hammarby,AIK,0,1,A,2.98,3.35,2.5,3.05,3.55,2.56,2.88,3.29,2.45,,,,,,
Sweden,Allsvenskan,2018,20/05/2018,16:30,Malmo FF,Hacken,2,0,H,2.68,3.24,2.83,2.72,3.5,2.94,2.58,3.26,2.75,,,,,,
Sweden,Allsvenskan,2018,21/05/2018,18:00,Elfsborg,Goteborg,1,1,D,2.29,3.45,3.25,2.36,3.5,3.35,2.27,3.37,3.13,,,,,,
Sweden ,Allsvenskan ,2018,22/05/2018,18:00,Orebro,Kalmar,2,1,H,2.28,3.5,3.23,2.37,3.55,3.45,2.25,3.37,3.16,,,,,,
Sweden ,Allsvenskan ,2018,23/05/2018,18:00,Hacken,AIK,1,1,D,2.54,3.15,3.12,2.57,3.3,3.3,2.47,3.15,2.99,,,,,,
Sweden ,Allsvenskan ,2018,23/05/2018,18:00,Norrkoping,Sundsvall,1,0,H,1.5,4.65,6.59,1.55,5.05,7.5,1.47,4.58,6.35,,,,,,
Sweden ,Allsvenskan ,2018,23/05/2018,18:00,Ostersunds,Sirius,5,2,H,1.43,4.8,7.81,1.46,5,8.25,1.42,4.65,7.19,,,,,,
Sweden ,Allsvenskan ,2018,24/05/2018,18:00,Dalkurd,Elfsborg,1,4,A,2.46,3.52,2.92,2.63,3.6,2.95,2.46,3.41,2.79,,,,,,
Sweden ,Allsvenskan ,2018,24/05/2018,18:00,Goteborg,Djurgarden,1,3,A,3.04,3.29,2.5,3.15,3.4,2.65,2.95,3.2,2.47,,,,,,
Sweden ,Allsvenskan ,2018,24/05/2018,18:00,Trelleborgs,Brommapojkarna,2,1,H,2.18,3.54,3.44,2.25,3.6,3.52,2.17,3.4,3.31,,,,,,
Sweden,Allsvenskan,2018,26/05/2018,15:00,AIK,Norrkoping,3,3,D,1.65,3.81,6.15,1.74,3.94,6.3,1.65,3.72,5.57,,,,,,
Sweden,Allsvenskan,2018,26/05/2018,17:00,Ostersunds,Hacken,2,0,H,2.01,3.33,4.25,2.05,3.7,4.25,1.95,3.46,3.92,,,,,,
Sweden,Allsvenskan,2018,27/05/2018,14:00,Kalmar,Hammarby,1,1,D,3.23,3.48,2.3,3.25,3.5,2.43,3.11,3.34,2.3,,,,,,
Sweden,Allsvenskan,2018,27/05/2018,14:00,Malmo FF,Dalkurd,1,1,D,1.38,5.2,8.79,1.38,5.55,9.9,1.35,5.16,8.24,,,,,,
Sweden,Allsvenskan,2018,27/05/2018,14:00,Sundsvall,Goteborg,2,0,H,2.86,3.47,2.53,3,3.55,2.63,2.79,3.38,2.49,,,,,,
Sweden,Allsvenskan,2018,27/05/2018,16:30,Brommapojkarna,Orebro,0,0,D,3.4,3.72,2.13,3.5,3.75,2.29,3.29,3.49,2.14,,,,,,
Sweden,Allsvenskan,2018,27/05/2018,16:30,Elfsborg,Trelleborgs,2,1,H,1.47,4.39,8.07,1.53,4.65,8.5,1.45,4.34,7.28,,,,,,
Sweden,Allsvenskan,2018,27/05/2018,16:30,Sirius,Djurgarden,1,5,A,4.85,3.99,1.74,5.1,4.05,1.8,4.77,3.77,1.72,,,,,,
Sweden,Allsvenskan,2018,03/07/2018,18:00,Sirius,Sundsvall,1,3,A,2.46,3.75,2.78,2.55,3.82,2.9,2.42,3.57,2.75,,,,,,
Sweden,Allsvenskan,2018,07/07/2018,12:00,Sirius,Malmo FF,0,4,A,7.45,4.52,1.48,8.22,4.7,1.5,7.18,4.48,1.44,,,,,,
Sweden,Allsvenskan,2018,07/07/2018,18:30,Dalkurd,Brommapojkarna,3,0,H,1.66,3.94,5.65,1.73,4,5.65,1.66,3.84,5.12,,,,,,
Sweden,Allsvenskan,2018,07/07/2018,18:30,Hacken,Sundsvall,3,0,H,1.49,4.58,7.07,1.53,4.9,7.3,1.48,4.45,6.41,,,,,,
Sweden,Allsvenskan,2018,07/07/2018,18:30,Trelleborgs,AIK,1,4,A,7.49,3.73,1.58,7.49,4,1.62,6.42,3.75,1.57,,,,,,
Sweden,Allsvenskan,2018,08/07/2018,14:00,Goteborg,Kalmar,1,3,A,2.33,3.17,3.46,2.36,3.4,3.5,2.27,3.17,3.32,,,,,,
Sweden,Allsvenskan,2018,08/07/2018,16:30,Djurgarden,Norrkoping,1,1,D,2.08,3.51,3.75,2.13,3.6,3.8,2.04,3.46,3.59,,,,,,
Sweden,Allsvenskan,2018,08/07/2018,16:30,Orebro,Elfsborg,1,2,A,2.37,3.62,2.99,2.38,3.72,3.1,2.31,3.5,2.97,,,,,,
Sweden,Allsvenskan,2018,09/07/2018,18:00,Hammarby,Ostersunds,1,2,A,2.05,3.71,3.64,2.1,3.82,3.9,2.04,3.59,3.51,,,,,,
Sweden,Allsvenskan,2018,14/07/2018,17:00,Brommapojkarna,Sirius,0,1,A,2.19,3.77,3.22,2.29,3.82,3.4,2.18,3.55,3.17,,,,,,
Sweden,Allsvenskan,2018,14/07/2018,17:00,Dalkurd,Trelleborgs,2,2,D,1.62,4.01,6.03,1.69,4.16,6.05,1.62,3.9,5.52,,,,,,
Sweden,Allsvenskan,2018,14/07/2018,17:00,Malmo FF,Ostersunds,1,1,D,1.66,4.06,5.45,1.73,4.1,5.55,1.66,3.94,5.05,,,,,,
Sweden,Allsvenskan,2018,14/07/2018,19:00,Goteborg,Orebro,2,0,H,2.24,3.38,3.43,2.3,3.6,3.48,2.2,3.37,3.28,,,,,,
Sweden,Allsvenskan,2018,15/07/2018,13:00,Kalmar,Djurgarden,0,1,A,3.03,3.24,2.54,3.06,3.26,2.75,2.94,3.12,2.53,,,,,,
Sweden,Allsvenskan,2018,15/07/2018,13:00,Norrkoping,Hacken,2,1,H,2.31,3.43,3.25,2.35,3.7,3.36,2.25,3.44,3.13,,,,,,
Sweden,Allsvenskan,2018,15/07/2018,13:00,Sundsvall,AIK,0,1,A,4.87,3.44,1.86,4.96,3.5,1.91,4.61,3.4,1.84,,,,,,
Sweden,Allsvenskan,2018,16/07/2018,18:00,Elfsborg,Hammarby,0,0,D,2.32,3.64,3.05,2.38,3.85,3.27,2.24,3.61,3.01,,,,,,
Sweden,Allsvenskan,2018,21/07/2018,15:00,Orebro,Malmo FF,1,2,A,4.86,4.16,1.71,5.25,4.3,1.71,4.84,4.03,1.66,,,,,,
Sweden,Allsvenskan,2018,21/07/2018,15:00,Ostersunds,Trelleborgs,4,1,H,1.34,5.13,11.13,1.35,5.65,12,1.31,5.22,10.07,,,,,,
Sweden,Allsvenskan,2018,21/07/2018,17:00,Kalmar,Sundsvall,0,2,A,1.93,3.53,4.38,1.93,3.73,4.72,1.84,3.53,4.37,,,,,,
Sweden,Allsvenskan,2018,22/07/2018,14:00,AIK,Brommapojkarna,5,1,H,1.23,6.21,17.77,1.25,6.6,19,1.22,6.02,15.21,,,,,,
Sweden,Allsvenskan,2018,22/07/2018,14:00,Djurgarden,Hacken,2,1,H,1.97,3.42,4.37,2.01,3.5,4.4,1.95,3.38,4.04,,,,,,
Sweden,Allsvenskan,2018,22/07/2018,16:30,Sirius,Goteborg,3,2,H,2.79,3.68,2.5,2.93,3.74,2.55,2.78,3.47,2.44,,,,,,
Sweden,Allsvenskan,2018,23/07/2018,18:00,Hammarby,Dalkurd,4,1,H,1.56,4.25,6.61,1.57,4.6,6.65,1.53,4.3,5.84,,,,,,
Sweden,Allsvenskan,2018,23/07/2018,18:00,Norrkoping,Elfsborg,1,0,H,1.82,3.95,4.42,1.89,4.02,4.5,1.8,3.83,4.19,,,,,,
Sweden,Allsvenskan,2018,28/07/2018,15:00,Goteborg,Brommapojkarna,3,0,H,1.58,4.16,6.34,1.62,4.3,6.34,1.57,4.11,5.62,,,,,,
Sweden,Allsvenskan,2018,28/07/2018,15:00,Ostersunds,Elfsborg,1,0,H,1.85,3.8,4.47,1.9,3.92,4.65,1.82,3.7,4.26,,,,,,
Sweden,Allsvenskan,2018,28/07/2018,17:00,Dalkurd,Sirius,1,3,A,2.02,3.69,3.81,2.07,3.85,4,2,3.61,3.59,,,,,,
Sweden,Allsvenskan,2018,28/07/2018,17:00,Malmo FF,Norrkoping,2,1,H,1.6,4.31,5.76,1.63,4.44,5.95,1.58,4.18,5.39,,,,,,
Sweden,Allsvenskan,2018,29/07/2018,14:00,AIK,Kalmar,1,0,H,1.51,4,8.69,1.57,4.1,8.76,1.52,3.91,6.92,,,,,,
Sweden,Allsvenskan,2018,29/07/2018,14:00,Djurgarden,Sundsvall,1,1,D,1.39,4.82,9.77,1.53,4.95,9.77,1.41,4.57,7.67,,,,,,
Sweden,Allsvenskan,2018,29/07/2018,16:30,Hacken,Orebro,1,1,D,1.63,4.07,5.89,1.7,4.33,5.89,1.61,4.06,5.27,,,,,,
Sweden,Allsvenskan,2018,30/07/2018,18:00,Trelleborgs,Hammarby,1,3,A,6.37,4.46,1.54,6.37,4.55,1.6,5.78,4.33,1.53,,,,,,
Sweden,Allsvenskan,2018,04/08/2018,15:00,Brommapojkarna,Dalkurd,2,1,H,2.35,3.63,3.05,2.4,3.64,3.1,2.32,3.43,2.98,,,,,,
Sweden,Allsvenskan,2018,04/08/2018,15:00,Kalmar,Goteborg,2,1,H,2.03,3.44,4.07,2.13,3.45,4.12,2.03,3.31,3.78,,,,,,
Sweden,Allsvenskan,2018,05/08/2018,14:00,Hammarby,Trelleborgs,1,0,H,1.25,6.53,13.18,1.26,7.08,14.77,1.23,6.41,11.75,,,,,,
Sweden,Allsvenskan,2018,05/08/2018,16:30,Orebro,Hacken,1,2,A,3.27,3.69,2.21,3.3,3.69,2.3,3.14,3.5,2.2,,,,,,
Sweden,Allsvenskan,2018,06/08/2018,18:00,Elfsborg,Ostersunds,0,2,A,2.69,3.63,2.62,2.72,3.63,2.66,2.63,3.46,2.57,,,,,,
Sweden,Allsvenskan,2018,06/08/2018,18:00,Sundsvall,Norrkoping,1,1,D,4.54,3.86,1.82,4.7,3.86,1.88,4.23,3.69,1.81,,,,,,
Sweden,Allsvenskan,2018,10/08/2018,18:00,Dalkurd,Malmo FF,0,1,A,7.17,4.18,1.53,7.17,4.6,1.55,6.41,4.3,1.5,,,,,,
Sweden,Allsvenskan,2018,10/08/2018,18:00,Goteborg,Sirius,2,3,A,1.96,3.25,4.66,1.96,3.8,4.66,1.89,3.55,4.08,,,,,,
Sweden,Allsvenskan,2018,11/08/2018,17:00,Orebro,Brommapojkarna,0,1,A,1.81,3.56,4.93,1.83,3.9,5.18,1.76,3.73,4.55,,,,,,
Sweden,Allsvenskan,2018,12/08/2018,14:00,Hacken,Djurgarden,5,0,H,2.71,3.24,2.85,2.74,3.4,2.85,2.6,3.25,2.77,,,,,,
Sweden,Allsvenskan,2018,12/08/2018,14:00,Ostersunds,Kalmar,2,0,H,1.85,3.74,4.49,1.95,3.8,4.65,1.85,3.55,4.31,,,,,,
Sweden,Allsvenskan,2018,12/08/2018,16:30,AIK,Elfsborg,1,0,H,1.55,3.89,7.93,1.59,4.45,8.03,1.51,4.05,6.98,,,,,,
Sweden,Allsvenskan,2018,13/08/2018,18:00,Norrkoping,Hammarby,0,0,D,2.46,3.68,2.84,2.51,3.75,3.05,2.41,3.56,2.79,,,,,,
Sweden,Allsvenskan,2018,13/08/2018,18:00,Trelleborgs,Sundsvall,1,6,A,3.07,3.48,2.4,3.1,3.5,2.47,2.97,3.38,2.36,,,,,,
Sweden,Allsvenskan,2018,17/08/2018,18:00,Sirius,Dalkurd,2,3,A,1.92,3.74,4.14,2,3.9,4.2,1.89,3.67,3.91,,,,,,
Sweden,Allsvenskan,2018,18/08/2018,15:00,Malmo FF,Trelleborgs,3,0,H,1.21,7.02,16.45,1.24,7.25,17.62,1.2,6.65,13.82,,,,,,
Sweden,Allsvenskan,2018,19/08/2018,14:00,Elfsborg,Norrkoping,0,1,A,3.31,3.43,2.3,3.35,3.58,2.36,3.16,3.39,2.24,,,,,,
Sweden,Allsvenskan,2018,19/08/2018,14:00,Sundsvall,Hacken,0,2,A,3.66,3.66,2.07,3.75,3.77,2.26,3.49,3.59,2.04,,,,,,
Sweden,Allsvenskan,2018,19/08/2018,16:30,Brommapojkarna,AIK,0,2,A,9.13,5.1,1.38,10.02,5.2,1.4,8.86,4.82,1.36,,,,,,
Sweden,Allsvenskan,2018,19/08/2018,16:30,Djurgarden,Kalmar,0,2,A,1.56,4.03,7,1.61,4.1,7,1.57,3.88,6.12,,,,,,
Sweden,Allsvenskan,2018,20/08/2018,18:00,Goteborg,Ostersunds,2,1,H,2.81,3.34,2.68,2.81,3.4,2.76,2.65,3.27,2.67,,,,,,
Sweden,Allsvenskan,2018,20/08/2018,18:00,Hammarby,Orebro,2,0,H,1.42,5.16,7.53,1.44,5.5,9.5,1.38,5.02,7.4,,,,,,
Sweden,Allsvenskan,2018,26/08/2018,14:00,Hacken,Brommapojkarna,6,0,H,1.23,6.76,14.82,1.25,7.1,17,1.21,6.61,13.05,,,,,,
Sweden,Allsvenskan,2018,26/08/2018,14:00,Malmo FF,Sirius,5,0,H,1.34,5.68,9.53,1.38,5.8,10,1.33,5.36,8.53,,,,,,
Sweden,Allsvenskan,2018,26/08/2018,14:00,Ostersunds,Sundsvall,1,2,A,1.7,4.09,5.09,1.75,4.2,5.2,1.68,3.97,4.85,,,,,,
Sweden,Allsvenskan,2018,26/08/2018,16:30,AIK,Trelleborgs,2,0,H,1.18,7.21,22.16,1.22,7.5,22.85,1.18,6.76,17.31,,,,,,
Sweden,Allsvenskan,2018,26/08/2018,16:30,Djurgarden,Elfsborg,2,2,D,1.85,3.54,4.84,1.95,3.6,4.84,1.84,3.48,4.43,,,,,,
Sweden,Allsvenskan,2018,27/08/2018,18:00,Dalkurd,Hammarby,2,3,A,6.45,4.2,1.57,6.51,4.4,1.6,5.84,4.17,1.55,,,,,,
Sweden,Allsvenskan,2018,27/08/2018,18:00,Kalmar,Orebro,0,1,A,1.72,3.91,5.24,1.77,4,5.25,1.72,3.77,4.79,,,,,,
Sweden,Allsvenskan,2018,27/08/2018,18:00,Norrkoping,Goteborg,2,1,H,1.57,4.29,6.32,1.57,4.5,6.65,1.53,4.21,6.04,,,,,,
Sweden,Allsvenskan,2018,31/08/2018,18:00,Trelleborgs,Norrkoping,1,1,D,8.66,4.89,1.41,9.5,5.05,1.44,7.93,4.75,1.39,,,,,,
Sweden,Allsvenskan,2018,01/09/2018,15:00,AIK,Hacken,3,0,H,1.81,3.51,5.19,1.87,3.65,5.35,1.78,3.44,4.94,,,,,,
Sweden,Allsvenskan,2018,01/09/2018,17:00,Orebro,Ostersunds,2,1,H,3.02,3.38,2.48,3.06,3.5,2.52,2.93,3.3,2.43,,,,,,
Sweden,Allsvenskan,2018,02/09/2018,14:00,Brommapojkarna,Malmo FF,0,3,A,14.83,5.43,1.29,14.83,6,1.32,11.63,5.52,1.27,,,,,,
Sweden,Allsvenskan,2018,02/09/2018,14:00,Dalkurd,Goteborg,1,1,D,3.52,3.46,2.19,3.52,3.6,2.5,3.35,3.45,2.14,,,,,,
Sweden,Allsvenskan,2018,02/09/2018,14:30,Hammarby,Djurgarden,1,3,A,2.19,3.51,3.48,2.25,3.6,3.7,2.14,3.44,3.36,,,,,,
Sweden,Allsvenskan,2018,02/09/2018,16:30,Elfsborg,Kalmar,1,1,D,2.35,3.28,3.35,2.37,3.4,3.55,2.28,3.26,3.2,,,,,,
Sweden,Allsvenskan,2018,02/09/2018,16:30,Sundsvall,Sirius,4,0,H,1.83,3.75,4.64,1.91,3.9,4.65,1.82,3.76,4.23,,,,,,
Sweden,Allsvenskan,2018,15/09/2018,15:00,Orebro,Sundsvall,2,1,H,2.42,3.44,3.06,2.45,3.5,3.09,2.37,3.37,2.96,,,,,,
Sweden,Allsvenskan,2018,15/09/2018,17:00,Ostersunds,Malmo FF,2,3,A,4.23,3.64,1.93,4.25,3.7,2.05,3.96,3.53,1.92,,,,,,
Sweden,Allsvenskan,2018,16/09/2018,14:00,Norrkoping,AIK,2,0,H,3.26,3.31,2.4,3.27,3.31,2.47,3.13,3.2,2.36,,,,,,
Sweden,Allsvenskan,2018,16/09/2018,16:30,Djurgarden,Brommapojkarna,0,1,A,1.33,5.08,11.79,1.36,6,13.35,1.31,5.39,9.97,,,,,,
Sweden,Allsvenskan,2018,16/09/2018,16:30,Goteborg,Elfsborg,2,2,D,2.49,3.43,3.02,2.49,3.5,3.25,2.33,3.39,3.02,,,,,,
Sweden,Allsvenskan,2018,17/09/2018,18:00,Hacken,Trelleborgs,2,1,H,1.23,6.52,15.14,1.24,7,17.15,1.21,6.48,13.41,,,,,,
Sweden,Allsvenskan,2018,17/09/2018,18:00,Kalmar,Dalkurd,0,0,D,1.51,4.44,7.08,1.58,4.45,7.08,1.5,4.23,6.5,,,,,,
Sweden,Allsvenskan,2018,17/09/2018,18:00,Sirius,Hammarby,1,1,D,5.56,4.38,1.61,5.8,4.5,1.62,5.21,4.29,1.58,,,,,,
Sweden,Allsvenskan,2018,21/09/2018,18:00,Brommapojkarna,Sundsvall,1,3,A,3.22,3.64,2.21,3.4,3.7,2.25,3.2,3.54,2.17,,,,,,
Sweden,Allsvenskan,2018,22/09/2018,15:00,Elfsborg,Orebro,1,0,H,1.69,3.92,5.3,1.73,4.1,5.5,1.67,3.88,4.97,,,,,,
Sweden,Allsvenskan,2018,22/09/2018,15:00,Sirius,Ostersunds,0,1,A,3.16,3.6,2.26,3.33,3.68,2.33,3.09,3.51,2.23,,,,,,
Sweden,Allsvenskan,2018,22/09/2018,15:00,Trelleborgs,Djurgarden,0,3,A,6.25,4.69,1.5,7.1,4.85,1.63,5.98,4.35,1.52,,,,,,
Sweden,Allsvenskan,2018,22/09/2018,17:00,Dalkurd,Norrkoping,0,2,A,5.31,4.18,1.64,5.7,4.33,1.68,5.21,4.09,1.62,,,,,,
Sweden,Allsvenskan,2018,23/09/2018,14:00,AIK,Hammarby,1,0,H,2.01,3.37,4.13,2.06,3.52,4.2,1.99,3.38,3.88,,,,,,
Sweden,Allsvenskan,2018,23/09/2018,16:30,Malmo FF,Kalmar,4,0,H,1.44,4.53,7.98,1.47,4.8,9,1.42,4.55,7.61,,,,,,
Sweden,Allsvenskan,2018,24/09/2018,18:00,Hacken,Goteborg,4,1,H,1.72,3.87,5.07,1.78,4.1,5.25,1.71,3.82,4.77,,,,,,
Sweden,Allsvenskan,2018,25/09/2018,18:00,Orebro,Sirius,0,0,D,1.9,3.65,4.27,1.95,3.7,4.27,1.89,3.56,4.01,,,,,,
Sweden,Allsvenskan,2018,26/09/2018,18:00,Hammarby,Elfsborg,0,1,A,1.75,3.78,5.01,1.78,4.2,5.01,1.73,3.86,4.5,,,,,,
Sweden,Allsvenskan,2018,26/09/2018,18:00,Norrkoping,Malmo FF,3,1,H,3.04,3.21,2.53,3.05,3.4,2.55,2.92,3.25,2.46,,,,,,
Sweden,Allsvenskan,2018,26/09/2018,18:00,Ostersunds,Brommapojkarna,3,1,H,1.48,4.52,7.05,1.52,4.7,7.2,1.47,4.42,6.47,,,,,,
Sweden,Allsvenskan,2018,26/09/2018,18:00,Sundsvall,Djurgarden,1,1,D,3.12,3.37,2.38,3.12,3.43,2.46,2.97,3.33,2.38,,,,,,
Sweden,Allsvenskan,2018,26/09/2018,18:00,Trelleborgs,Dalkurd,0,1,A,2.62,3.39,2.77,2.75,3.5,2.84,2.58,3.34,2.69,,,,,,
Sweden,Allsvenskan,2018,27/09/2018,18:00,Goteborg,AIK,0,2,A,5.27,3.4,1.81,5.5,3.7,1.82,5.06,3.44,1.76,,,,,,
Sweden,Allsvenskan,2018,27/09/2018,18:00,Kalmar,Hacken,1,2,A,3.32,3.37,2.28,3.4,3.45,2.31,3.2,3.33,2.24,,,,,,
Sweden,Allsvenskan,2018,29/09/2018,15:00,Sirius,Norrkoping,1,1,D,5.1,3.97,1.7,5.25,4.09,1.71,4.93,3.91,1.67,,,,,,
Sweden,Allsvenskan,2018,30/09/2018,14:00,Dalkurd,AIK,0,4,A,11.26,4.43,1.38,13,5.05,1.38,10.87,4.75,1.33,,,,,,
Sweden,Allsvenskan,2018,30/09/2018,14:00,Kalmar,Brommapojkarna,1,1,D,1.61,3.93,6.18,1.65,4.2,6.18,1.6,3.92,5.59,,,,,,
Sweden,Allsvenskan,2018,30/09/2018,16:30,Djurgarden,Ostersunds,0,2,A,1.84,3.73,4.5,1.96,3.73,4.5,1.89,3.57,4.07,,,,,,
Sweden,Allsvenskan,2018,30/09/2018,16:30,Malmo FF,Sundsvall,0,0,D,1.34,5.06,10.1,1.37,5.5,11,1.32,5.18,9.43,,,,,,
Sweden,Allsvenskan,2018,01/10/2018,18:00,Elfsborg,Hacken,0,3,A,2.88,3.68,2.43,3.05,3.68,2.46,2.86,3.49,2.37,,,,,,
Sweden,Allsvenskan,2018,01/10/2018,18:00,Hammarby,Goteborg,3,0,H,1.43,4.74,7.77,1.46,4.9,8,1.41,4.67,7.37,,,,,,
Sweden,Allsvenskan,2018,01/10/2018,18:00,Orebro,Trelleborgs,4,0,H,1.51,4.44,6.59,1.55,4.64,7,1.5,4.35,6.18,,,,,,
Sweden,Allsvenskan,2018,05/10/2018,18:00,Ostersunds,Dalkurd,3,0,H,1.42,4.68,8.06,1.44,5,9,1.41,4.65,7.55,,,,,,
Sweden,Allsvenskan,2018,06/10/2018,13:00,Sirius,Elfsborg,4,2,H,3.28,3.37,2.33,3.3,3.42,2.4,3.12,3.3,2.29,,,,,,
Sweden,Allsvenskan,2018,06/10/2018,15:00,Goteborg,Trelleborgs,2,2,D,1.45,4.21,8.76,1.45,5,9,1.4,4.62,7.84,,,,,,
Sweden,Allsvenskan,2018,07/10/2018,14:00,Hacken,Malmo FF,1,1,D,2.76,3.49,2.62,2.76,3.5,2.85,2.59,3.36,2.66,,,,,,
Sweden,Allsvenskan,2018,07/10/2018,16:30,AIK,Orebro,1,1,D,1.28,5.15,14.57,1.31,6,18,1.26,5.35,13.06,,,,,,
Sweden,Allsvenskan,2018,07/10/2018,16:30,Brommapojkarna,Hammarby,2,4,A,8.31,5.07,1.38,9,5.25,1.4,7.86,4.95,1.37,,,,,,
Sweden,Allsvenskan,2018,07/10/2018,16:30,Norrkoping,Djurgarden,1,1,D,1.97,3.49,4.2,2.05,3.75,4.33,1.95,3.45,3.94,,,,,,
Sweden,Allsvenskan,2018,08/10/2018,18:00,Sundsvall,Kalmar,2,0,H,2.16,3.37,3.67,2.17,3.5,3.75,2.09,3.35,3.56,,,,,,
Sweden,Allsvenskan,2018,20/10/2018,12:00,Malmo FF,Hammarby,2,1,H,1.78,3.96,4.52,1.8,4.25,4.75,1.75,3.91,4.36,,,,,,
Sweden,Allsvenskan,2018,20/10/2018,15:00,Dalkurd,Orebro,1,0,H,3.17,3.5,2.33,3.2,3.52,2.35,3.09,3.38,2.28,,,,,,
Sweden,Allsvenskan,2018,21/10/2018,14:00,Djurgarden,AIK,0,0,D,3.73,3.21,2.21,4,3.3,2.25,3.68,3.16,2.14,,,,,,
Sweden,Allsvenskan,2018,21/10/2018,14:00,Hacken,Ostersunds,2,0,H,1.7,4.13,4.86,1.75,4.15,5,1.69,3.95,4.68,,,,,,
Sweden,Allsvenskan,2018,21/10/2018,16:30,Elfsborg,Sundsvall,2,0,H,2.45,3.56,2.92,2.46,3.58,2.98,2.4,3.4,2.87,,,,,,
Sweden,Allsvenskan,2018,21/10/2018,16:30,Kalmar,Norrkoping,1,2,A,3.69,3.33,2.17,4.2,3.55,2.17,3.69,3.4,2.04,,,,,,
Sweden,Allsvenskan,2018,21/10/2018,16:30,Trelleborgs,Sirius,1,2,A,3.15,3.45,2.36,3.4,3.51,2.36,3.12,3.4,2.26,,,,,,
Sweden,Allsvenskan,2018,22/10/2018,18:00,Brommapojkarna,Goteborg,0,2,A,3.35,3.45,2.26,3.4,3.45,2.4,3.18,3.34,2.25,,,,,,
Sweden,Allsvenskan,2018,26/10/2018,18:00,Goteborg,Sundsvall,1,2,A,2.23,3.66,3.23,2.38,3.66,3.23,2.22,3.51,3.11,,,,,,
Sweden,Allsvenskan,2018,26/10/2018,18:00,Trelleborgs,Elfsborg,2,2,D,4.76,4.55,1.65,5.25,4.6,1.71,4.81,4.18,1.64,,,,,,
Sweden,Allsvenskan,2018,27/10/2018,13:00,Dalkurd,Hacken,0,5,A,5.37,3.85,1.69,5.85,4.4,1.7,5.22,3.97,1.63,,,,,,
Sweden,Allsvenskan,2018,28/10/2018,14:00,Hammarby,Kalmar,0,0,D,1.36,5.04,9.05,1.4,5.3,9.5,1.36,4.95,8.41,,,,,,
Sweden,Allsvenskan,2018,28/10/2018,14:00,Orebro,Djurgarden,1,1,D,3.35,3.53,2.22,3.35,3.6,2.3,3.18,3.47,2.19,,,,,,
Sweden,Allsvenskan,2018,28/10/2018,16:30,Norrkoping,Ostersunds,4,2,H,1.63,4.05,5.72,1.73,4.2,6,1.62,3.93,5.46,,,,,,
Sweden,Allsvenskan,2018,28/10/2018,16:30,Sirius,Brommapojkarna,4,2,H,1.85,3.68,4.5,1.88,4.05,4.95,1.82,3.72,4.23,,,,,,
Sweden,Allsvenskan,2018,29/10/2018,18:00,AIK,Malmo FF,1,1,D,2.36,3.12,3.47,2.39,3.25,3.5,2.29,3.11,3.32,,,,,,
Sweden,Allsvenskan,2018,30/10/2018,18:00,Elfsborg,Dalkurd,0,0,D,1.59,3.99,6.26,1.6,4.33,6.6,1.56,4.09,5.75,,,,,,
Sweden,Allsvenskan,2018,31/10/2018,18:00,Brommapojkarna,Norrkoping,0,1,A,7.94,5.17,1.38,8.5,5.5,1.4,7.5,5.12,1.37,,,,,,
Sweden,Allsvenskan,2018,31/10/2018,18:00,Djurgarden,Goteborg,2,0,H,1.58,4.04,6.27,1.6,4.2,6.5,1.56,4.05,5.91,,,,,,
Sweden,Allsvenskan,2018,31/10/2018,18:00,Hacken,Sirius,2,1,H,1.28,6.07,10.5,1.29,6.25,13.5,1.27,5.85,10.24,,,,,,
Sweden,Allsvenskan,2018,31/10/2018,18:00,Kalmar,Trelleborgs,2,1,H,1.47,4.77,6.65,1.48,5,7.28,1.44,4.64,6.58,,,,,,
Sweden,Allsvenskan,2018,31/10/2018,18:00,Sundsvall,Hammarby,2,3,A,3.3,3.81,2.14,3.45,4,2.2,3.2,3.71,2.1,,,,,,
Sweden,Allsvenskan,2018,01/11/2018,18:00,Malmo FF,Orebro,4,0,H,1.31,5.46,10.59,1.33,5.9,13,1.31,5.33,9.52,,,,,,
Sweden,Allsvenskan,2018,01/11/2018,18:00,Ostersunds,AIK,1,2,A,5.05,3.76,1.75,5.05,3.8,1.78,4.77,3.63,1.74,,,,,,
Sweden,Allsvenskan,2018,04/11/2018,14:00,Goteborg,Malmo FF,0,3,A,6.46,4.82,1.46,7,5,1.49,6.56,4.68,1.44,,,,,,
Sweden,Allsvenskan,2018,04/11/2018,14:00,Norrkoping,Orebro,3,2,H,1.34,4.92,9.94,1.36,5.55,10.25,1.33,5.18,8.8,,,,,,
Sweden,Allsvenskan,2018,04/11/2018,16:30,AIK,Sundsvall,0,0,D,1.33,5.01,9.9,1.38,5.31,11.5,1.33,4.96,9.09,,,,,,
Sweden,Allsvenskan,2018,04/11/2018,16:30,Hammarby,Hacken,1,0,H,2.54,3.56,2.76,2.73,3.6,2.76,2.55,3.48,2.64,,,,,,
Sweden,Allsvenskan,2018,05/11/2018,18:00,Dalkurd,Djurgarden,1,2,A,3.7,3.65,2.02,3.8,3.8,2.06,3.61,3.62,1.98,,,,,,
Sweden,Allsvenskan,2018,05/11/2018,18:00,Elfsborg,Brommapojkarna,1,2,A,1.74,4.19,4.39,1.76,4.4,4.6,1.71,4.12,4.36,,,,,,
Sweden,Allsvenskan,2018,05/11/2018,18:00,Sirius,Kalmar,1,1,D,2.57,3.54,2.74,2.59,3.6,2.8,2.48,3.48,2.71,,,,,,
Sweden,Allsvenskan,2018,05/11/2018,18:00,Trelleborgs,Ostersunds,0,1,A,4.06,4,1.83,4.4,4.2,1.89,3.99,3.96,1.8,,,,,,
Sweden,Allsvenskan,2018,11/11/2018,14:00,Brommapojkarna,Trelleborgs,3,0,H,1.38,5.49,6.97,1.42,5.49,7.55,1.39,5.05,7.01,,,,,,
Sweden,Allsvenskan,2018,11/11/2018,14:00,Djurgarden,Sirius,1,0,H,1.42,4.89,7.06,1.48,5,7.5,1.43,4.73,6.72,,,,,,
Sweden,Allsvenskan,2018,11/11/2018,14:00,Hacken,Norrkoping,0,1,A,2.54,3.8,2.63,2.8,3.81,2.7,2.57,3.64,2.53,,,,,,
Sweden,Allsvenskan,2018,11/11/2018,14:00,Kalmar,AIK,0,1,A,5.59,3.15,1.83,5.75,3.5,1.89,5.04,3.22,1.82,,,,,,
Sweden,Allsvenskan,2018,11/11/2018,14:00,Malmo FF,Elfsborg,2,0,H,1.17,7.81,13.89,1.2,8.4,17,1.17,7.29,14.39,,,,,,
Sweden,Allsvenskan,2018,11/11/2018,14:00,Orebro,Goteborg,1,3,A,2.02,3.87,3.51,2.1,3.87,3.75,2.01,3.66,3.45,,,,,,
Sweden,Allsvenskan,2018,11/11/2018,14:00,Ostersunds,Hammarby,3,3,D,4.22,4.1,1.78,4.6,4.2,1.82,4.16,3.94,1.77,,,,,,
Sweden,Allsvenskan,2018,11/11/2018,14:00,Sundsvall,Dalkurd,0,1,A,1.88,3.83,4.01,1.91,4.15,4.33,1.85,3.83,3.88,,,,,,
Sweden,Allsvenskan,2018,22/11/2018,18:00,AFC Eskilstuna,Brommapojkarna,0,1,A,2.34,3.12,3.45,2.44,3.17,3.63,2.31,3,3.34,,,,,,
Sweden,Allsvenskan,2018,25/11/2018,13:45,Brommapojkarna,AFC Eskilstuna,1,2,A,2.47,3.11,3.23,2.5,3.15,3.4,2.38,3.01,3.18,,,,,,
Sweden,Allsvenskan,2019,31/03/2019,14:00,AIK,Ostersunds,0,0,D,1.78,3.19,6.27,1.84,3.42,6.27,1.76,3.21,5.54,,,,,,
Sweden,Allsvenskan,2019,31/03/2019,14:00,Falkenbergs,Orebro,1,0,H,2.73,3.39,2.71,2.85,3.4,2.71,2.71,3.26,2.59,,,,,,
Sweden,Allsvenskan,2019,31/03/2019,14:00,Kalmar,Sirius,0,2,A,1.76,3.59,5.26,1.81,3.85,5.4,1.75,3.52,4.87,,,,,,
Sweden,Allsvenskan,2019,31/03/2019,16:30,AFC Eskilstuna,Goteborg,3,1,H,2.74,3.11,2.91,2.74,3.15,3.05,2.56,3.04,2.92,,,,,,
Sweden,Allsvenskan,2019,31/03/2019,16:30,Helsingborg,Norrkoping,3,1,H,2.85,3.32,2.64,3,3.4,2.66,2.79,3.22,2.54,,,,,,
Sweden,Allsvenskan,2019,01/04/2019,18:00,Djurgarden,Sundsvall,2,2,D,1.88,3.36,4.87,1.92,3.55,5.25,1.85,3.35,4.52,,,,,,
Sweden,Allsvenskan,2019,01/04/2019,18:00,Elfsborg,Hammarby,1,1,D,3.21,3.36,2.37,3.21,3.52,2.48,3.03,3.3,2.33,,,,,,
Sweden,Allsvenskan,2019,01/04/2019,18:00,Malmo FF,Hacken,1,1,D,1.99,3.17,4.62,2.01,3.6,4.8,1.94,3.19,4.3,,,,,,
Sweden,Allsvenskan,2019,06/04/2019,15:00,Hacken,Helsingborg,2,1,H,1.64,4.02,5.59,1.64,4.33,6.25,1.57,4.01,5.71,,,,,,
Sweden,Allsvenskan,2019,06/04/2019,15:00,Sundsvall,Malmo FF,3,1,H,4.79,3.37,1.89,4.79,3.75,1.92,4.39,3.41,1.85,,,,,,
Sweden,Allsvenskan,2019,07/04/2019,14:00,Goteborg,Elfsborg,3,0,H,2.61,3.25,2.94,2.63,3.38,3,2.5,3.19,2.86,,,,,,
Sweden,Allsvenskan,2019,07/04/2019,14:00,Ostersunds,Falkenbergs,3,2,H,1.51,4.17,7.39,1.53,4.47,7.85,1.49,4.1,6.73,,,,,,
Sweden,Allsvenskan,2019,07/04/2019,16:30,Hammarby,Kalmar,1,1,D,1.81,3.41,5.25,1.84,3.8,5.4,1.75,3.53,4.84,,,,,,
Sweden,Allsvenskan,2019,08/04/2019,18:00,Norrkoping,AIK,0,0,D,2.89,3.17,2.72,2.96,3.22,2.73,2.84,3.05,2.61,,,,,,
Sweden,Allsvenskan,2019,08/04/2019,18:00,Orebro,Djurgarden,0,3,A,4.2,3.22,2.06,4.2,3.5,2.08,3.75,3.34,2.02,,,,,,
Sweden,Allsvenskan,2019,08/04/2019,18:00,Sirius,AFC Eskilstuna,3,2,H,2.24,3.27,3.58,2.29,3.3,3.58,2.22,3.17,3.38,,,,,,
Sweden,Allsvenskan,2019,12/04/2019,18:00,AFC Eskilstuna,Orebro,1,1,D,2.39,3.27,3.27,2.44,3.35,3.3,2.35,3.2,3.08,,,,,,
Sweden,Allsvenskan,2019,13/04/2019,12:30,Falkenbergs,Hacken,0,3,A,6.39,4.81,1.48,7,4.81,1.53,6.27,4.47,1.47,,,,,,
Sweden,Allsvenskan,2019,13/04/2019,15:00,Kalmar,Norrkoping,2,2,D,3.13,3.21,2.5,3.2,3.32,2.6,2.94,3.14,2.47,,,,,,
Sweden,Allsvenskan,2019,14/04/2019,14:00,AIK,Sirius,2,1,H,1.4,4.58,9.38,1.41,5,11,1.38,4.52,8.7,,,,,,
Sweden,Allsvenskan,2019,14/04/2019,14:00,Elfsborg,Sundsvall,3,1,H,2.43,3.42,3.06,2.48,3.48,3.2,2.32,3.32,3.03,,,,,,
Sweden,Allsvenskan,2019,14/04/2019,16:30,Malmo FF,Ostersunds,2,0,H,1.5,4.08,7.86,1.51,4.6,7.86,1.47,4.28,6.83,,,,,,
Sweden,Allsvenskan,2019,15/04/2019,18:00,Djurgarden,Goteborg,2,1,H,1.6,3.97,6.18,1.65,4.15,6.18,1.6,3.87,5.61,,,,,,
Sweden,Allsvenskan,2019,15/04/2019,18:00,Helsingborg,Hammarby,2,1,H,2.77,3.42,2.65,2.81,3.53,2.77,2.68,3.32,2.58,,,,,,
Sweden,Allsvenskan,2019,19/04/2019,12:30,Ostersunds,Elfsborg,1,1,D,2.3,3.27,3.44,2.34,3.45,3.5,2.23,3.24,3.28,,,,,,
Sweden,Allsvenskan,2019,19/04/2019,15:00,Norrkoping,Falkenbergs,4,3,H,1.3,5.4,11.28,1.33,6,11.5,1.3,5.33,9.42,,,,,,
Sweden,Allsvenskan,2019,19/04/2019,15:00,Orebro,AIK,2,1,H,4.87,3.03,2.01,5,3.37,2.02,4.52,3.16,1.91,,,,,,
Sweden,Allsvenskan,2019,20/04/2019,12:30,Sundsvall,Kalmar,1,2,A,2.4,3.24,3.27,2.44,3.4,3.35,2.31,3.2,3.14,,,,,,
Sweden,Allsvenskan,2019,20/04/2019,15:00,Sirius,Malmo FF,0,1,A,5.59,4.11,1.63,6.15,4.3,1.63,5.4,4.07,1.58,,,,,,
Sweden,Allsvenskan,2019,21/04/2019,14:00,Hacken,Djurgarden,0,1,A,1.85,3.75,4.42,1.89,3.75,4.5,1.83,3.58,4.24,,,,,,
Sweden,Allsvenskan,2019,21/04/2019,16:30,Hammarby,AFC Eskilstuna,3,1,H,1.37,4.87,9.44,1.42,5.05,9.44,1.38,4.68,8.18,,,,,,
Sweden,Allsvenskan,2019,22/04/2019,14:00,Goteborg,Helsingborg,3,1,H,2.48,3.31,3.07,2.5,3.5,3.07,2.41,3.28,2.92,,,,,,
Sweden,Allsvenskan,2019,24/04/2019,18:00,AFC Eskilstuna,Ostersunds,0,1,A,3,3.3,2.54,3.1,3.32,2.54,2.93,3.2,2.45,,,,,,
Sweden,Allsvenskan,2019,24/04/2019,18:00,AIK,Hacken,1,0,H,2.23,3.14,3.78,2.25,3.3,3.8,2.19,3.15,3.49,,,,,,
Sweden,Allsvenskan,2019,24/04/2019,18:00,Elfsborg,Orebro,4,2,H,1.72,3.92,5.03,1.75,3.93,5.25,1.71,3.75,4.72,,,,,,
Sweden,Allsvenskan,2019,24/04/2019,18:00,Falkenbergs,Sirius,0,0,D,2.65,3.46,2.75,2.65,3.6,2.8,2.55,3.42,2.64,,,,,,
Sweden,Allsvenskan,2019,24/04/2019,18:00,Malmo FF,Hammarby,4,1,H,1.64,3.9,5.9,1.65,4.2,6,1.6,3.9,5.5,,,,,,
Sweden,Allsvenskan,2019,25/04/2019,17:45,Djurgarden,Norrkoping,1,1,D,1.97,3.64,3.99,2.08,3.64,4.1,1.97,3.42,3.8,,,,,,
Sweden,Allsvenskan,2019,25/04/2019,18:00,Helsingborg,Sundsvall,1,1,D,1.99,3.58,3.97,2.06,3.62,4,2.01,3.42,3.68,,,,,,
Sweden,Allsvenskan,2019,25/04/2019,18:00,Kalmar,Goteborg,1,1,D,2.38,3.21,3.33,2.4,3.33,3.5,2.3,3.18,3.19,,,,,,
Sweden,Allsvenskan,2019,27/04/2019,15:00,Sirius,Elfsborg,2,4,A,3.14,3.42,2.38,3.2,3.55,2.43,3.01,3.34,2.32,,,,,,
Sweden,Allsvenskan,2019,28/04/2019,14:00,Hacken,AFC Eskilstuna,3,0,H,1.32,5.08,11.62,1.34,5.7,12,1.31,5.11,10.13,,,,,,
Sweden,Allsvenskan,2019,28/04/2019,14:00,Hammarby,Djurgarden,2,1,H,2.86,3.31,2.64,3,3.31,2.66,2.81,3.2,2.53,,,,,,
Sweden,Allsvenskan,2019,28/04/2019,16:30,Norrkoping,Malmo FF,1,1,D,3.55,3.42,2.19,3.6,3.55,2.2,3.43,3.35,2.12,,,,,,
Sweden,Allsvenskan,2019,29/04/2019,18:00,Goteborg,AIK,3,0,H,3.06,3.07,2.65,3.6,3.3,2.65,3.05,3.04,2.46,,,,,,
Sweden,Allsvenskan,2019,29/04/2019,18:00,Orebro,Kalmar,1,1,D,2.96,3.22,2.62,2.96,3.28,2.73,2.83,3.16,2.55,,,,,,
Sweden,Allsvenskan,2019,29/04/2019,18:00,Ostersunds,Helsingborg,3,0,H,2.04,3.43,4,2.04,3.62,4.1,1.99,3.35,3.82,,,,,,
Sweden,Allsvenskan,2019,29/04/2019,18:00,Sundsvall,Falkenbergs,3,1,H,1.63,4.19,5.36,1.72,4.22,5.75,1.64,3.96,5.05,,,,,,
Sweden,Allsvenskan,2019,04/05/2019,12:30,AIK,AFC Eskilstuna,2,1,H,1.56,3.58,8.41,1.58,4,8.41,1.52,3.76,7.22,,,,,,
Sweden,Allsvenskan,2019,04/05/2019,15:00,Sirius,Goteborg,2,4,A,3.14,3.29,2.45,3.2,3.34,2.48,3.04,3.22,2.37,,,,,,
Sweden,Allsvenskan,2019,05/05/2019,14:00,Falkenbergs,Malmo FF,1,2,A,8.67,4.91,1.38,10,5.25,1.39,8.36,4.86,1.36,,,,,,
Sweden,Allsvenskan,2019,05/05/2019,14:00,Hacken,Sundsvall,1,0,H,1.49,4.49,6.94,1.51,4.67,7.5,1.46,4.36,6.65,,,,,,
Sweden,Allsvenskan,2019,05/05/2019,14:00,Kalmar,Ostersunds,1,1,D,2.16,3.36,3.69,2.19,3.43,3.72,2.11,3.27,3.53,,,,,,
Sweden,Allsvenskan,2019,05/05/2019,16:30,Orebro,Hammarby,2,3,A,4.46,4.14,1.75,4.6,4.14,1.85,4.21,3.8,1.78,,,,,,
Sweden,Allsvenskan,2019,06/05/2019,18:00,Elfsborg,Norrkoping,0,0,D,2.65,3.34,2.83,2.65,3.52,2.9,2.53,3.31,2.74,,,,,,
Sweden,Allsvenskan,2019,06/05/2019,18:00,Helsingborg,Djurgarden,1,1,D,3.66,3.42,2.14,3.67,3.5,2.2,3.47,3.34,2.11,,,,,,
Sweden,Allsvenskan,2019,10/05/2019,18:00,Hammarby,Sirius,2,0,H,1.35,5.34,8.68,1.4,5.6,10.5,1.34,5.08,8.37,,,,,,
Sweden,Allsvenskan,2019,11/05/2019,12:30,Ostersunds,Hacken,1,1,D,3.45,3.45,2.21,3.78,3.57,2.22,3.35,3.38,2.14,,,,,,
Sweden,Allsvenskan,2019,11/05/2019,15:00,AFC Eskilstuna,Falkenbergs,0,0,D,2.33,3.24,3.4,2.37,3.42,3.5,2.25,3.22,3.27,,,,,,
Sweden,Allsvenskan,2019,11/05/2019,15:00,Kalmar,Helsingborg,1,0,H,1.85,3.62,4.63,1.9,3.75,4.7,1.84,3.49,4.33,,,,,,
Sweden,Allsvenskan,2019,11/05/2019,17:00,Sundsvall,Orebro,1,2,A,1.78,3.76,4.84,1.8,3.85,4.9,1.75,3.69,4.55,,,,,,
Sweden,Allsvenskan,2019,12/05/2019,14:00,Djurgarden,AIK,0,2,A,2.77,2.93,3.05,2.85,3.07,3.05,2.66,2.92,2.91,,,,,,
Sweden,Allsvenskan,2019,12/05/2019,16:30,Malmo FF,Elfsborg,4,1,H,1.49,4.29,7.41,1.49,4.65,7.6,1.45,4.38,6.82,,,,,,
Sweden,Allsvenskan,2019,13/05/2019,18:00,Norrkoping,Goteborg,1,2,A,2.38,3.42,3.14,2.41,3.54,3.3,2.28,3.33,3.09,,,,,,
Sweden,Allsvenskan,2019,14/05/2019,18:00,Hammarby,Ostersunds,4,0,H,1.51,4.61,6.32,1.55,4.61,7,1.49,4.37,6.2,,,,,,
Sweden,Allsvenskan,2019,15/05/2019,18:00,Elfsborg,AFC Eskilstuna,1,0,H,1.56,4.01,6.81,1.58,4.25,6.85,1.54,3.97,6.11,,,,,,
Sweden,Allsvenskan,2019,15/05/2019,18:00,Falkenbergs,Djurgarden,0,3,A,4.23,3.61,1.92,4.43,3.73,2.02,3.99,3.49,1.9,,,,,,
Sweden,Allsvenskan,2019,15/05/2019,18:00,Hacken,Kalmar,1,0,H,1.85,3.53,4.72,1.9,3.6,4.8,1.84,3.42,4.41,,,,,,
Sweden,Allsvenskan,2019,15/05/2019,18:00,Helsingborg,AIK,1,3,A,3.13,3.1,2.57,3.22,3.17,2.6,3.05,3.04,2.47,,,,,,
Sweden,Allsvenskan,2019,15/05/2019,18:00,Sirius,Sundsvall,1,0,H,2.63,3.33,2.86,2.71,3.45,2.91,2.57,3.23,2.74,,,,,,
Sweden,Allsvenskan,2019,16/05/2019,18:00,Goteborg,Malmo FF,0,0,D,3.37,3.26,2.34,3.4,3.35,2.38,3.17,3.22,2.29,,,,,,
Sweden,Allsvenskan,2019,16/05/2019,18:00,Orebro,Norrkoping,1,2,A,3.98,3.84,1.92,3.98,3.84,2,3.75,3.62,1.93,,,,,,
Sweden,Allsvenskan,2019,18/05/2019,15:00,AFC Eskilstuna,Helsingborg,1,1,D,3.26,3.06,2.52,3.26,3.25,2.67,2.94,3.1,2.5,,,,,,
Sweden,Allsvenskan,2019,19/05/2019,14:00,Malmo FF,Kalmar,1,0,H,1.61,3.84,6.46,1.63,4.15,6.7,1.59,3.86,5.83,,,,,,
Sweden,Allsvenskan,2019,19/05/2019,14:00,Sirius,Hacken,3,4,A,4.79,3.75,1.79,5.05,3.93,1.79,4.57,3.71,1.75,,,,,,
Sweden,Allsvenskan,2019,19/05/2019,16:30,Djurgarden,Elfsborg,2,0,H,1.76,3.63,5.25,1.85,3.83,5.3,1.77,3.55,4.69,,,,,,
Sweden,Allsvenskan,2019,20/05/2019,18:00,AIK,Falkenbergs,2,0,H,1.43,4.21,9.66,1.47,4.5,10,1.42,4.21,8.39,,,,,,
Sweden,Allsvenskan,2019,20/05/2019,18:00,Goteborg,Hammarby,0,0,D,2.6,3.28,2.93,2.6,3.5,2.98,2.48,3.3,2.82,,,,,,
Sweden,Allsvenskan,2019,20/05/2019,18:00,Norrkoping,Sundsvall,2,0,H,1.56,4.06,6.58,1.59,4.42,6.58,1.54,4.1,5.88,,,,,,
Sweden,Allsvenskan,2019,20/05/2019,18:00,Ostersunds,Orebro,1,3,A,1.92,3.65,4.18,1.94,3.98,4.2,1.88,3.7,3.88,,,,,,
Sweden,Allsvenskan,2019,24/05/2019,18:00,Sundsvall,AIK,1,1,D,3.94,3.16,2.16,4.1,3.4,2.17,3.77,3.15,2.08,,,,,,
Sweden,Allsvenskan,2019,25/05/2019,15:00,Hacken,Goteborg,1,2,A,2.28,3.35,3.41,2.32,3.5,3.55,2.17,3.33,3.32,,,,,,
Sweden,Allsvenskan,2019,25/05/2019,15:00,Malmo FF,AFC Eskilstuna,5,0,H,1.34,5.06,9.86,1.36,5.55,11,1.33,5.01,9.2,,,,,,
Sweden,Allsvenskan,2019,25/05/2019,17:00,Helsingborg,Falkenbergs,1,1,D,1.98,3.52,4.07,2.02,3.75,4.4,1.92,3.51,3.91,,,,,,
Sweden,Allsvenskan,2019,26/05/2019,14:00,Djurgarden,Ostersunds,3,1,H,1.58,4.09,6.19,1.61,4.3,6.19,1.57,4.02,5.75,,,,,,
Sweden,Allsvenskan,2019,26/05/2019,16:30,Kalmar,Elfsborg,1,1,D,2.12,3.3,3.9,2.2,3.43,3.95,2.07,3.24,3.69,,,,,,
Sweden,Allsvenskan,2019,27/05/2019,18:00,Hammarby,Norrkoping,2,2,D,2.13,3.63,3.48,2.15,3.7,3.6,2.08,3.5,3.37,,,,,,
Sweden,Allsvenskan,2019,27/05/2019,18:00,Orebro,Sirius,0,2,A,2.37,3.47,3.12,2.37,3.6,3.5,2.24,3.4,3.11,,,,,,
Sweden,Allsvenskan,2019,28/05/2019,18:00,Malmo FF,Sundsvall,2,1,H,1.32,5.34,10.14,1.39,5.8,11,1.33,5.09,9.01,,,,,,
Sweden,Allsvenskan,2019,01/06/2019,15:00,Goteborg,Orebro,0,1,A,1.51,4.4,6.8,1.55,4.55,6.8,1.5,4.28,6.1,,,,,,
Sweden,Allsvenskan,2019,01/06/2019,15:00,Sirius,Djurgarden,0,2,A,4.25,3.64,1.91,4.6,4,1.91,4.14,3.56,1.86,,,,,,
Sweden,Allsvenskan,2019,01/06/2019,17:00,Falkenbergs,Kalmar,0,0,D,3.13,3.23,2.48,3.3,3.4,2.5,3.05,3.18,2.38,,,,,,
Sweden,Allsvenskan,2019,01/06/2019,17:00,Ostersunds,Sundsvall,1,1,D,2.06,3.56,3.77,2.15,3.68,3.77,2.04,3.48,3.52,,,,,,
Sweden,Allsvenskan,2019,02/06/2019,14:00,AFC Eskilstuna,Norrkoping,0,2,A,5.79,3.97,1.63,6.25,4.25,1.65,5.55,3.89,1.6,,,,,,
Sweden,Allsvenskan,2019,02/06/2019,14:00,AIK,Hammarby,2,0,H,2.51,3.06,3.27,2.57,3.2,3.4,2.43,3.04,3.1,,,,,,
Sweden,Allsvenskan,2019,02/06/2019,14:00,Elfsborg,Hacken,0,0,D,3.01,3.31,2.52,3.03,3.45,2.55,2.9,3.27,2.43,,,,,,
Sweden,Allsvenskan,2019,02/06/2019,16:30,Helsingborg,Malmo FF,0,1,A,5.94,4.04,1.61,6.5,4.07,1.68,5.38,3.87,1.62,,,,,,
Sweden,Allsvenskan,2019,25/06/2019,18:00,AIK,Norrkoping,0,2,A,1.97,3.4,4.32,2.1,3.47,4.4,1.95,3.32,4.07,,,,,,
Sweden,Allsvenskan,2019,28/06/2019,17:00,Orebro,Helsingborg,0,1,A,2.8,3.35,2.63,2.8,3.4,2.75,2.68,3.28,2.59,,,,,,
Sweden,Allsvenskan,2019,29/06/2019,15:00,Ostersunds,Goteborg,0,0,D,3.8,3.23,2.16,3.8,3.5,2.19,3.51,3.29,2.12,,,,,,
Sweden,Allsvenskan,2019,29/06/2019,17:00,Falkenbergs,Elfsborg,2,1,H,2.85,3.22,2.68,2.9,3.38,2.71,2.73,3.2,2.6,,,,,,
Sweden,Allsvenskan,2019,29/06/2019,22:00,Sundsvall,AFC Eskilstuna,0,0,D,2.13,2.99,4.33,2.19,3.25,4.33,2.11,3,3.96,,,,,,
Sweden,Allsvenskan,2019,30/06/2019,14:00,AIK,Malmo FF,0,0,D,3.56,3.05,2.35,3.64,3.08,2.38,3.47,2.97,2.29,,,,,,
Sweden,Allsvenskan,2019,30/06/2019,16:30,Norrkoping,Sirius,0,1,A,1.47,4.63,6.96,1.49,4.95,8.1,1.44,4.58,6.76,,,,,,
Sweden,Allsvenskan,2019,01/07/2019,18:00,Djurgarden,Kalmar,2,0,H,2.04,3.18,4.34,2.07,3.4,4.34,1.99,3.21,4.04,,,,,,
Sweden,Allsvenskan,2019,01/07/2019,18:00,Hacken,Hammarby,2,0,H,2.02,3.8,3.62,2.05,3.9,3.9,2,3.63,3.5,,,,,,
Sweden,Allsvenskan,2019,06/07/2019,14:00,Kalmar,AIK,0,1,A,2.8,2.81,3.07,2.97,2.9,3.07,2.79,2.78,2.91,,,,,,
Sweden,Allsvenskan,2019,06/07/2019,14:00,Sirius,Ostersunds,1,1,D,2.29,3.28,3.34,2.36,3.5,3.34,2.24,3.3,3.2,,,,,,
Sweden,Allsvenskan,2019,06/07/2019,15:00,Goteborg,Sundsvall,2,1,H,1.65,3.68,5.92,1.72,3.7,6.2,1.66,3.53,5.6,,,,,,
Sweden,Allsvenskan,2019,06/07/2019,18:00,Malmo FF,Orebro,2,1,H,1.21,6.6,14.07,1.25,7,16.25,1.21,6.31,13.11,,,,,,
Sweden,Allsvenskan,2019,07/07/2019,14:00,Hammarby,Falkenbergs,6,2,H,1.38,5.22,7.56,1.42,5.4,8.2,1.37,5.13,7.21,,,,,,
Sweden,Allsvenskan,2019,07/07/2019,14:00,Norrkoping,Hacken,2,1,H,2.58,3.39,2.79,2.59,3.58,2.88,2.49,3.36,2.76,,,,,,
Sweden,Allsvenskan,2019,08/07/2019,18:00,AFC Eskilstuna,Djurgarden,1,1,D,6.52,3.86,1.58,7,3.95,1.6,6.39,3.75,1.56,,,,,,
Sweden,Allsvenskan,2019,08/07/2019,18:00,Elfsborg,Helsingborg,1,1,D,2.13,3.34,3.69,2.13,3.5,3.75,2.06,3.34,3.6,,,,,,
Sweden,Allsvenskan,2019,13/07/2019,15:00,AIK,Elfsborg,3,0,H,1.81,3.32,5.49,1.83,3.58,5.55,1.77,3.35,5.08,,,,,,
Sweden,Allsvenskan,2019,13/07/2019,15:00,Falkenbergs,Goteborg,1,1,D,3.91,3.62,2,4.1,3.7,2.02,3.79,3.54,1.95,,,,,,
Sweden,Allsvenskan,2019,13/07/2019,17:00,AFC Eskilstuna,Kalmar,3,1,H,3.79,3.16,2.2,4.06,3.25,2.24,3.69,3.07,2.16,,,,,,
Sweden,Allsvenskan,2019,14/07/2019,14:00,Hacken,Orebro,3,0,H,1.38,4.98,8.56,1.42,5.2,9,1.37,4.86,7.91,,,,,,
Sweden,Allsvenskan,2019,14/07/2019,14:00,Ostersunds,Norrkoping,2,1,H,3.79,3.64,2.02,3.8,3.68,2.08,3.59,3.5,2.02,,,,,,
Sweden,Allsvenskan,2019,14/07/2019,16:30,Djurgarden,Malmo FF,1,1,D,2.96,3.21,2.59,3,3.3,2.65,2.9,3.13,2.52,,,,,,
Sweden,Allsvenskan,2019,15/07/2019,18:00,Helsingborg,Sirius,1,0,H,1.97,3.51,4.15,1.99,3.55,4.25,1.94,3.4,4,,,,,,
Sweden,Allsvenskan,2019,15/07/2019,18:00,Sundsvall,Hammarby,2,3,A,5.83,4.23,1.58,6,4.35,1.63,5.46,4.07,1.58,,,,,,
Sweden,Allsvenskan,2019,20/07/2019,15:00,AIK,Helsingborg,2,0,H,1.78,3.45,5.36,1.83,3.62,5.75,1.75,3.4,5.16,,,,,,
Sweden,Allsvenskan,2019,20/07/2019,15:00,Orebro,Falkenbergs,4,0,H,2.46,3.49,2.92,2.48,3.63,3.2,2.36,3.45,2.89,,,,,,
Sweden,Allsvenskan,2019,20/07/2019,17:00,Sundsvall,Hacken,0,1,A,5.84,3.97,1.63,5.9,4.12,1.68,5.5,3.82,1.63,,,,,,
Sweden,Allsvenskan,2019,21/07/2019,14:00,Goteborg,AFC Eskilstuna,1,0,H,1.45,4.38,8.03,1.49,4.5,8.7,1.45,4.19,7.55,,,,,,
Sweden,Allsvenskan,2019,21/07/2019,14:00,Malmo FF,Sirius,1,1,D,1.3,5.22,12.13,1.33,5.6,12.75,1.3,5.13,10.65,,,,,,
Sweden,Allsvenskan,2019,21/07/2019,16:30,Norrkoping,Ostersunds,3,0,H,1.6,4.38,5.45,1.63,4.45,6,1.57,4.22,5.42,,,,,,
Sweden,Allsvenskan,2019,22/07/2019,18:00,Hammarby,Elfsborg,5,2,H,1.51,4.62,6.26,1.54,4.85,6.9,1.48,4.49,6.18,,,,,,
Sweden,Allsvenskan,2019,22/07/2019,18:00,Kalmar,Djurgarden,0,1,A,3.66,3.2,2.23,3.75,3.3,2.29,3.52,3.19,2.16,,,,,,
Sweden,Allsvenskan,2019,27/07/2019,15:00,Falkenbergs,Sundsvall,2,0,H,2.14,3.49,3.56,2.27,3.5,3.6,2.18,3.35,3.3,,,,,,
Sweden,Allsvenskan,2019,27/07/2019,15:00,Sirius,AIK,0,2,A,4.01,3.18,2.12,4.2,3.25,2.2,3.78,3.12,2.1,,,,,,
Sweden,Allsvenskan,2019,27/07/2019,17:00,AFC Eskilstuna,Hammarby,1,6,A,6.77,4.65,1.48,8,4.75,1.52,6.64,4.45,1.46,,,,,,
Sweden,Allsvenskan,2019,28/07/2019,14:00,Djurgarden,Hacken,2,0,H,2.13,3.5,3.58,2.18,3.5,3.65,2.1,3.37,3.49,,,,,,
Sweden,Allsvenskan,2019,28/07/2019,14:00,Ostersunds,Malmo FF,0,0,D,3.85,3.31,2.11,4.25,3.64,2.2,3.8,3.37,2,,,,,,
Sweden,Allsvenskan,2019,28/07/2019,16:30,Goteborg,Norrkoping,0,0,D,2.37,3.34,3.19,2.39,3.45,3.3,2.31,3.29,3.09,,,,,,
Sweden,Allsvenskan,2019,29/07/2019,18:00,Elfsborg,Kalmar,2,1,H,2.36,3.33,3.22,2.39,3.45,3.3,2.28,3.3,3.14,,,,,,
Sweden,Allsvenskan,2019,29/07/2019,18:00,Helsingborg,Orebro,1,4,A,2.1,3.43,3.76,2.15,3.52,3.9,2.05,3.39,3.63,,,,,,
Sweden,Allsvenskan,2019,03/08/2019,15:00,Ostersunds,AFC Eskilstuna,1,2,A,1.62,4.05,5.73,1.72,4.05,6,1.64,3.85,5.21,,,,,,
Sweden,Allsvenskan,2019,03/08/2019,17:00,Falkenbergs,Helsingborg,1,1,D,2.77,3.34,2.67,2.8,3.44,2.8,2.67,3.25,2.64,,,,,,
Sweden,Allsvenskan,2019,04/08/2019,14:00,Kalmar,Hammarby,2,2,D,4.03,3.82,1.91,4.1,3.92,1.96,3.89,3.72,1.87,,,,,,
Sweden,Allsvenskan,2019,04/08/2019,16:30,Hacken,Sirius,4,1,H,1.47,4.56,7.04,1.51,4.6,7.04,1.47,4.38,6.5,,,,,,
Sweden,Allsvenskan,2019,05/08/2019,18:00,Elfsborg,Djurgarden,0,1,A,5.25,4.03,1.67,5.25,4.07,1.75,4.8,3.89,1.68,,,,,,
Sweden,Allsvenskan,2019,05/08/2019,18:00,Orebro,Goteborg,2,2,D,3.18,3.16,2.48,3.25,3.4,2.48,3.03,3.21,2.39,,,,,,
Sweden,Allsvenskan,2019,10/08/2019,15:00,Djurgarden,Sirius,4,0,H,1.38,4.9,8.71,1.42,5,9,1.38,4.75,8.03,,,,,,
Sweden,Allsvenskan,2019,10/08/2019,17:00,Sundsvall,Ostersunds,1,1,D,2.48,3.2,3.14,2.6,3.52,3.15,2.42,3.16,3.02,,,,,,
Sweden,Allsvenskan,2019,11/08/2019,14:00,AFC Eskilstuna,AIK,2,4,A,8.09,3.82,1.53,8.09,3.92,1.57,7.14,3.75,1.53,,,,,,
Sweden,Allsvenskan,2019,11/08/2019,14:00,Hacken,Malmo FF,1,1,D,2.92,3.23,2.61,2.92,3.4,2.65,2.76,3.23,2.57,,,,,,
Sweden,Allsvenskan,2019,11/08/2019,16:30,Hammarby,Helsingborg,2,1,H,1.47,4.76,6.57,1.51,4.85,6.75,1.46,4.59,6.26,,,,,,
Sweden,Allsvenskan,2019,11/08/2019,16:30,Norrkoping,Elfsborg,2,0,H,1.64,4.01,5.62,1.68,4.15,5.62,1.62,3.95,5.23,,,,,,
Sweden,Allsvenskan,2019,12/08/2019,18:00,Goteborg,Falkenbergs,1,1,D,1.79,3.72,4.75,1.86,3.95,4.75,1.76,3.73,4.46,,,,,,
Sweden,Allsvenskan,2019,12/08/2019,18:00,Kalmar,Orebro,1,1,D,2.14,3.38,3.66,2.27,3.48,3.68,2.13,3.29,3.5,,,,,,
Sweden,Allsvenskan,2019,17/08/2019,15:00,Hammarby,Sundsvall,3,0,H,1.33,5.5,9.38,1.36,5.75,11,1.31,5.31,9.24,,,,,,
Sweden,Allsvenskan,2019,18/08/2019,14:00,AIK,Kalmar,1,2,A,1.75,3.36,5.96,1.77,3.6,6.25,1.72,3.37,5.54,,,,,,
Sweden,Allsvenskan,2019,18/08/2019,14:00,Orebro,Hacken,1,2,A,3.93,3.69,1.97,4,3.72,2.05,3.75,3.56,1.95,,,,,,
Sweden,Allsvenskan,2019,18/08/2019,14:00,Sirius,Norrkoping,0,2,A,4.27,3.95,1.82,4.4,3.95,1.98,3.98,3.68,1.87,,,,,,
Sweden,Allsvenskan,2019,18/08/2019,16:30,Malmo FF,Falkenbergs,5,0,H,1.26,6.22,11.51,1.29,6.4,13,1.25,5.94,11.16,,,,,,
Sweden,Allsvenskan,2019,19/08/2019,18:00,Djurgarden,AFC Eskilstuna,3,0,H,1.16,7.84,19.82,1.18,8.25,23,1.15,7.47,18.06,,,,,,
Sweden,Allsvenskan,2019,19/08/2019,18:00,Elfsborg,Ostersunds,4,1,H,1.95,3.57,4.16,2.01,3.7,4.16,1.91,3.51,3.98,,,,,,
Sweden,Allsvenskan,2019,19/08/2019,18:00,Helsingborg,Goteborg,1,2,A,2.92,3.16,2.66,3.05,3.4,2.68,2.89,3.09,2.55,,,,,,
Sweden,Allsvenskan,2019,24/08/2019,15:00,Sirius,Orebro,3,4,A,2.46,3.46,2.95,2.51,3.55,2.97,2.43,3.4,2.83,,,,,,
Sweden,Allsvenskan,2019,25/08/2019,14:00,AFC Eskilstuna,Hacken,0,2,A,8.58,5.22,1.36,10,5.22,1.4,8.6,4.9,1.36,,,,,,
Sweden,Allsvenskan,2019,25/08/2019,14:00,Norrkoping,Helsingborg,5,0,H,1.45,4.65,7.36,1.51,4.9,8.15,1.42,4.62,7.44,,,,,,
Sweden,Allsvenskan,2019,25/08/2019,14:00,Ostersunds,AIK,1,3,A,4.58,3.55,1.87,4.8,3.55,2.03,4.4,3.4,1.87,,,,,,
Sweden,Allsvenskan,2019,25/08/2019,16:30,Malmo FF,Djurgarden,0,1,A,1.93,3.53,4.3,1.98,3.53,4.5,1.91,3.4,4.17,,,,,,
Sweden,Allsvenskan,2019,26/08/2019,18:00,Falkenbergs,Hammarby,0,2,A,5.67,4.85,1.52,6.1,5.05,1.55,5.6,4.68,1.5,,,,,,
Sweden,Allsvenskan,2019,26/08/2019,18:00,Goteborg,Kalmar,4,0,H,2,3.47,4.07,2.05,3.5,4.1,1.99,3.34,3.91,,,,,,
Sweden,Allsvenskan,2019,26/08/2019,18:00,Sundsvall,Elfsborg,1,2,A,2.45,3.32,3.06,2.6,3.48,3.1,2.47,3.26,2.89,,,,,,
Sweden,Allsvenskan,2019,30/08/2019,18:00,Helsingborg,Ostersunds,2,0,H,2.18,3.26,3.71,2.22,3.4,3.73,2.14,3.23,3.54,,,,,,
Sweden,Allsvenskan,2019,31/08/2019,12:30,Elfsborg,Sirius,1,1,D,2.07,3.5,3.75,2.09,3.67,4,2,3.54,3.61,,,,,,
Sweden,Allsvenskan,2019,31/08/2019,15:00,Orebro,AFC Eskilstuna,3,1,H,1.65,3.96,5.53,1.7,4,5.6,1.64,3.81,5.32,,,,,,
Sweden,Allsvenskan,2019,01/09/2019,14:00,AIK,Djurgarden,1,0,H,2.89,2.99,2.83,2.95,3,2.97,2.79,2.94,2.77,,,,,,
Sweden,Allsvenskan,2019,01/09/2019,14:00,Kalmar,Malmo FF,0,5,A,4.72,3.48,1.87,4.75,3.65,1.9,4.46,3.42,1.84,,,,,,
Sweden,Allsvenskan,2019,01/09/2019,14:00,Sundsvall,Goteborg,0,2,A,3.8,3.5,2.06,3.9,3.62,2.12,3.66,3.46,2.01,,,,,,
Sweden,Allsvenskan,2019,01/09/2019,16:30,Hacken,Falkenbergs,4,1,H,1.36,5.5,8.07,1.4,6,11,1.35,5.28,7.66,,,,,,
Sweden,Allsvenskan,2019,01/09/2019,16:30,Norrkoping,Hammarby,2,0,H,2.3,3.62,3.09,2.4,3.73,3.15,2.3,3.57,2.91,,,,,,
Sweden,Allsvenskan,2019,13/09/2019,18:00,Sirius,Falkenbergs,2,0,H,2.04,3.67,3.69,2.13,3.73,3.75,2.03,3.56,3.5,,,,,,
Sweden,Allsvenskan,2019,14/09/2019,12:30,Orebro,Sundsvall,0,0,D,2.29,3.32,3.36,2.34,3.45,3.46,2.24,3.29,3.24,,,,,,
Sweden,Allsvenskan,2019,14/09/2019,15:00,Ostersunds,Kalmar,1,2,A,2.55,3.28,2.96,2.55,3.4,3.25,2.4,3.25,2.98,,,,,,
Sweden,Allsvenskan,2019,15/09/2019,14:00,Hacken,AIK,1,2,A,2.35,3.13,3.45,2.4,3.23,3.6,2.3,3.09,3.33,,,,,,
Sweden,Allsvenskan,2019,15/09/2019,14:00,Hammarby,Goteborg,6,2,H,1.85,3.92,4.16,1.9,3.92,4.25,1.84,3.76,4.01,,,,,,
Sweden,Allsvenskan,2019,15/09/2019,16:30,Malmo FF,Norrkoping,1,0,H,1.54,4.41,6.04,1.57,4.5,6.5,1.53,4.22,5.83,,,,,,
Sweden,Allsvenskan,2019,16/09/2019,18:00,AFC Eskilstuna,Elfsborg,2,2,D,3.34,3.68,2.16,3.75,3.68,2.2,3.35,3.49,2.11,,,,,,
Sweden,Allsvenskan,2019,16/09/2019,18:00,Djurgarden,Helsingborg,2,0,H,1.32,5.27,10.51,1.35,5.8,11.5,1.31,5.25,9.5,,,,,,
Sweden,Allsvenskan,2019,20/09/2019,18:00,Sundsvall,Djurgarden,1,4,A,5.81,3.72,1.68,6,3.88,1.73,5.45,3.69,1.65,,,,,,
Sweden,Allsvenskan,2019,21/09/2019,12:30,Falkenbergs,Ostersunds,1,0,H,1.95,3.74,3.93,2,3.8,4.05,1.93,3.62,3.78,,,,,,
Sweden,Allsvenskan,2019,21/09/2019,15:00,Kalmar,Hacken,1,1,D,3.94,3.31,2.09,3.94,3.45,2.12,3.75,3.31,2.04,,,,,,
Sweden,Allsvenskan,2019,21/09/2019,15:00,Norrkoping,Orebro,3,0,H,1.45,4.68,7.27,1.5,4.9,7.8,1.45,4.55,6.72,,,,,,
Sweden,Allsvenskan,2019,21/09/2019,17:00,Goteborg,Sirius,2,1,H,1.65,4.1,5.37,1.74,4.1,5.5,1.66,3.93,4.96,,,,,,
Sweden,Allsvenskan,2019,22/09/2019,14:00,Hammarby,AIK,2,1,H,2.19,3.39,3.54,2.35,3.41,3.6,2.21,3.29,3.3,,,,,,
Sweden,Allsvenskan,2019,22/09/2019,16:30,Elfsborg,Malmo FF,0,3,A,5.44,4.2,1.62,5.6,4.32,1.65,5.26,4.1,1.6,,,,,,
Sweden,Allsvenskan,2019,22/09/2019,16:30,Helsingborg,AFC Eskilstuna,2,1,H,1.53,4.32,6.4,1.58,4.35,6.9,1.52,4.15,6.25,,,,,,
Sweden,Allsvenskan,2019,24/09/2019,18:00,Djurgarden,Falkenbergs,1,0,H,1.23,6.91,11.86,1.25,7.1,16,1.22,6.6,11.82,,,,,,
Sweden,Allsvenskan,2019,24/09/2019,18:00,Kalmar,Sundsvall,0,2,A,2.06,3.4,3.92,2.1,3.65,4,2.01,3.36,3.78,,,,,,
Sweden,Allsvenskan,2019,25/09/2019,18:00,AIK,Goteborg,1,0,H,1.85,3.46,4.86,1.94,3.46,4.9,1.86,3.34,4.49,,,,,,
Sweden,Allsvenskan,2019,25/09/2019,18:00,Hacken,Elfsborg,1,2,A,1.45,4.87,6.94,1.5,4.9,7.4,1.44,4.65,6.61,,,,,,
Sweden,Allsvenskan,2019,25/09/2019,18:00,Orebro,Ostersunds,2,0,H,2.26,3.46,3.29,2.31,3.7,3.4,2.21,3.38,3.23,,,,,,
Sweden,Allsvenskan,2019,25/09/2019,18:00,Sirius,Hammarby,1,3,A,5.01,4.73,1.59,5.4,4.82,1.64,4.94,4.5,1.57,,,,,,
Sweden,Allsvenskan,2019,26/09/2019,18:00,Malmo FF,Helsingborg,3,0,H,1.26,5.81,12.86,1.29,6.2,14,1.26,5.66,11.43,,,,,,
Sweden,Allsvenskan,2019,26/09/2019,18:00,Norrkoping,AFC Eskilstuna,4,0,H,1.21,6.55,15.54,1.24,8,20,1.19,6.77,14.06,,,,,,
Sweden,Allsvenskan,2019,29/09/2019,14:00,Elfsborg,AIK,1,1,D,4.26,3.5,1.95,4.3,3.6,2.01,3.99,3.42,1.94,,,,,,
Sweden,Allsvenskan,2019,29/09/2019,14:00,Goteborg,Hacken,0,0,D,3.57,3.49,2.13,3.8,3.55,2.4,3.35,3.38,2.16,,,,,,
Sweden,Allsvenskan,2019,29/09/2019,14:00,Sundsvall,Sirius,2,1,H,2.06,3.4,3.93,2.2,3.4,4,2.07,3.3,3.66,,,,,,
Sweden,Allsvenskan,2019,29/09/2019,16:30,AFC Eskilstuna,Malmo FF,0,1,A,13.21,7.01,1.21,15,7.01,1.24,13,6.42,1.21,,,,,,
Sweden,Allsvenskan,2019,29/09/2019,16:30,Falkenbergs,Norrkoping,0,2,A,4.45,4.23,1.74,4.8,4.3,1.77,4.43,4.06,1.7,,,,,,
Sweden,Allsvenskan,2019,30/09/2019,18:00,Hammarby,Orebro,5,1,H,1.21,7.59,11.52,1.22,7.8,17,1.19,7.09,12.47,,,,,,
Sweden,Allsvenskan,2019,30/09/2019,18:00,Helsingborg,Kalmar,2,0,H,2.55,3.08,3.14,2.56,3.2,3.3,2.43,3.09,3.07,,,,,,
Sweden,Allsvenskan,2019,30/09/2019,18:00,Ostersunds,Djurgarden,1,2,A,6.11,4.22,1.56,6.35,4.25,1.6,5.76,4.09,1.55,,,,,,
Sweden,Allsvenskan,2019,05/10/2019,12:30,Sundsvall,Norrkoping,4,4,D,5.13,4.03,1.68,5.4,4.1,1.74,4.87,3.89,1.68,,,,,,
Sweden,Allsvenskan,2019,05/10/2019,15:00,AIK,Orebro,2,0,H,1.31,5.29,11.48,1.34,5.55,12,1.3,5.13,10.42,,,,,,
Sweden,Allsvenskan,2019,05/10/2019,15:00,Sirius,Helsingborg,2,1,H,2.34,3.22,3.37,2.37,3.52,3.39,2.25,3.27,3.23,,,,,,
Sweden,Allsvenskan,2019,06/10/2019,14:00,Djurgarden,Hammarby,1,2,A,2.17,3.74,3.26,2.29,3.8,3.3,2.16,3.6,3.13,,,,,,
Sweden,Allsvenskan,2019,06/10/2019,14:00,Hacken,Ostersunds,1,1,D,1.51,4.55,6.35,1.53,4.65,7,1.48,4.45,6.26,,,,,,
Sweden,Allsvenskan,2019,06/10/2019,14:00,Kalmar,AFC Eskilstuna,0,0,D,1.37,4.96,9.09,1.44,5.01,12,1.37,4.63,8.9,,,,,,
Sweden,Allsvenskan,2019,06/10/2019,16:30,Elfsborg,Falkenbergs,4,0,H,2.15,3.64,3.38,2.15,3.9,3.6,2.05,3.64,3.36,,,,,,
Sweden,Allsvenskan,2019,06/10/2019,16:30,Malmo FF,Goteborg,1,0,H,1.49,4.56,6.78,1.55,4.56,6.8,1.5,4.28,6.27,,,,,,
Sweden,Allsvenskan,2019,18/10/2019,18:00,AFC Eskilstuna,Sundsvall,1,0,H,3.81,3.68,2,4,3.68,2.05,3.74,3.48,1.98,,,,,,
Sweden,Allsvenskan,2019,19/10/2019,12:30,Helsingborg,Hacken,0,2,A,3.16,3.51,2.31,3.4,3.6,2.34,3.12,3.45,2.22,,,,,,
Sweden,Allsvenskan,2019,19/10/2019,15:00,Ostersunds,Sirius,2,0,H,2.05,3.45,3.89,2.12,3.55,3.89,2.03,3.39,3.68,,,,,,
Sweden,Allsvenskan,2019,20/10/2019,14:00,Falkenbergs,AIK,1,5,A,5,3.46,1.83,5.25,3.75,1.85,4.74,3.51,1.78,,,,,,
Sweden,Allsvenskan,2019,20/10/2019,14:00,Hammarby,Malmo FF,2,0,H,2.98,3.77,2.3,3.05,3.8,2.4,2.94,3.58,2.28,,,,,,
Sweden,Allsvenskan,2019,20/10/2019,16:30,Norrkoping,Kalmar,1,0,H,1.63,4,5.72,1.63,4.33,6,1.57,4.04,5.67,,,,,,
Sweden,Allsvenskan,2019,21/10/2019,18:00,Goteborg,Djurgarden,0,1,A,4.78,3.78,1.78,4.9,3.8,1.88,4.58,3.67,1.76,,,,,,
Sweden,Allsvenskan,2019,21/10/2019,18:00,Orebro,Elfsborg,2,2,D,2.88,3.6,2.44,3.6,3.9,2.25,3.25,3.57,2.12,,,,,,
Sweden,Allsvenskan,2019,26/10/2019,12:30,Sundsvall,Helsingborg,1,2,A,1.51,4.39,6.61,1.58,4.45,7,1.52,4.15,6.22,,,,,,
Sweden,Allsvenskan,2019,26/10/2019,15:00,Kalmar,Falkenbergs,2,3,A,1.72,3.74,5.27,1.76,3.95,5.6,1.69,3.7,5.11,,,,,,
Sweden,Allsvenskan,2019,27/10/2019,14:00,AFC Eskilstuna,Sirius,0,0,D,2.85,3.46,2.53,2.89,3.46,2.63,2.76,3.33,2.52,,,,,,
Sweden,Allsvenskan,2019,27/10/2019,14:00,Hacken,Norrkoping,0,1,A,2.72,3.65,2.55,2.83,3.65,2.81,2.6,3.51,2.57,,,,,,
Sweden,Allsvenskan,2019,27/10/2019,16:30,Ostersunds,Hammarby,1,2,A,8.24,5.33,1.36,8.24,5.4,1.4,7.67,5.16,1.36,,,,,,
Sweden,Allsvenskan,2019,28/10/2019,18:00,Djurgarden,Orebro,3,0,H,1.12,8.79,22.79,1.16,10,24,1.13,8.39,19.21,,,,,,
Sweden,Allsvenskan,2019,28/10/2019,18:00,Elfsborg,Goteborg,2,0,H,2.55,3.6,2.74,2.7,3.68,2.77,2.55,3.51,2.61,,,,,,
Sweden,Allsvenskan,2019,28/10/2019,18:00,Malmo FF,AIK,2,0,H,1.68,3.79,5.57,1.73,3.9,6,1.67,3.64,5.4,,,,,,
Sweden,Allsvenskan,2019,02/11/2019,12:00,AIK,Sundsvall,2,1,H,1.74,3.96,4.77,1.82,3.96,4.8,1.74,3.81,4.49,,,,,,
Sweden,Allsvenskan,2019,02/11/2019,12:00,Falkenbergs,AFC Eskilstuna,1,0,H,1.61,4.43,5.23,1.69,4.43,6,1.6,4.18,5.09,,,,,,
Sweden,Allsvenskan,2019,02/11/2019,12:00,Goteborg,Ostersunds,7,1,H,1.58,4.15,6.03,1.62,4.3,6.3,1.56,4.07,5.77,,,,,,
Sweden,Allsvenskan,2019,02/11/2019,12:00,Hammarby,Hacken,4,1,H,1.38,5.41,7.46,1.41,5.5,7.75,1.37,5.18,7.17,,,,,,
Sweden,Allsvenskan,2019,02/11/2019,12:00,Helsingborg,Elfsborg,1,2,A,2.73,3.66,2.52,2.75,3.7,2.75,2.6,3.52,2.55,,,,,,
Sweden,Allsvenskan,2019,02/11/2019,12:00,Norrkoping,Djurgarden,2,2,D,3.32,3.06,2.46,3.35,3.3,2.5,3.17,3.07,2.39,,,,,,
Sweden,Allsvenskan,2019,02/11/2019,12:00,Orebro,Malmo FF,0,5,A,15.84,7.53,1.17,17,7.6,1.21,13.83,6.96,1.18,,,,,,
Sweden,Allsvenskan,2019,02/11/2019,12:00,Sirius,Kalmar,3,0,H,5.16,4.11,1.66,5.5,4.11,1.77,4.98,3.83,1.66,,,,,,
Sweden,Allsvenskan,2019,06/11/2019,18:00,Brage,Kalmar,0,2,A,3.07,3.25,2.49,3.23,3.38,2.55,2.97,3.13,2.43,,,,,,
Sweden,Allsvenskan,2019,10/11/2019,13:45,Kalmar,Brage,2,2,D,1.75,3.39,5.79,1.8,3.72,5.8,1.72,3.49,5.14,,,,,,
Sweden,Allsvenskan,2020,14/06/2020,11:00,Sirius,Djurgarden,0,2,A,6.45,3.89,1.61,7.19,4.1,1.62,6.27,3.82,1.57,,,,,,
Sweden,Allsvenskan,2020,14/06/2020,13:30,Goteborg,Elfsborg,0,1,A,2.13,3.28,3.88,2.15,3.49,3.88,2.05,3.31,3.71,,,,,,
Sweden,Allsvenskan,2020,14/06/2020,13:30,Norrkoping,Kalmar,2,1,H,1.91,3.46,4.55,1.97,3.7,4.69,1.86,3.47,4.31,,,,,,
Sweden,Allsvenskan,2020,14/06/2020,16:30,Hammarby,Ostersunds,2,0,H,1.35,5.68,8.59,1.36,5.8,10.3,1.31,5.46,8.68,,,,,,
Sweden,Allsvenskan,2020,14/06/2020,16:30,Orebro,AIK,0,2,A,4.16,3.37,2.02,4.37,3.52,2.12,4.02,3.33,1.97,,,,,,
Sweden,Allsvenskan,2020,15/06/2020,18:00,Falkenbergs,Hacken,1,1,D,5.3,3.79,1.7,5.5,4.05,1.74,5.08,3.76,1.68,,,,,,
Sweden,Allsvenskan,2020,15/06/2020,18:00,Helsingborg,Varberg,0,3,A,2.71,3.33,2.7,2.72,3.56,2.8,2.6,3.34,2.64,,,,,,
Sweden,Allsvenskan,2020,15/06/2020,18:00,Malmo FF,Mjallby,2,0,H,1.4,4.87,8.17,1.42,5.5,10.5,1.38,4.7,8.21,,,,,,
Sweden,Allsvenskan,2020,17/06/2020,18:00,AIK,Norrkoping,1,4,A,2.94,3.05,2.76,2.95,3.31,2.84,2.8,3.04,2.68,,,,,,
Sweden,Allsvenskan,2020,17/06/2020,18:00,Djurgarden,Orebro,1,2,A,1.53,4.26,6.72,1.58,4.47,6.85,1.53,4.13,6.21,,,,,,
Sweden,Allsvenskan,2020,17/06/2020,18:00,Elfsborg,Hammarby,2,2,D,3.45,3.69,2.12,3.7,3.86,2.15,3.4,3.59,2.06,,,,,,
Sweden,Allsvenskan,2020,18/06/2020,18:00,Hacken,Malmo FF,1,1,D,3.07,3.19,2.56,3.2,3.29,2.62,2.98,3.13,2.48,,,,,,
Sweden,Allsvenskan,2020,18/06/2020,18:00,Kalmar,Helsingborg,4,0,H,1.79,3.69,4.93,1.86,3.75,5.1,1.76,3.54,4.78,,,,,,
Sweden,Allsvenskan,2020,18/06/2020,18:00,Mjallby,Falkenbergs,0,1,A,2.2,3.5,3.43,2.28,3.6,3.45,2.15,3.4,3.33,,,,,,
Sweden,Allsvenskan,2020,18/06/2020,18:00,Ostersunds,Sirius,0,2,A,2.58,3.24,2.99,2.58,3.44,3.2,2.47,3.25,2.88,,,,,,
Sweden,Allsvenskan,2020,18/06/2020,18:00,Varberg,Goteborg,1,2,A,3.31,3.19,2.41,3.31,3.3,2.45,3.14,3.15,2.36,,,,,,
Sweden,Allsvenskan,2020,21/06/2020,13:30,Falkenbergs,Kalmar,0,2,A,3.59,3.41,2.18,3.6,3.41,2.25,3.44,3.28,2.16,,,,,,
Sweden,Allsvenskan,2020,21/06/2020,13:30,Malmo FF,Varberg,2,2,D,1.31,5.42,11.49,1.32,6,12.5,1.28,5.47,10.84,,,,,,
Sweden,Allsvenskan,2020,21/06/2020,13:30,Norrkoping,Djurgarden,3,0,H,2.33,3.35,3.3,2.36,3.41,3.36,2.24,3.28,3.25,,,,,,
Sweden,Allsvenskan,2020,21/06/2020,16:30,Hammarby,AIK,0,2,A,1.9,3.7,4.22,1.92,3.75,4.3,1.86,3.6,4.09,,,,,,
Sweden,Allsvenskan,2020,21/06/2020,16:30,Orebro,Ostersunds,0,0,D,2.09,3.5,3.75,2.15,3.73,3.9,2.03,3.48,3.61,,,,,,
Sweden,Allsvenskan,2020,22/06/2020,18:00,Goteborg,Mjallby,2,2,D,2.28,3.2,3.58,2.29,3.26,3.88,2.2,3.13,3.52,,,,,,
Sweden,Allsvenskan,2020,22/06/2020,18:00,Helsingborg,Elfsborg,0,0,D,5.34,4.07,1.66,5.64,4.1,1.68,5.17,3.94,1.64,,,,,,
Sweden,Allsvenskan,2020,22/06/2020,18:00,Sirius,Hacken,2,2,D,3.65,3.45,2.14,3.8,3.5,2.15,3.6,3.33,2.08,,,,,,
Sweden,Allsvenskan,2020,27/06/2020,14:00,Ostersunds,Norrkoping,2,4,A,5.24,3.88,1.71,5.24,3.98,1.75,4.92,3.81,1.69,,,,,,
Sweden,Allsvenskan,2020,28/06/2020,13:30,Djurgarden,Kalmar,5,0,H,1.95,3.47,4.33,1.97,3.6,4.4,1.89,3.44,4.21,,,,,,
Sweden,Allsvenskan,2020,28/06/2020,13:30,Mjallby,Hammarby,2,1,H,4.94,3.85,1.75,5.02,3.87,1.83,4.53,3.74,1.75,,,,,,
Sweden,Allsvenskan,2020,28/06/2020,13:30,Sirius,Goteborg,2,2,D,2.63,3.2,2.96,2.7,3.25,3,2.52,3.16,2.88,,,,,,
Sweden,Allsvenskan,2020,28/06/2020,16:30,AIK,Malmo FF,2,2,D,3.7,3.31,2.18,3.88,3.47,2.21,3.59,3.24,2.12,,,,,,
Sweden,Allsvenskan,2020,28/06/2020,16:30,Elfsborg,Orebro,1,1,D,1.97,3.61,4.05,2.05,3.72,4.2,1.94,3.55,3.84,,,,,,
Sweden,Allsvenskan,2020,29/06/2020,18:00,Hacken,Helsingborg,1,0,H,1.47,4.53,7.37,1.53,4.75,7.77,1.46,4.5,6.67,,,,,,
Sweden,Allsvenskan,2020,29/06/2020,18:00,Varberg,Falkenbergs,3,1,H,2.36,3.42,3.18,2.42,3.45,3.18,2.3,3.33,3.08,,,,,,
Sweden,Allsvenskan,2020,01/07/2020,18:00,Kalmar,Ostersunds,1,2,A,1.87,3.71,4.4,1.9,3.84,5.2,1.81,3.64,4.3,,,,,,
Sweden,Allsvenskan,2020,01/07/2020,18:00,Malmo FF,Djurgarden,1,0,H,1.85,3.69,4.48,1.97,3.75,4.75,1.85,3.59,4.22,,,,,,
Sweden,Allsvenskan,2020,01/07/2020,18:00,Norrkoping,Elfsborg,1,1,D,1.91,3.78,4.09,1.95,3.86,4.33,1.87,3.69,3.93,,,,,,
Sweden,Allsvenskan,2020,02/07/2020,18:00,Falkenbergs,Sirius,1,2,A,2.9,3.29,2.56,3.09,3.35,2.62,2.88,3.24,2.48,,,,,,
Sweden,Allsvenskan,2020,02/07/2020,18:00,Goteborg,AIK,1,0,H,2.49,3.24,3.05,2.6,3.3,3.29,2.43,3.15,3.02,,,,,,
Sweden,Allsvenskan,2020,02/07/2020,18:00,Hammarby,Varberg,1,0,H,1.45,4.79,6.87,1.55,5,7.4,1.44,4.7,6.53,,,,,,
Sweden,Allsvenskan,2020,02/07/2020,18:00,Helsingborg,Mjallby,0,1,A,3.18,3.37,2.33,3.22,3.5,2.4,3.13,3.3,2.29,,,,,,
Sweden,Allsvenskan,2020,02/07/2020,18:00,Orebro,Hacken,0,0,D,3.87,3.49,2.03,3.9,3.65,2.15,3.7,3.48,2,,,,,,
Sweden,Allsvenskan,2020,05/07/2020,13:30,AIK,Falkenbergs,1,1,D,1.66,3.89,5.49,1.69,4,5.8,1.64,3.82,5.31,,,,,,
Sweden,Allsvenskan,2020,05/07/2020,13:30,Elfsborg,Malmo FF,1,0,H,3.79,3.22,2.15,4,3.5,2.16,3.64,3.3,2.08,,,,,,
Sweden,Allsvenskan,2020,05/07/2020,16:30,Hacken,Hammarby,3,0,H,2.59,3.4,2.78,2.71,3.55,2.79,2.58,3.35,2.68,,,,,,
Sweden,Allsvenskan,2020,05/07/2020,16:30,Sirius,Orebro,2,1,H,2.03,3.58,3.75,2.2,3.6,3.75,2.05,3.51,3.5,,,,,,
Sweden,Allsvenskan,2020,06/07/2020,18:00,Djurgarden,Helsingborg,2,2,D,1.32,5.27,10.58,1.37,5.5,11,1.32,5.13,9.5,,,,,,
Sweden,Allsvenskan,2020,06/07/2020,18:00,Norrkoping,Goteborg,3,1,H,1.56,4.4,5.7,1.62,4.6,6,1.56,4.23,5.54,,,,,,
Sweden,Allsvenskan,2020,06/07/2020,18:00,Ostersunds,Mjallby,0,1,A,2.96,3.38,2.46,3.05,3.4,2.52,2.92,3.28,2.42,,,,,,
Sweden,Allsvenskan,2020,06/07/2020,18:00,Varberg,Kalmar,1,0,H,2.34,3.3,3.24,2.63,3.3,3.24,2.46,3.19,2.93,,,,,,
Sweden,Allsvenskan,2020,11/07/2020,14:00,Falkenbergs,Ostersunds,0,1,A,1.86,3.6,4.45,1.95,3.75,4.75,1.84,3.52,4.29,,,,,,
Sweden,Allsvenskan,2020,11/07/2020,14:00,Hammarby,Sirius,0,0,D,1.54,4.3,6.18,1.62,4.64,6.18,1.54,4.31,5.63,,,,,,
Sweden,Allsvenskan,2020,12/07/2020,13:30,Helsingborg,AIK,2,0,H,3.84,3.33,2.09,4.27,3.4,2.17,3.76,3.22,2.07,,,,,,
Sweden,Allsvenskan,2020,12/07/2020,13:30,Orebro,Varberg,1,0,H,2.76,3.39,2.61,2.88,3.4,2.65,2.75,3.3,2.53,,,,,,
Sweden,Allsvenskan,2020,12/07/2020,16:30,Goteborg,Djurgarden,1,2,A,3.21,3.29,2.36,3.3,3.4,2.5,3.09,3.27,2.34,,,,,,
Sweden,Allsvenskan,2020,12/07/2020,16:30,Mjallby,Hacken,3,1,H,3.22,3.09,2.46,3.22,3.18,2.58,3.06,3.08,2.43,,,,,,
Sweden,Allsvenskan,2020,13/07/2020,18:00,Kalmar,Elfsborg,1,2,A,3.24,3.24,2.36,3.3,3.3,2.55,3.1,3.18,2.36,,,,,,
Sweden,Allsvenskan,2020,13/07/2020,18:00,Malmo FF,Norrkoping,1,1,D,1.96,3.56,4.06,2.05,3.65,4.25,1.94,3.51,3.84,,,,,,
Sweden,Allsvenskan,2020,15/07/2020,18:00,AIK,Sirius,1,0,H,2.25,3.23,3.5,2.3,3.25,3.75,2.18,3.16,3.5,,,,,,
Sweden,Allsvenskan,2020,15/07/2020,18:00,Djurgarden,Falkenbergs,1,0,H,1.42,4.53,8.56,1.45,4.9,9.2,1.38,4.58,8.41,,,,,,
Sweden,Allsvenskan,2020,15/07/2020,18:00,Goteborg,Helsingborg,1,1,D,1.85,3.58,4.57,1.95,3.6,4.57,1.85,3.45,4.33,,,,,,
Sweden,Allsvenskan,2020,16/07/2020,18:00,Hacken,Elfsborg,6,0,H,2.35,3.28,3.24,2.42,3.35,3.5,2.3,3.21,3.2,,,,,,
Sweden,Allsvenskan,2020,16/07/2020,18:00,Kalmar,Hammarby,1,2,A,3.43,3.68,2.1,3.53,3.75,2.2,3.35,3.51,2.09,,,,,,
Sweden,Allsvenskan,2020,16/07/2020,18:00,Norrkoping,Orebro,2,0,H,1.27,6.19,10.9,1.32,6.5,12.5,1.26,5.89,10.11,,,,,,
Sweden,Allsvenskan,2020,16/07/2020,18:00,Ostersunds,Malmo FF,1,2,A,9.44,4.93,1.36,10.5,5,1.43,8.98,4.78,1.35,,,,,,
Sweden,Allsvenskan,2020,16/07/2020,18:00,Varberg,Mjallby,1,0,H,3.08,3.19,2.49,3.08,3.25,2.58,2.97,3.15,2.45,,,,,,
Sweden,Allsvenskan,2020,19/07/2020,13:30,Malmo FF,Kalmar,2,1,H,1.29,5.51,11.81,1.35,5.95,11.86,1.29,5.22,10.38,,,,,,
Sweden,Allsvenskan,2020,19/07/2020,13:30,Sirius,Norrkoping,4,2,H,4.66,4.02,1.73,5.4,4.03,1.78,4.66,3.83,1.71,,,,,,
Sweden,Allsvenskan,2020,19/07/2020,13:30,Varberg,AIK,2,2,D,3.51,3.27,2.22,3.51,3.42,2.3,3.39,3.21,2.2,,,,,,
Sweden,Allsvenskan,2020,19/07/2020,16:30,Elfsborg,Djurgarden,1,0,H,2.84,3.29,2.6,3.02,3.42,2.64,2.84,3.23,2.49,,,,,,
Sweden,Allsvenskan,2020,19/07/2020,16:30,Falkenbergs,Helsingborg,2,2,D,2.5,3.26,3.01,2.52,3.36,3.1,2.44,3.17,2.96,,,,,,
Sweden,Allsvenskan,2020,19/07/2020,16:30,Ostersunds,Hacken,2,2,D,5.12,3.72,1.74,5.38,3.85,1.78,4.95,3.67,1.7,,,,,,
Sweden,Allsvenskan,2020,20/07/2020,18:00,Hammarby,Goteborg,1,1,D,1.86,3.76,4.26,1.9,4,4.8,1.82,3.7,4.15,,,,,,
Sweden,Allsvenskan,2020,20/07/2020,18:00,Orebro,Mjallby,3,1,H,3.42,3.38,2.22,3.66,3.4,2.32,3.4,3.24,2.18,,,,,,
Sweden,Allsvenskan,2020,22/07/2020,18:00,Djurgarden,Ostersunds,0,0,D,1.45,4.52,7.73,1.49,4.75,7.73,1.43,4.51,7.02,,,,,,
Sweden,Allsvenskan,2020,22/07/2020,18:00,Hacken,AIK,4,0,H,1.99,3.39,4.16,2.15,3.5,4.16,1.98,3.32,3.91,,,,,,
Sweden,Allsvenskan,2020,22/07/2020,18:00,Norrkoping,Varberg,2,0,H,1.38,5.08,8.32,1.45,5.2,8.96,1.37,4.83,7.94,,,,,,
Sweden,Allsvenskan,2020,23/07/2020,18:00,Goteborg,Falkenbergs,2,2,D,1.58,4.17,5.97,1.64,4.25,6.4,1.57,3.96,5.89,,,,,,
Sweden,Allsvenskan,2020,23/07/2020,18:00,Helsingborg,Orebro,1,1,D,2.5,3.4,2.89,2.61,3.44,3.06,2.44,3.3,2.89,,,,,,
Sweden,Allsvenskan,2020,23/07/2020,18:00,Kalmar,Sirius,1,1,D,2.94,3.32,2.51,3.15,3.38,2.57,2.92,3.25,2.44,,,,,,
Sweden,Allsvenskan,2020,23/07/2020,18:00,Malmo FF,Hammarby,3,0,H,1.65,4.33,4.94,1.72,4.33,5.5,1.62,4.11,5.07,,,,,,
Sweden,Allsvenskan,2020,23/07/2020,18:00,Mjallby,Elfsborg,0,5,A,2.94,3.16,2.61,3.05,3.24,2.77,2.87,3.1,2.58,,,,,,
Sweden,Allsvenskan,2020,26/07/2020,13:30,Elfsborg,Varberg,3,3,D,1.81,3.59,4.76,1.85,4,4.93,1.77,3.62,4.56,,,,,,
Sweden,Allsvenskan,2020,26/07/2020,13:30,Falkenbergs,Norrkoping,3,3,D,5.44,4.1,1.63,6.05,4.52,1.67,5.32,4.2,1.58,,,,,,
Sweden,Allsvenskan,2020,26/07/2020,13:30,Hacken,Goteborg,0,0,D,2.24,3.55,3.21,2.32,3.6,3.5,2.16,3.49,3.21,,,,,,
Sweden,Allsvenskan,2020,26/07/2020,16:30,AIK,Djurgarden,0,1,A,2.99,3.08,2.63,3.1,3.25,2.75,2.94,3.04,2.56,,,,,,
Sweden,Allsvenskan,2020,26/07/2020,16:30,Sirius,Malmo FF,2,5,A,5.94,4.08,1.59,6.25,4.15,1.68,5.69,3.98,1.58,,,,,,
Sweden,Allsvenskan,2020,27/07/2020,18:00,Hammarby,Orebro,3,0,H,1.56,4.41,5.71,1.63,4.6,6.35,1.57,4.28,5.47,,,,,,
Sweden,Allsvenskan,2020,27/07/2020,18:00,Mjallby,Kalmar,2,2,D,2.37,3.23,3.25,2.46,3.34,3.36,2.33,3.21,3.15,,,,,,
Sweden,Allsvenskan,2020,27/07/2020,18:00,Ostersunds,Helsingborg,0,0,D,2.81,3.24,2.67,2.98,3.34,2.74,2.78,3.18,2.59,,,,,,
Sweden,Allsvenskan,2020,01/08/2020,14:00,Djurgarden,Hacken,3,1,H,2.28,3.26,3.39,2.35,3.48,3.58,2.24,3.22,3.33,,,,,,
Sweden,Allsvenskan,2020,01/08/2020,14:00,Orebro,Falkenbergs,1,2,A,2.22,3.56,3.25,2.27,3.82,3.4,2.18,3.49,3.18,,,,,,
Sweden,Allsvenskan,2020,02/08/2020,13:30,Helsingborg,Hammarby,1,1,D,3.86,3.91,1.92,4.3,4,1.95,3.84,3.8,1.87,,,,,,
Sweden,Allsvenskan,2020,02/08/2020,16:30,Goteborg,Malmo FF,0,3,A,4.18,3.58,1.93,4.65,3.75,1.97,4.06,3.52,1.89,,,,,,
Sweden,Allsvenskan,2020,02/08/2020,16:30,Varberg,Ostersunds,1,1,D,1.92,3.56,4.24,1.97,3.7,4.5,1.89,3.46,4.19,,,,,,
Sweden,Allsvenskan,2020,02/08/2020,17:00,Kalmar,AIK,0,0,D,3.19,3.13,2.45,3.25,3.2,2.5,3.08,3.11,2.43,,,,,,
Sweden,Allsvenskan,2020,03/08/2020,18:00,Elfsborg,Sirius,3,3,D,1.97,3.67,3.88,2.04,3.85,3.96,1.95,3.61,3.72,,,,,,
Sweden,Allsvenskan,2020,03/08/2020,18:00,Norrkoping,Mjallby,1,1,D,1.41,5.3,6.93,1.46,5.5,8.5,1.39,5.05,7.07,,,,,,
Sweden,Allsvenskan,2020,05/08/2020,18:00,Hammarby,Falkenbergs,1,1,D,1.52,4.66,5.85,1.55,5.03,7.1,1.5,4.55,5.85,,,,,,
Sweden,Allsvenskan,2020,05/08/2020,18:00,Malmo FF,Helsingborg,4,1,H,1.31,5.53,9.87,1.35,6.2,11.25,1.3,5.5,9.43,,,,,,
Sweden,Allsvenskan,2020,05/08/2020,18:00,Varberg,Djurgarden,1,2,A,4.08,3.36,2.02,4.2,3.58,2.1,3.87,3.34,2,,,,,,
Sweden,Allsvenskan,2020,06/08/2020,18:00,AIK,Elfsborg,1,2,A,2.42,3.37,3.04,2.55,3.45,3.19,2.39,3.28,2.98,,,,,,
Sweden,Allsvenskan,2020,06/08/2020,18:00,Goteborg,Ostersunds,2,2,D,1.49,4.24,7.35,1.53,4.55,8.2,1.47,4.2,7.17,,,,,,
Sweden,Allsvenskan,2020,06/08/2020,18:00,Hacken,Norrkoping,2,1,H,2.32,3.53,3.07,2.48,3.71,3.07,2.34,3.47,2.91,,,,,,
Sweden,Allsvenskan,2020,06/08/2020,18:00,Kalmar,Orebro,0,3,A,1.88,3.53,4.44,1.95,3.76,4.6,1.85,3.55,4.23,,,,,,
Sweden,Allsvenskan,2020,06/08/2020,18:00,Mjallby,Sirius,1,1,D,2.67,3.44,2.67,2.71,3.56,2.88,2.55,3.37,2.69,,,,,,
Sweden,Allsvenskan,2020,09/08/2020,13:30,Falkenbergs,Malmo FF,0,1,A,8.22,4.93,1.39,9,5.5,1.43,8.07,4.89,1.37,,,,,,
Sweden,Allsvenskan,2020,09/08/2020,13:30,Hacken,Kalmar,0,2,A,1.7,3.89,5.12,1.73,4.05,5.75,1.66,3.85,5.07,,,,,,
Sweden,Allsvenskan,2020,09/08/2020,13:30,Orebro,Goteborg,1,1,D,3.71,3.45,2.09,3.86,3.6,2.17,3.57,3.45,2.04,,,,,,
Sweden,Allsvenskan,2020,09/08/2020,16:30,Djurgarden,Hammarby,1,2,A,2.11,3.58,3.49,2.2,3.84,3.64,2.07,3.52,3.44,,,,,,
Sweden,Allsvenskan,2020,09/08/2020,16:30,Mjallby,AIK,3,1,H,2.89,3.08,2.71,3,3.18,2.85,2.83,3.04,2.64,,,,,,
Sweden,Allsvenskan,2020,09/08/2020,16:30,Ostersunds,Elfsborg,0,1,A,4.37,3.87,1.81,4.65,4,1.87,4.29,3.7,1.8,,,,,,
Sweden,Allsvenskan,2020,10/08/2020,18:00,Helsingborg,Norrkoping,3,2,H,5.27,3.96,1.67,5.65,4.2,1.72,5.02,3.96,1.65,,,,,,
Sweden,Allsvenskan,2020,10/08/2020,18:00,Sirius,Varberg,3,3,D,1.94,3.68,3.98,2.02,3.84,4,1.92,3.6,3.82,,,,,,
Sweden,Allsvenskan,2020,12/08/2020,18:00,Djurgarden,Mjallby,2,1,H,1.53,4.13,6.72,1.62,4.45,6.75,1.54,4.02,6.18,,,,,,
Sweden,Allsvenskan,2020,12/08/2020,18:00,Malmo FF,Orebro,2,1,H,1.31,5.39,10.47,1.36,5.88,11.5,1.31,5.3,9.49,,,,,,
Sweden,Allsvenskan,2020,13/08/2020,18:00,AIK,Ostersunds,0,1,A,1.7,3.54,5.83,1.74,3.75,6.5,1.68,3.51,5.54,,,,,,
Sweden,Allsvenskan,2020,13/08/2020,18:00,Elfsborg,Falkenbergs,4,2,H,1.61,4.42,5.16,1.64,4.7,5.8,1.58,4.32,5.1,,,,,,
Sweden,Allsvenskan,2020,13/08/2020,18:00,Kalmar,Goteborg,1,1,D,3.04,3,2.64,3.08,3.35,2.81,2.8,3.11,2.63,,,,,,
Sweden,Allsvenskan,2020,13/08/2020,18:00,Norrkoping,Hammarby,1,2,A,2.18,3.63,3.26,2.26,3.7,3.52,2.13,3.55,3.25,,,,,,
Sweden,Allsvenskan,2020,13/08/2020,18:00,Sirius,Helsingborg,3,1,H,1.6,4.35,5.34,1.66,4.5,5.75,1.59,4.27,5.13,,,,,,
Sweden,Allsvenskan,2020,13/08/2020,18:30,Varberg,Hacken,1,3,A,4.77,3.75,1.78,4.9,3.8,1.95,4.45,3.6,1.8,,,,,,
Sweden,Allsvenskan,2020,15/08/2020,14:00,Orebro,Djurgarden,0,3,A,4.48,3.94,1.78,4.95,3.95,1.83,4.42,3.77,1.76,,,,,,
Sweden,Allsvenskan,2020,16/08/2020,13:30,Falkenbergs,AIK,1,1,D,3.43,3.2,2.29,3.55,3.35,2.43,3.29,3.19,2.25,,,,,,
Sweden,Allsvenskan,2020,16/08/2020,13:30,Hammarby,Elfsborg,2,2,D,2.21,3.72,3.15,2.25,3.85,3.4,2.16,3.61,3.12,,,,,,
Sweden,Allsvenskan,2020,16/08/2020,16:30,Mjallby,Malmo FF,2,2,D,5.14,3.85,1.7,5.5,4,1.76,4.97,3.75,1.69,,,,,,
Sweden,Allsvenskan,2020,17/08/2020,18:00,Goteborg,Norrkoping,1,3,A,2.73,3.52,2.57,2.84,3.64,2.67,2.68,3.47,2.49,,,,,,
Sweden,Allsvenskan,2020,17/08/2020,18:00,Hacken,Varberg,2,1,H,1.53,4.46,6.09,1.59,4.65,6.35,1.51,4.4,5.85,,,,,,
Sweden,Allsvenskan,2020,17/08/2020,18:00,Helsingborg,Sirius,1,2,A,3.18,3.59,2.24,3.38,3.75,2.36,3.1,3.51,2.21,,,,,,
Sweden,Allsvenskan,2020,17/08/2020,18:00,Ostersunds,Kalmar,2,0,H,3.12,3.4,2.35,3.28,3.48,2.45,3.08,3.28,2.32,,,,,,
Sweden,Allsvenskan,2020,22/08/2020,14:00,Djurgarden,Goteborg,2,2,D,2.05,3.52,3.74,2.12,3.75,4.5,1.97,3.49,3.82,,,,,,
Sweden,Allsvenskan,2020,22/08/2020,14:00,Sirius,Hammarby,3,1,H,3.22,3.44,2.28,3.3,3.85,2.35,3.06,3.49,2.25,,,,,,
Sweden,Allsvenskan,2020,23/08/2020,13:30,Elfsborg,Ostersunds,0,1,A,1.44,4.92,6.81,1.49,5.05,7.5,1.43,4.76,6.68,,,,,,
Sweden,Allsvenskan,2020,23/08/2020,13:30,Malmo FF,Falkenbergs,2,1,H,1.3,5.88,9.71,1.34,6.05,11.75,1.29,5.67,9.23,,,,,,
Sweden,Allsvenskan,2020,23/08/2020,16:30,AIK,Helsingborg,2,0,H,1.71,3.71,5.37,1.81,3.78,5.7,1.73,3.61,4.93,,,,,,
Sweden,Allsvenskan,2020,23/08/2020,16:30,Varberg,Orebro,2,1,H,2.18,3.43,3.45,2.28,3.55,3.58,2.16,3.38,3.32,,,,,,
Sweden,Allsvenskan,2020,24/08/2020,18:00,Kalmar,Mjallby,1,4,A,2.76,3.28,2.65,2.87,3.8,2.7,2.73,3.26,2.59,,,,,,
Sweden,Allsvenskan,2020,24/08/2020,18:00,Norrkoping,Hacken,0,1,A,2.26,3.66,3.03,2.3,3.95,3.4,2.17,3.65,3.12,,,,,,
Sweden,Allsvenskan,2020,29/08/2020,14:00,Ostersunds,Falkenbergs,2,1,H,2.86,3.33,2.53,2.9,3.52,2.69,2.76,3.33,2.52,,,,,,
Sweden,Allsvenskan,2020,29/08/2020,14:00,Varberg,Sirius,2,0,H,2.97,3.52,2.36,3.06,3.74,2.55,2.85,3.5,2.37,,,,,,
Sweden,Allsvenskan,2020,30/08/2020,13:30,AIK,Hacken,0,1,A,3.01,3.19,2.51,3.15,3.36,2.6,2.96,3.18,2.46,,,,,,
Sweden,Allsvenskan,2020,30/08/2020,13:30,Helsingborg,Djurgarden,3,1,H,5.78,3.85,1.64,7.4,4.6,1.65,5.69,3.92,1.6,,,,,,
Sweden,Allsvenskan,2020,30/08/2020,13:30,Mjallby,Goteborg,1,1,D,3.16,3.2,2.4,3.2,3.64,2.58,3,3.24,2.4,,,,,,
Sweden,Allsvenskan,2020,30/08/2020,16:30,Hammarby,Kalmar,3,3,D,1.57,4.33,5.6,1.6,4.5,6.65,1.55,4.23,5.73,,,,,,
Sweden,Allsvenskan,2020,30/08/2020,16:30,Malmo FF,Elfsborg,1,1,D,1.62,4.28,5.17,1.68,4.55,5.65,1.59,4.29,5.16,,,,,,
Sweden,Allsvenskan,2020,30/08/2020,16:30,Orebro,Norrkoping,4,3,H,6.65,4.7,1.47,7.7,4.85,1.55,6.53,4.63,1.45,,,,,,
Sweden,Allsvenskan,2020,09/09/2020,18:00,Helsingborg,Kalmar,1,1,D,2.51,3.42,2.92,2.6,3.6,2.95,2.45,3.35,2.84,,,,,,
Sweden,Allsvenskan,2020,10/09/2020,18:00,Goteborg,Hammarby,0,4,A,2.85,3.5,2.52,2.95,3.7,2.59,2.82,3.43,2.43,,,,,,
Sweden,Allsvenskan,2020,10/09/2020,18:00,Norrkoping,Ostersunds,2,2,D,1.43,4.84,7.39,1.5,5.25,7.5,1.43,4.74,6.62,,,,,,
Sweden,Allsvenskan,2020,10/09/2020,18:00,Orebro,Malmo FF,3,2,H,8.91,5.21,1.36,9.05,5.5,1.38,8.25,5.14,1.34,,,,,,
Sweden,Allsvenskan,2020,12/09/2020,14:00,Djurgarden,Elfsborg,1,1,D,2,3.79,3.77,2.07,3.82,3.77,1.98,3.63,3.58,,,,,,
Sweden,Allsvenskan,2020,13/09/2020,13:30,Falkenbergs,Goteborg,0,3,A,3.74,3.48,2.11,3.74,3.5,2.17,3.5,3.39,2.09,,,,,,
Sweden,Allsvenskan,2020,13/09/2020,13:30,Hammarby,Helsingborg,2,2,D,1.42,5.04,7.62,1.45,5.5,7.62,1.4,4.95,7.07,,,,,,
Sweden,Allsvenskan,2020,13/09/2020,16:30,Malmo FF,AIK,0,0,D,1.72,3.84,5.31,1.75,4.2,6.2,1.68,3.74,5.13,,,,,,
Sweden,Allsvenskan,2020,13/09/2020,16:30,Mjallby,Varberg,2,3,A,2.36,3.38,3.25,2.38,3.4,3.3,2.29,3.28,3.15,,,,,,
Sweden,Allsvenskan,2020,14/09/2020,18:00,Hacken,Sirius,1,1,D,1.66,4.34,5.04,1.7,4.34,5.25,1.64,4.11,4.81,,,,,,
Sweden,Allsvenskan,2020,14/09/2020,18:00,Kalmar,Norrkoping,0,2,A,3.63,3.85,2.03,3.74,3.85,2.06,3.53,3.68,1.99,,,,,,
Sweden,Allsvenskan,2020,14/09/2020,18:00,Ostersunds,Orebro,0,0,D,2.38,3.46,3.14,2.4,3.46,3.14,2.33,3.32,3.04,,,,,,
Sweden,Allsvenskan,2020,17/09/2020,18:00,Elfsborg,Mjallby,2,2,D,1.79,4.01,4.54,1.84,4.02,4.58,1.78,3.84,4.24,,,,,,
Sweden,Allsvenskan,2020,17/09/2020,18:00,Falkenbergs,Varberg,2,0,H,2.98,3.63,2.4,2.98,3.63,2.55,2.8,3.48,2.4,,,,,,
Sweden,Allsvenskan,2020,20/09/2020,13:30,AIK,Hammarby,3,0,H,3.03,3.35,2.5,3.06,3.4,2.57,2.94,3.23,2.44,,,,,,
Sweden,Allsvenskan,2020,20/09/2020,13:30,Ostersunds,Djurgarden,1,1,D,4.58,3.94,1.79,4.75,3.94,1.82,4.46,3.72,1.76,,,,,,
Sweden,Allsvenskan,2020,20/09/2020,16:30,Goteborg,Kalmar,1,2,A,1.96,3.63,4.11,2,3.75,4.11,1.91,3.56,3.93,,,,,,
Sweden,Allsvenskan,2020,20/09/2020,16:30,Norrkoping,Malmo FF,1,1,D,3.14,3.79,2.24,3.14,3.79,2.3,3.02,3.63,2.21,,,,,,
Sweden,Allsvenskan,2020,21/09/2020,18:00,Elfsborg,Hacken,1,1,D,2.85,3.55,2.53,3.02,3.6,2.75,2.79,3.44,2.44,,,,,,
Sweden,Allsvenskan,2020,21/09/2020,18:00,Mjallby,Orebro,1,0,H,2.06,3.51,3.87,2.12,3.6,3.87,2.02,3.44,3.66,,,,,,
Sweden,Allsvenskan,2020,21/09/2020,18:00,Sirius,Falkenbergs,2,1,H,1.76,4.03,4.63,1.8,4.2,4.75,1.72,3.99,4.37,,,,,,
Sweden,Allsvenskan,2020,21/09/2020,18:00,Varberg,Helsingborg,1,3,A,2.2,3.59,3.38,2.21,3.75,3.6,2.12,3.57,3.26,,,,,,
Sweden,Allsvenskan,2020,26/09/2020,14:00,Orebro,Sirius,2,1,H,3.5,3.66,2.13,3.5,3.75,2.15,3.36,3.59,2.06,,,,,,
Sweden,Allsvenskan,2020,27/09/2020,13:30,Falkenbergs,Hammarby,1,3,A,5.02,4.23,1.68,5.02,4.25,1.75,4.57,4.06,1.68,,,,,,
Sweden,Allsvenskan,2020,27/09/2020,13:30,Helsingborg,Ostersunds,0,1,A,2.16,3.44,3.65,2.2,3.5,3.65,2.11,3.37,3.44,,,,,,
Sweden,Allsvenskan,2020,27/09/2020,13:30,Malmo FF,Hacken,3,0,H,1.88,3.67,4.47,1.9,3.82,4.49,1.85,3.58,4.14,,,,,,
Sweden,Allsvenskan,2020,27/09/2020,16:30,Djurgarden,Norrkoping,1,2,A,2.61,3.37,2.88,2.61,3.6,2.9,2.5,3.3,2.79,,,,,,
Sweden,Allsvenskan,2020,27/09/2020,16:30,Elfsborg,Goteborg,0,0,D,2.13,3.67,3.49,2.15,3.75,3.5,2.07,3.54,3.4,,,,,,
Sweden,Allsvenskan,2020,28/09/2020,18:00,AIK,Mjallby,1,0,H,1.82,3.61,4.91,1.85,3.61,5,1.79,3.46,4.67,,,,,,
Sweden,Allsvenskan,2020,28/09/2020,18:00,Kalmar,Varberg,1,1,D,2.43,3.44,3.07,2.45,3.5,3.33,2.36,3.33,2.97,,,,,,
Sweden,Allsvenskan,2020,03/10/2020,14:00,Hacken,Falkenbergs,3,0,H,1.53,4.55,6.21,1.55,4.57,6.75,1.5,4.38,6.02,,,,,,
Sweden,Allsvenskan,2020,03/10/2020,14:00,Orebro,Elfsborg,3,2,H,3.62,3.78,2.05,3.69,3.78,2.1,3.41,3.6,2.04,,,,,,
Sweden,Allsvenskan,2020,04/10/2020,13:30,Hammarby,Djurgarden,1,1,D,2.41,3.5,3.06,2.51,3.5,3.1,2.33,3.38,2.97,,,,,,
Sweden,Allsvenskan,2020,04/10/2020,13:30,Mjallby,Helsingborg,3,2,H,2.5,3.38,3.01,2.53,3.54,3.12,2.41,3.33,2.9,,,,,,
Sweden,Allsvenskan,2020,04/10/2020,13:30,Ostersunds,AIK,1,2,A,4.56,3.24,2,4.62,3.3,2.02,4.24,3.18,1.95,,,,,,
Sweden,Allsvenskan,2020,04/10/2020,16:30,Goteborg,Varberg,1,0,H,2.01,3.58,3.96,2.02,3.72,4,1.94,3.58,3.78,,,,,,
Sweden,Allsvenskan,2020,04/10/2020,16:30,Kalmar,Malmo FF,0,4,A,8.03,4.93,1.42,9,4.93,1.45,7.79,4.64,1.4,,,,,,
Sweden,Allsvenskan,2020,04/10/2020,16:30,Norrkoping,Sirius,1,2,A,1.81,4.08,4.33,1.83,4.25,4.33,1.75,4.06,4.13,,,,,,
Sweden,Allsvenskan,2020,17/10/2020,14:00,Falkenbergs,Orebro,2,1,H,2.43,3.71,2.88,2.55,3.71,2.88,2.4,3.54,2.76,,,,,,
Sweden,Allsvenskan,2020,18/10/2020,13:30,Elfsborg,Kalmar,3,1,H,1.68,4.23,5.06,1.71,4.23,5.16,1.65,4.05,4.86,,,,,,
Sweden,Allsvenskan,2020,18/10/2020,13:30,Hammarby,Mjallby,4,2,H,1.65,4.28,5.19,1.69,4.3,5.3,1.62,4.15,4.95,,,,,,
Sweden,Allsvenskan,2020,18/10/2020,13:30,Sirius,Ostersunds,2,3,A,1.63,4.25,5.54,1.67,4.25,5.7,1.59,4.09,5.37,,,,,,
Sweden,Allsvenskan,2020,18/10/2020,16:30,AIK,Goteborg,2,0,H,2.31,3.18,3.57,2.31,3.25,3.63,2.24,3.1,3.43,,,,,,
Sweden,Allsvenskan,2020,18/10/2020,16:30,Varberg,Norrkoping,1,3,A,3.81,4.03,1.93,4,4.03,1.95,3.71,3.85,1.88,,,,,,
Sweden,Allsvenskan,2020,19/10/2020,18:00,Djurgarden,Malmo FF,3,2,H,3.47,3.51,2.2,3.71,3.67,2.22,3.46,3.46,2.09,,,,,,
Sweden,Allsvenskan,2020,19/10/2020,18:00,Helsingborg,Hacken,0,0,D,4.32,3.68,1.9,4.35,3.9,1.92,4.08,3.7,1.84,,,,,,
Sweden,Allsvenskan,2020,24/10/2020,14:00,Djurgarden,Sirius,4,0,H,2.09,3.5,3.78,2.11,3.67,3.83,2.02,3.54,3.57,,,,,,
Sweden,Allsvenskan,2020,24/10/2020,14:00,Hacken,Mjallby,2,2,D,1.44,5.06,7.23,1.52,5.07,7.75,1.44,4.71,6.54,,,,,,
Sweden,Allsvenskan,2020,25/10/2020,13:30,Kalmar,Falkenbergs,0,0,D,2.46,3.35,3.11,2.56,3.4,3.11,2.42,3.25,2.93,,,,,,
Sweden,Allsvenskan,2020,25/10/2020,13:30,Ostersunds,Hammarby,1,3,A,5.08,4.38,1.65,5.31,4.45,1.67,4.99,4.19,1.61,,,,,,
Sweden,Allsvenskan,2020,25/10/2020,16:30,Malmo FF,Goteborg,3,1,H,1.42,4.97,7.93,1.47,5.25,8.23,1.41,4.8,7.27,,,,,,
Sweden,Allsvenskan,2020,25/10/2020,16:30,Orebro,Helsingborg,3,2,H,2.67,3.71,2.61,2.68,3.8,2.8,2.53,3.59,2.59,,,,,,
Sweden,Allsvenskan,2020,26/10/2020,18:00,Norrkoping,AIK,2,2,D,2.02,3.52,3.99,2.06,3.6,4,1.99,3.43,3.77,,,,,,
Sweden,Allsvenskan,2020,26/10/2020,18:00,Varberg,Elfsborg,0,0,D,4.02,3.73,1.95,4.1,3.75,2.02,3.75,3.61,1.94,,,,,,
Sweden,Allsvenskan,2020,28/10/2020,18:00,Hacken,Djurgarden,0,2,A,2.55,3.34,2.98,2.55,3.46,3.05,2.44,3.31,2.89,,,,,,
Sweden,Allsvenskan,2020,29/10/2020,18:00,Sirius,AIK,0,0,D,2.96,3.38,2.54,2.97,3.46,2.55,2.86,3.32,2.45,,,,,,
Sweden,Allsvenskan,2020,01/11/2020,13:30,Elfsborg,Norrkoping,2,1,H,2.54,3.59,2.81,2.6,3.65,2.87,2.48,3.46,2.71,,,,,,
Sweden,Allsvenskan,2020,01/11/2020,13:30,Mjallby,Ostersunds,3,0,H,1.87,3.85,4.27,1.9,3.85,4.35,1.84,3.67,4.09,,,,,,
Sweden,Allsvenskan,2020,01/11/2020,13:30,Sirius,Kalmar,2,2,D,1.84,3.93,4.33,1.85,4,4.5,1.8,3.8,4.19,,,,,,
Sweden,Allsvenskan,2020,01/11/2020,16:30,Falkenbergs,Djurgarden,3,2,H,4.97,4.03,1.72,5.25,4.1,1.74,4.76,3.93,1.68,,,,,,
Sweden,Allsvenskan,2020,01/11/2020,16:30,Goteborg,Orebro,0,1,A,1.62,4.4,5.38,1.66,4.5,5.8,1.59,4.17,5.22,,,,,,
Sweden,Allsvenskan,2020,01/11/2020,16:30,Hammarby,Hacken,1,1,D,2.1,3.76,3.5,2.13,3.76,3.56,2.07,3.62,3.32,,,,,,
Sweden,Allsvenskan,2020,02/11/2020,18:00,AIK,Varberg,1,0,H,1.88,3.52,4.71,1.9,3.6,4.77,1.84,3.46,4.42,,,,,,
Sweden,Allsvenskan,2020,02/11/2020,18:00,Helsingborg,Malmo FF,0,1,A,8.49,5.04,1.4,9,5.65,1.42,7.82,4.96,1.38,,,,,,
Sweden,Allsvenskan,2020,07/11/2020,14:00,Falkenbergs,Elfsborg,1,3,A,4.45,4.02,1.79,4.5,4.1,1.85,4.27,3.9,1.76,,,,,,
Sweden,Allsvenskan,2020,07/11/2020,14:00,Hacken,Ostersunds,2,1,H,1.24,6.42,13.34,1.27,6.73,15,1.23,6.21,11.65,,,,,,
Sweden,Allsvenskan,2020,07/11/2020,14:00,Mjallby,Norrkoping,2,0,H,4.34,4.08,1.8,4.34,4.13,1.84,4.06,3.9,1.79,,,,,,
Sweden,Allsvenskan,2020,08/11/2020,13:30,Djurgarden,AIK,0,1,A,2.1,3.35,3.94,2.2,3.45,4.04,2.05,3.27,3.78,,,,,,
Sweden,Allsvenskan,2020,08/11/2020,13:30,Orebro,Kalmar,0,1,A,2.66,3.52,2.72,2.69,3.55,2.9,2.51,3.4,2.71,,,,,,
Sweden,Allsvenskan,2020,08/11/2020,13:30,Varberg,Hammarby,5,2,H,3.59,3.78,2.06,3.6,3.8,2.07,3.46,3.65,2.01,,,,,,
Sweden,Allsvenskan,2020,08/11/2020,16:30,Helsingborg,Goteborg,0,1,A,2.96,3.15,2.69,2.96,3.42,2.8,2.82,3.1,2.61,,,,,,
Sweden,Allsvenskan,2020,08/11/2020,16:30,Malmo FF,Sirius,4,0,H,1.27,6.34,10.91,1.32,6.5,11.5,1.26,6.02,10.07,,,,,,
Sweden,Allsvenskan,2020,22/11/2020,13:30,AIK,Orebro,0,2,A,1.51,4.34,7.18,1.55,4.4,7.5,1.49,4.18,6.59,,,,,,
Sweden,Allsvenskan,2020,22/11/2020,13:30,Elfsborg,Helsingborg,2,1,H,1.6,4.41,5.62,1.62,4.5,6,1.56,4.34,5.3,,,,,,
Sweden,Allsvenskan,2020,22/11/2020,13:30,Kalmar,Djurgarden,0,3,A,4.55,3.83,1.82,4.61,3.83,1.85,4.36,3.61,1.8,,,,,,
Sweden,Allsvenskan,2020,22/11/2020,16:30,Hammarby,Malmo FF,2,2,D,2.19,3.81,3.08,2.3,3.94,3.2,2.19,3.69,3.01,,,,,,
Sweden,Allsvenskan,2020,22/11/2020,16:30,Ostersunds,Varberg,0,4,A,3.43,3.31,2.3,3.43,3.46,2.35,3.2,3.23,2.27,,,,,,
Sweden,Allsvenskan,2020,23/11/2020,18:00,Goteborg,Hacken,1,1,D,3.78,3.25,2.19,3.78,3.36,2.3,3.5,3.15,2.17,,,,,,
Sweden,Allsvenskan,2020,23/11/2020,18:00,Norrkoping,Falkenbergs,4,1,H,1.5,5.25,5.69,1.5,5.5,6.5,1.45,5.03,5.79,,,,,,
Sweden,Allsvenskan,2020,23/11/2020,18:00,Sirius,Mjallby,0,1,A,2.41,3.63,2.96,2.44,3.9,2.96,2.35,3.56,2.82,,,,,,
Sweden,Allsvenskan,2020,29/11/2020,13:30,Helsingborg,Falkenbergs,0,0,D,2.06,3.86,3.44,2.12,3.86,3.5,2.03,3.67,3.38,,,,,,
Sweden,Allsvenskan,2020,29/11/2020,13:30,Ostersunds,Goteborg,0,4,A,5.36,3.78,1.72,5.75,3.85,1.75,5.07,3.71,1.69,,,,,,
Sweden,Allsvenskan,2020,29/11/2020,13:30,Varberg,Malmo FF,3,2,H,5.52,4.79,1.54,6,4.79,1.57,5.52,4.5,1.52,,,,,,
Sweden,Allsvenskan,2020,29/11/2020,16:30,Hacken,Orebro,3,0,H,1.35,5.52,8.85,1.37,5.72,9.51,1.33,5.34,8.41,,,,,,
Sweden,Allsvenskan,2020,29/11/2020,16:30,Mjallby,Djurgarden,2,1,H,4.39,3.95,1.82,4.51,3.95,1.86,4.28,3.68,1.8,,,,,,
Sweden,Allsvenskan,2020,29/11/2020,16:30,Sirius,Elfsborg,1,1,D,4.7,4.39,1.69,4.75,4.47,1.72,4.58,4.21,1.66,,,,,,
Sweden,Allsvenskan,2020,30/11/2020,18:00,AIK,Kalmar,0,1,A,2.25,3.13,3.79,2.26,3.27,3.84,2.16,3.1,3.63,,,,,,
Sweden,Allsvenskan,2020,30/11/2020,18:00,Hammarby,Norrkoping,0,1,A,2.76,3.92,2.44,2.87,4,2.48,2.67,3.72,2.39,,,,,,
Sweden,Allsvenskan,2020,06/12/2020,13:30,Djurgarden,Varberg,1,0,H,1.37,5.32,8.71,1.42,5.33,8.71,1.37,4.92,7.82,,,,,,
Sweden,Allsvenskan,2020,06/12/2020,13:30,Elfsborg,AIK,2,2,D,1.86,3.91,4.21,1.9,3.91,4.34,1.81,3.74,4.11,,,,,,
Sweden,Allsvenskan,2020,06/12/2020,13:30,Falkenbergs,Mjallby,2,3,A,2.1,4.19,3.2,2.11,4.2,3.26,2.04,3.96,3.13,,,,,,
Sweden,Allsvenskan,2020,06/12/2020,13:30,Goteborg,Sirius,2,0,H,1.75,4.22,4.53,1.79,4.4,4.65,1.7,4.08,4.41,,,,,,
Sweden,Allsvenskan,2020,06/12/2020,13:30,Kalmar,Hacken,0,0,D,5.13,3.66,1.78,5.13,3.7,1.85,4.73,3.52,1.77,,,,,,
Sweden,Allsvenskan,2020,06/12/2020,13:30,Malmo FF,Ostersunds,4,0,H,1.13,10.14,21.16,1.15,10.14,26,1.12,9.15,18.61,,,,,,
Sweden,Allsvenskan,2020,06/12/2020,13:30,Norrkoping,Helsingborg,3,4,A,1.23,7.26,11.65,1.25,7.5,12,1.22,6.77,10.54,,,,,,
Sweden,Allsvenskan,2020,06/12/2020,13:30,Orebro,Hammarby,2,1,H,4.32,4.97,1.67,4.71,4.97,1.75,4.3,4.49,1.65,,,,,,
Sweden,Allsvenskan,2020,09/12/2020,17:00,Jonkopings,Kalmar,1,3,A,2.75,3.04,2.99,2.85,3.13,3.02,2.65,2.98,2.85,,,,,,
Sweden,Allsvenskan,2020,13/12/2020,12:00,Kalmar,Jonkopings,1,0,H,2.33,3.44,3.26,2.33,3.44,3.4,2.23,3.29,3.18,,,,,,
Sweden,Allsvenskan,2021,10/04/2021,14:00,Malmo FF,Hammarby,3,2,H,1.63,4.21,5.62,1.7,4.3,5.63,1.6,4.1,5.23,,,,,,
Sweden,Allsvenskan,2021,10/04/2021,16:30,Orebro,Goteborg,0,0,D,3.39,3.35,2.3,3.6,3.5,2.35,3.29,3.31,2.21,,,,,,
Sweden,Allsvenskan,2021,11/04/2021,14:00,Halmstad,Hacken,1,0,H,3.28,3.16,2.46,3.6,3.39,2.46,3.28,3.19,2.28,,,,,,
Sweden,Allsvenskan,2021,11/04/2021,14:00,Mjallby,Varberg,0,0,D,2.31,3.2,3.54,2.31,3.54,3.6,2.21,3.24,3.38,,,,,,
Sweden,Allsvenskan,2021,11/04/2021,16:30,Elfsborg,Djurgarden,0,2,A,3.08,3.38,2.46,3.08,3.46,2.5,2.92,3.3,2.43,,,,,,
Sweden,Allsvenskan,2021,11/04/2021,16:30,Norrkoping,Sirius,1,1,D,1.7,3.84,5.5,1.71,4.23,5.5,1.65,3.91,5.12,,,,,,
Sweden,Allsvenskan,2021,12/04/2021,18:00,AIK,Degerfors,2,0,H,1.98,3.7,3.94,1.98,3.75,4.3,1.9,3.61,3.96,,,,,,
Sweden,Allsvenskan,2021,12/04/2021,18:00,Kalmar,Ostersunds,0,0,D,2.09,3.32,4.01,2.38,3.49,4.01,2.1,3.24,3.65,,,,,,
Sweden,Allsvenskan,2021,17/04/2021,14:00,Hammarby,Mjallby,2,0,H,1.68,3.93,5.51,1.7,4.2,5.8,1.63,3.92,5.31,,,,,,
Sweden,Allsvenskan,2021,18/04/2021,14:00,Degerfors,Kalmar,0,1,A,2.22,3.58,3.36,2.37,3.58,3.49,2.19,3.39,3.25,,,,,,
Sweden,Allsvenskan,2021,18/04/2021,14:00,Hacken,Malmo FF,1,2,A,3.59,3.63,2.11,3.85,3.71,2.12,3.53,3.5,2.04,,,,,,
Sweden,Allsvenskan,2021,18/04/2021,14:00,Ostersunds,Orebro,5,0,H,2.66,3.31,2.86,2.75,3.35,2.86,2.61,3.2,2.74,,,,,,
Sweden,Allsvenskan,2021,18/04/2021,16:30,Djurgarden,Norrkoping,1,0,H,2.02,3.67,3.82,2.16,3.75,3.83,2.02,3.54,3.55,,,,,,
Sweden,Allsvenskan,2021,18/04/2021,16:30,Sirius,Halmstad,1,0,H,2.7,3.26,2.85,2.71,3.3,3.11,2.58,3.17,2.8,,,,,,
Sweden,Allsvenskan,2021,19/04/2021,18:00,Goteborg,AIK,2,0,H,3.05,3.09,2.66,3.1,3.15,2.66,2.99,3.03,2.51,,,,,,
Sweden,Allsvenskan,2021,19/04/2021,18:00,Varberg,Elfsborg,1,3,A,3.77,3.58,2.07,3.84,3.6,2.14,3.59,3.42,2.04,,,,,,
Sweden,Allsvenskan,2021,24/04/2021,14:00,Hacken,Sirius,1,2,A,1.68,3.76,5.92,1.72,3.86,5.92,1.66,3.68,5.52,,,,,,
Sweden,Allsvenskan,2021,25/04/2021,14:00,Kalmar,Orebro,1,0,H,2.09,3.25,4.11,2.12,3.52,4.21,2.01,3.23,3.98,,,,,,
Sweden,Allsvenskan,2021,25/04/2021,14:00,Norrkoping,Halmstad,2,1,H,1.89,3.75,4.26,1.92,3.9,4.5,1.84,3.59,4.19,,,,,,
Sweden,Allsvenskan,2021,25/04/2021,14:00,Varberg,Djurgarden,1,3,A,5.05,3.48,1.83,6,3.8,1.85,5.05,3.52,1.74,,,,,,
Sweden,Allsvenskan,2021,25/04/2021,16:30,AIK,Hammarby,2,0,H,2.42,3.41,3.11,2.65,3.5,3.12,2.37,3.31,3.01,,,,,,
Sweden,Allsvenskan,2021,25/04/2021,16:30,Malmo FF,Ostersunds,1,1,D,1.18,7.58,18.18,1.22,7.58,18.18,1.18,6.93,15.32,,,,,,
Sweden,Allsvenskan,2021,26/04/2021,17:30,Elfsborg,Mjallby,1,0,H,1.68,3.8,5.8,1.72,3.9,5.8,1.66,3.72,5.35,,,,,,
Sweden,Allsvenskan,2021,26/04/2021,17:30,Goteborg,Degerfors,2,3,A,1.77,3.85,4.85,1.79,3.95,5,1.72,3.77,4.68,,,,,,
Sweden,Allsvenskan,2021,01/05/2021,14:00,Sirius,Kalmar,1,1,D,2.7,3.09,3,2.7,3.2,3.1,2.6,3.04,2.91,,,,,,
Sweden,Allsvenskan,2021,01/05/2021,16:30,Hammarby,Hacken,1,1,D,2.26,3.56,3.28,2.37,3.56,3.5,2.26,3.39,3.15,,,,,,
Sweden,Allsvenskan,2021,02/05/2021,14:00,Halmstad,Goteborg,1,1,D,3.13,3.26,2.49,3.13,3.32,2.57,2.99,3.21,2.43,,,,,,
Sweden,Allsvenskan,2021,02/05/2021,14:00,Orebro,Norrkoping,0,3,A,4.15,3.94,1.87,4.5,4.13,1.88,4.06,3.78,1.83,,,,,,
Sweden,Allsvenskan,2021,02/05/2021,14:00,Ostersunds,Varberg,1,2,A,2.41,3.51,3.06,2.43,3.51,3.15,2.33,3.34,3.05,,,,,,
Sweden,Allsvenskan,2021,02/05/2021,16:30,AIK,Elfsborg,1,0,H,2.38,3.36,3.23,2.42,3.4,3.23,2.32,3.28,3.11,,,,,,
Sweden,Allsvenskan,2021,03/05/2021,17:30,Djurgarden,Malmo FF,3,1,H,2.95,3.52,2.47,2.96,3.64,2.62,2.81,3.41,2.45,,,,,,
Sweden,Allsvenskan,2021,03/05/2021,17:30,Mjallby,Degerfors,1,0,H,2.27,3.51,3.29,2.32,3.53,3.29,2.22,3.4,3.19,,,,,,
Sweden,Allsvenskan,2021,08/05/2021,14:00,Goteborg,Hacken,1,1,D,2.8,3.3,2.72,2.83,3.3,2.73,2.74,3.21,2.61,,,,,,
Sweden,Allsvenskan,2021,08/05/2021,14:00,Hammarby,Sirius,3,2,H,1.6,4.27,5.88,1.79,4.3,6,1.59,4.1,5.45,,,,,,
Sweden,Allsvenskan,2021,08/05/2021,16:30,Elfsborg,Kalmar,2,2,D,2.01,3.3,4.37,2.1,3.53,4.43,1.99,3.28,4.04,,,,,,
Sweden,Allsvenskan,2021,08/05/2021,16:30,Orebro,Halmstad,1,0,H,3.6,3.53,2.14,3.73,3.53,2.26,3.43,3.37,2.14,,,,,,
Sweden,Allsvenskan,2021,09/05/2021,14:00,Degerfors,Djurgarden,2,0,H,6.23,4.32,1.56,6.25,4.5,1.6,5.7,4.23,1.55,,,,,,
Sweden,Allsvenskan,2021,09/05/2021,14:00,Mjallby,Ostersunds,1,0,H,1.72,3.9,5.17,1.93,3.9,5.4,1.74,3.64,4.84,,,,,,
Sweden,Allsvenskan,2021,09/05/2021,16:30,Malmo FF,Varberg,3,2,H,1.32,5.62,10.22,1.34,6,10.22,1.3,5.54,9.2,,,,,,
Sweden,Allsvenskan,2021,10/05/2021,17:30,Norrkoping,AIK,2,0,H,2.12,3.53,3.67,2.34,3.53,3.67,2.16,3.33,3.42,,,,,,
Sweden,Allsvenskan,2021,12/05/2021,17:30,Djurgarden,Ostersunds,2,0,H,1.26,5.83,13.61,1.28,6.4,15,1.24,5.87,12.13,,,,,,
Sweden,Allsvenskan,2021,12/05/2021,17:30,Hacken,Orebro,2,3,A,1.46,4.3,8.53,1.49,4.75,9,1.43,4.39,7.58,,,,,,
Sweden,Allsvenskan,2021,12/05/2021,17:30,Kalmar,Goteborg,0,0,D,2.93,2.97,2.79,2.93,3.1,2.88,2.76,2.96,2.78,,,,,,
Sweden,Allsvenskan,2021,12/05/2021,17:30,Sirius,Elfsborg,0,2,A,3.1,3.28,2.45,3.23,3.55,2.5,2.98,3.3,2.38,,,,,,
Sweden,Allsvenskan,2021,12/05/2021,17:30,Varberg,Hammarby,1,3,A,3.56,3.53,2.12,3.6,3.75,2.16,3.41,3.53,2.07,,,,,,
Sweden,Allsvenskan,2021,13/05/2021,16:00,Halmstad,Mjallby,1,1,D,2.21,3.28,3.68,2.32,3.32,3.8,2.2,3.16,3.49,,,,,,
Sweden,Allsvenskan,2021,13/05/2021,17:30,AIK,Malmo FF,1,1,D,3.29,3.36,2.34,3.49,3.5,2.41,3.19,3.3,2.27,,,,,,
Sweden,Allsvenskan,2021,13/05/2021,17:30,Norrkoping,Degerfors,1,1,D,1.5,4.66,6.67,1.57,4.7,6.7,1.5,4.5,6.02,,,,,,
Sweden,Allsvenskan,2021,16/05/2021,16:30,Hammarby,Djurgarden,2,2,D,3.07,4,2.17,3.2,4,2.25,3.08,3.76,2.15,,,,,,
Sweden,Allsvenskan,2021,17/05/2021,17:30,Elfsborg,Halmstad,2,3,A,1.86,3.6,4.49,1.91,3.75,4.5,1.84,3.57,4.29,,,,,,
Sweden,Allsvenskan,2021,17/05/2021,17:30,Goteborg,Sirius,2,2,D,1.81,3.79,4.53,1.88,3.88,4.91,1.77,3.71,4.52,,,,,,
Sweden,Allsvenskan,2021,17/05/2021,17:30,Malmo FF,Kalmar,3,1,H,1.7,3.85,5.32,1.71,4.3,7,1.62,3.94,5.48,,,,,,
Sweden,Allsvenskan,2021,17/05/2021,17:30,Mjallby,Hacken,1,1,D,3.25,3.36,2.32,3.32,3.39,2.4,3.17,3.26,2.29,,,,,,
Sweden,Allsvenskan,2021,17/05/2021,17:30,Ostersunds,AIK,1,2,A,4.81,3.67,1.8,5.8,3.75,1.84,4.77,3.58,1.76,,,,,,
Sweden,Allsvenskan,2021,17/05/2021,17:30,Varberg,Norrkoping,2,1,H,3.36,3.37,2.26,3.4,3.61,2.27,3.26,3.39,2.19,,,,,,
Sweden,Allsvenskan,2021,18/05/2021,17:30,Degerfors,Orebro,3,0,H,1.96,3.64,3.98,2.04,3.73,4.01,1.96,3.52,3.81,,,,,,
Sweden,Allsvenskan,2021,20/05/2021,17:30,Malmo FF,Elfsborg,2,1,H,1.63,4.09,5.66,1.67,4.33,5.75,1.59,4.13,5.36,,,,,,
Sweden,Allsvenskan,2021,22/05/2021,14:00,AIK,Mjallby,2,2,D,1.82,3.48,4.99,1.87,3.52,5,1.82,3.38,4.74,,,,,,
Sweden,Allsvenskan,2021,22/05/2021,16:30,Ostersunds,Sirius,3,0,H,2.81,3.45,2.62,2.85,3.46,2.68,2.73,3.33,2.55,,,,,,
Sweden,Allsvenskan,2021,23/05/2021,14:00,Halmstad,Degerfors,0,0,D,2.03,3.53,3.95,2.07,3.59,3.97,1.99,3.43,3.77,,,,,,
Sweden,Allsvenskan,2021,23/05/2021,14:00,Kalmar,Hammarby,2,1,H,2.94,3.39,2.55,3,3.44,2.55,2.91,3.31,2.43,,,,,,
Sweden,Allsvenskan,2021,23/05/2021,16:30,Djurgarden,Goteborg,0,0,D,1.66,3.99,5.67,1.69,4,5.75,1.63,3.88,5.36,,,,,,
Sweden,Allsvenskan,2021,23/05/2021,16:30,Hacken,Varberg,3,1,H,1.87,3.65,4.55,1.88,3.75,4.8,1.8,3.62,4.44,,,,,,
Sweden,Allsvenskan,2021,24/05/2021,17:30,Elfsborg,Norrkoping,1,0,H,2.19,3.68,3.33,2.45,3.7,3.35,2.17,3.55,3.18,,,,,,
Sweden,Allsvenskan,2021,24/05/2021,17:30,Orebro,Malmo FF,1,2,A,8.24,4.78,1.43,8.5,5.1,1.45,7.68,4.77,1.39,,,,,,
Sweden,Allsvenskan,2021,03/07/2021,14:00,Norrkoping,Malmo FF,3,2,H,3.94,3.62,2.01,4.05,3.62,2.1,3.73,3.45,1.99,,,,,,
Sweden,Allsvenskan,2021,03/07/2021,16:30,Degerfors,Ostersunds,3,1,H,1.82,3.75,4.69,1.86,3.8,4.7,1.79,3.67,4.39,,,,,,
Sweden,Allsvenskan,2021,04/07/2021,14:00,Hacken,AIK,2,1,H,2.14,3.46,3.68,2.4,3.5,3.72,2.14,3.32,3.45,,,,,,
Sweden,Allsvenskan,2021,04/07/2021,14:00,Varberg,Kalmar,1,1,D,3.07,3.14,2.61,3.16,3.3,2.66,2.92,3.07,2.56,,,,,,
Sweden,Allsvenskan,2021,04/07/2021,16:30,Hammarby,Halmstad,1,1,D,1.84,3.88,4.37,1.87,3.92,4.38,1.81,3.77,4.13,,,,,,
Sweden,Allsvenskan,2021,04/07/2021,16:30,Sirius,Mjallby,2,1,H,2.55,3.49,2.87,2.6,3.5,2.89,2.51,3.35,2.76,,,,,,
Sweden,Allsvenskan,2021,05/07/2021,18:00,Djurgarden,Orebro,3,0,H,1.25,6.46,11.76,1.33,6.5,12.44,1.25,6,11.07,,,,,,
Sweden,Allsvenskan,2021,05/07/2021,18:00,Goteborg,Elfsborg,0,1,A,2.64,3.34,2.87,2.75,3.35,3,2.59,3.22,2.77,,,,,,
Sweden,Allsvenskan,2021,10/07/2021,14:00,Malmo FF,Sirius,4,0,H,1.33,5.58,9.99,1.36,5.8,9.99,1.31,5.44,8.86,,,,,,
Sweden,Allsvenskan,2021,10/07/2021,16:30,AIK,Varberg,2,1,H,1.57,4.04,6.78,1.6,4.2,6.84,1.55,3.98,6.18,,,,,,
Sweden,Allsvenskan,2021,11/07/2021,14:00,Hammarby,Degerfors,5,1,H,1.59,4.4,5.7,1.62,4.5,6,1.57,4.31,5.29,,,,,,
Sweden,Allsvenskan,2021,11/07/2021,14:00,Mjallby,Norrkoping,0,1,A,2.59,3.35,2.92,2.6,3.48,2.95,2.5,3.28,2.82,,,,,,
Sweden,Allsvenskan,2021,11/07/2021,16:30,Elfsborg,Orebro,2,1,H,1.39,5.04,8.64,1.44,5.35,8.95,1.38,4.85,7.71,,,,,,
Sweden,Allsvenskan,2021,11/07/2021,16:30,Ostersunds,Goteborg,2,3,A,3.27,3.36,2.36,3.3,3.49,2.36,3.16,3.3,2.28,,,,,,
Sweden,Allsvenskan,2021,12/07/2021,18:00,Halmstad,Djurgarden,0,0,D,3.7,3.41,2.15,3.76,3.58,2.17,3.57,3.34,2.08,,,,,,
Sweden,Allsvenskan,2021,12/07/2021,18:00,Kalmar,Hacken,2,3,A,2.89,3.23,2.69,2.91,3.35,2.7,2.78,3.16,2.61,,,,,,
Sweden,Allsvenskan,2021,17/07/2021,14:00,Degerfors,Malmo FF,0,5,A,6.06,4.72,1.53,6.2,4.75,1.55,5.86,4.54,1.5,,,,,,
Sweden,Allsvenskan,2021,17/07/2021,16:30,Elfsborg,Ostersunds,3,0,H,1.5,4.67,6.61,1.52,4.7,6.78,1.48,4.5,6.29,,,,,,
Sweden,Allsvenskan,2021,18/07/2021,14:00,Norrkoping,Hacken,0,1,A,2.34,3.62,3.09,2.36,3.65,3.13,2.27,3.52,2.99,,,,,,
Sweden,Allsvenskan,2021,18/07/2021,14:00,Orebro,Hammarby,0,2,A,5.58,4.43,1.6,5.58,4.5,1.64,5.19,4.25,1.59,,,,,,
Sweden,Allsvenskan,2021,18/07/2021,16:30,AIK,Kalmar,2,0,H,1.85,3.47,4.97,1.89,3.6,5.1,1.8,3.45,4.67,,,,,,
Sweden,Allsvenskan,2021,18/07/2021,16:30,Goteborg,Mjallby,3,2,H,1.73,3.86,5.18,1.75,3.88,5.25,1.7,3.73,4.95,,,,,,
Sweden,Allsvenskan,2021,19/07/2021,18:00,Djurgarden,Sirius,5,1,H,1.37,5.32,8.63,1.39,5.53,9,1.35,5.16,7.95,,,,,,
Sweden,Allsvenskan,2021,19/07/2021,18:00,Halmstad,Varberg,1,1,D,2.11,3.32,3.94,2.15,3.35,3.98,2.08,3.22,3.75,,,,,,
Sweden,Allsvenskan,2021,24/07/2021,14:00,Mjallby,Malmo FF,0,2,A,4.49,3.55,1.9,4.52,3.74,1.92,4.21,3.52,1.86,,,,,,
Sweden,Allsvenskan,2021,24/07/2021,16:30,Sirius,Degerfors,2,0,H,2.07,3.9,3.46,2.12,3.92,3.65,2.03,3.72,3.38,,,,,,
Sweden,Allsvenskan,2021,25/07/2021,14:00,Kalmar,Djurgarden,0,1,A,3.61,3.36,2.21,3.84,3.59,2.26,3.48,3.27,2.15,,,,,,
Sweden,Allsvenskan,2021,25/07/2021,16:30,Hacken,Elfsborg,1,1,D,2.7,3.45,2.72,2.7,3.6,3,2.6,3.42,2.62,,,,,,
Sweden,Allsvenskan,2021,25/07/2021,16:30,Hammarby,Norrkoping,2,1,H,1.85,3.84,4.34,2.2,3.85,4.34,1.84,3.71,4.07,,,,,,
Sweden,Allsvenskan,2021,26/07/2021,18:00,Orebro,AIK,1,1,D,5.8,4.03,1.64,5.8,4.03,1.69,5.42,3.82,1.63,,,,,,
Sweden,Allsvenskan,2021,26/07/2021,18:00,Ostersunds,Halmstad,0,1,A,3.51,3.45,2.21,3.53,3.51,2.24,3.38,3.35,2.15,,,,,,
Sweden,Allsvenskan,2021,26/07/2021,18:00,Varberg,Goteborg,2,0,H,3.71,3.49,2.12,3.71,3.58,2.15,3.5,3.43,2.08,,,,,,
Sweden,Allsvenskan,2021,31/07/2021,16:30,Degerfors,Varberg,1,1,D,2.54,3.5,2.87,2.69,3.55,3,2.45,3.38,2.8,,,,,,
Sweden,Allsvenskan,2021,01/08/2021,14:00,Djurgarden,Hacken,2,1,H,1.64,4.2,5.44,1.66,4.35,5.75,1.6,4.07,5.25,,,,,,
Sweden,Allsvenskan,2021,01/08/2021,16:30,Kalmar,Mjallby,1,0,H,1.89,3.52,4.63,1.94,3.55,4.76,1.88,3.39,4.31,,,,,,
Sweden,Allsvenskan,2021,01/08/2021,16:30,Ostersunds,Hammarby,1,1,D,4.43,3.92,1.82,4.55,4.12,1.84,4.22,3.86,1.77,,,,,,
Sweden,Allsvenskan,2021,02/08/2021,18:00,AIK,Halmstad,1,0,H,1.88,3.35,5.07,1.9,3.54,5.5,1.82,3.33,4.78,,,,,,
Sweden,Allsvenskan,2021,02/08/2021,18:00,Goteborg,Norrkoping,1,2,A,2.31,3.48,3.25,2.32,3.62,3.3,2.22,3.43,3.15,,,,,,
Sweden,Allsvenskan,2021,02/08/2021,18:00,Sirius,Orebro,1,2,A,1.8,4.05,4.39,1.86,4.05,4.5,1.79,3.89,4.11,,,,,,
Sweden,Allsvenskan,2021,07/08/2021,16:30,Halmstad,Malmo FF,0,0,D,3.98,3.48,2.04,4.07,3.5,2.1,3.78,3.33,2.02,,,,,,
Sweden,Allsvenskan,2021,07/08/2021,16:30,Orebro,Mjallby,2,2,D,2.93,3.4,2.55,3.1,3.5,2.61,2.85,3.3,2.46,,,,,,
Sweden,Allsvenskan,2021,08/08/2021,14:00,Djurgarden,AIK,1,4,A,2.04,3.27,4.3,2.16,3.4,4.41,2.02,3.18,4,,,,,,
Sweden,Allsvenskan,2021,08/08/2021,14:00,Hacken,Ostersunds,5,0,H,1.3,5.82,10.28,1.35,6,11,1.3,5.53,9.48,,,,,,
Sweden,Allsvenskan,2021,08/08/2021,16:30,Elfsborg,Degerfors,3,0,H,1.48,4.87,6.55,1.53,4.9,7,1.48,4.64,6.02,,,,,,
Sweden,Allsvenskan,2021,08/08/2021,16:30,Goteborg,Hammarby,0,0,D,2.28,3.71,3.12,2.45,3.71,3.13,2.33,3.49,2.92,,,,,,
Sweden,Allsvenskan,2021,09/08/2021,18:00,Norrkoping,Kalmar,1,2,A,1.96,3.66,4.08,2,3.74,4.12,1.93,3.53,3.85,,,,,,
Sweden,Allsvenskan,2021,09/08/2021,18:00,Varberg,Sirius,0,0,D,1.95,3.69,4.08,1.98,3.75,4.18,1.93,3.54,3.84,,,,,,
Sweden,Allsvenskan,2021,14/08/2021,14:00,Malmo FF,Goteborg,2,3,A,1.49,4.37,7.55,1.55,4.45,7.88,1.48,4.14,6.83,,,,,,
Sweden,Allsvenskan,2021,14/08/2021,16:30,Kalmar,Halmstad,1,1,D,2.31,3.04,3.77,2.35,3.22,3.77,2.24,3.01,3.52,,,,,,
Sweden,Allsvenskan,2021,15/08/2021,14:00,Degerfors,Hacken,3,0,H,3.94,3.95,1.92,3.95,4,1.93,3.78,3.83,1.87,,,,,,
Sweden,Allsvenskan,2021,15/08/2021,14:00,Mjallby,Djurgarden,0,1,A,4.54,4.1,1.77,4.75,4.1,1.8,4.43,3.87,1.73,,,,,,
Sweden,Allsvenskan,2021,15/08/2021,16:30,Hammarby,Elfsborg,0,2,A,2.12,3.68,3.51,2.16,3.8,3.6,2.05,3.6,3.37,,,,,,
Sweden,Allsvenskan,2021,15/08/2021,16:30,Ostersunds,Norrkoping,1,2,A,4.62,3.88,1.8,4.95,4,1.81,4.48,3.78,1.74,,,,,,
Sweden,Allsvenskan,2021,16/08/2021,18:00,Sirius,AIK,0,1,A,3.72,3.59,2.08,4.44,3.74,2.09,3.65,3.54,1.97,,,,,,
Sweden,Allsvenskan,2021,16/08/2021,18:00,Varberg,Orebro,1,0,H,1.76,3.87,4.92,1.88,3.87,4.92,1.8,3.61,4.37,,,,,,
Sweden,Allsvenskan,2021,21/08/2021,14:00,Malmo FF,Degerfors,3,0,H,1.27,6.35,10.91,1.31,6.75,11,1.26,6.15,9.71,,,,,,
Sweden,Allsvenskan,2021,22/08/2021,14:00,Elfsborg,Hammarby,2,2,D,2.33,3.66,3.08,2.38,3.83,3.11,2.28,3.53,2.95,,,,,,
Sweden,Allsvenskan,2021,22/08/2021,14:00,Halmstad,Norrkoping,2,1,H,2.75,3.21,2.84,2.75,3.36,2.88,2.62,3.16,2.75,,,,,,
Sweden,Allsvenskan,2021,22/08/2021,16:30,AIK,Hacken,2,1,H,1.79,3.66,5.05,1.87,3.75,5.07,1.78,3.53,4.6,,,,,,
Sweden,Allsvenskan,2021,22/08/2021,16:30,Orebro,Sirius,1,1,D,2.67,3.58,2.68,2.7,3.62,2.8,2.54,3.44,2.67,,,,,,
Sweden,Allsvenskan,2021,23/08/2021,18:00,Djurgarden,Mjallby,0,0,D,1.36,5.1,9.69,1.39,5.3,10.5,1.34,4.94,8.85,,,,,,
Sweden,Allsvenskan,2021,23/08/2021,18:00,Goteborg,Varberg,1,2,A,2.11,3.23,4.1,2.15,3.4,4.2,2.05,3.2,3.87,,,,,,
Sweden,Allsvenskan,2021,23/08/2021,18:00,Ostersunds,Kalmar,0,1,A,3.56,3.38,2.22,3.6,3.51,2.26,3.42,3.29,2.16,,,,,,
Sweden,Allsvenskan,2021,28/08/2021,14:00,AIK,Orebro,2,0,H,1.38,5.12,9.08,1.4,5.22,9.25,1.36,4.88,8.34,,,,,,
Sweden,Allsvenskan,2021,28/08/2021,14:00,Degerfors,Mjallby,0,2,A,2.22,3.68,3.26,2.45,3.75,3.26,2.19,3.57,3.09,,,,,,
Sweden,Allsvenskan,2021,28/08/2021,16:30,Varberg,Halmstad,1,0,H,2.82,3.02,2.92,2.85,3.26,2.98,2.68,2.98,2.84,,,,,,
Sweden,Allsvenskan,2021,29/08/2021,14:00,Hacken,Goteborg,3,2,H,2.05,3.55,3.84,2.12,3.62,3.85,2.04,3.44,3.58,,,,,,
Sweden,Allsvenskan,2021,29/08/2021,14:00,Norrkoping,Ostersunds,3,0,H,1.3,6.14,9.3,1.3,6.75,11.5,1.26,6.03,9.9,,,,,,
Sweden,Allsvenskan,2021,29/08/2021,14:00,Sirius,Djurgarden,1,0,H,4.59,3.75,1.83,4.59,3.92,1.88,4.25,3.68,1.8,,,,,,
Sweden,Allsvenskan,2021,29/08/2021,16:30,Hammarby,Malmo FF,2,1,H,3.7,3.97,1.97,3.81,4.06,2.01,3.49,3.87,1.94,,,,,,
Sweden,Allsvenskan,2021,29/08/2021,16:30,Kalmar,Elfsborg,0,3,A,3.11,3.35,2.45,3.2,3.47,2.5,2.99,3.29,2.37,,,,,,
Sweden,Allsvenskan,2021,11/09/2021,14:00,Malmo FF,Norrkoping,1,1,D,1.61,4.36,5.53,1.62,4.5,6.2,1.57,4.21,5.37,,,,,,
Sweden,Allsvenskan,2021,11/09/2021,14:00,Sirius,Ostersunds,1,0,H,1.68,4.14,5.13,1.7,4.33,5.5,1.64,4.01,4.98,,,,,,
Sweden,Allsvenskan,2021,12/09/2021,14:00,Djurgarden,Hammarby,4,1,H,2.17,3.64,3.42,2.2,3.7,3.5,2.1,3.55,3.3,,,,,,
Sweden,Allsvenskan,2021,12/09/2021,14:00,Kalmar,Degerfors,4,1,H,1.76,3.89,4.84,1.81,4.09,4.84,1.73,3.82,4.54,,,,,,
Sweden,Allsvenskan,2021,12/09/2021,16:30,Goteborg,Halmstad,2,0,H,2.35,3.06,3.63,2.4,3.25,3.66,2.29,3.03,3.4,,,,,,
Sweden,Allsvenskan,2021,13/09/2021,18:00,Elfsborg,Hacken,4,2,H,1.92,3.81,4.09,1.93,3.95,4.15,1.88,3.7,3.89,,,,,,
Sweden,Allsvenskan,2021,13/09/2021,18:00,Mjallby,AIK,0,0,D,3.71,3.13,2.28,3.73,3.3,2.28,3.51,3.09,2.2,,,,,,
Sweden,Allsvenskan,2021,13/09/2021,18:00,Orebro,Varberg,0,3,A,2.88,3.35,2.62,2.93,3.48,2.63,2.8,3.3,2.49,,,,,,
Sweden,Allsvenskan,2021,18/09/2021,14:00,Degerfors,Sirius,1,2,A,2.31,3.79,3.02,2.53,3.83,3.18,2.29,3.62,2.89,,,,,,
Sweden,Allsvenskan,2021,18/09/2021,14:00,Malmo FF,Djurgarden,1,1,D,1.72,4.09,4.88,1.91,4.09,5,1.71,3.87,4.6,,,,,,
Sweden,Allsvenskan,2021,18/09/2021,16:30,Hacken,Mjallby,0,0,D,2.06,3.41,4,2.1,3.66,4.7,2.01,3.37,3.8,,,,,,
Sweden,Allsvenskan,2021,19/09/2021,14:00,Norrkoping,Orebro,3,0,H,1.41,5.12,7.72,1.45,5.19,8,1.39,4.89,7.24,,,,,,
Sweden,Allsvenskan,2021,19/09/2021,14:00,Ostersunds,Elfsborg,3,1,H,5.5,4.17,1.64,5.61,4.4,1.67,5.22,4.04,1.61,,,,,,
Sweden,Allsvenskan,2021,19/09/2021,16:30,Halmstad,Kalmar,0,1,A,2.34,3.18,3.51,2.66,3.21,3.6,2.28,3.05,3.39,,,,,,
Sweden,Allsvenskan,2021,20/09/2021,18:00,AIK,Goteborg,3,1,H,1.92,3.34,4.82,1.97,3.35,4.82,1.89,3.24,4.47,,,,,,
Sweden,Allsvenskan,2021,20/09/2021,18:00,Hammarby,Varberg,1,0,H,1.61,4.42,5.39,1.65,4.45,5.58,1.61,4.24,4.98,,,,,,
Sweden,Allsvenskan,2021,22/09/2021,18:00,Djurgarden,Degerfors,3,2,H,1.4,4.96,8.69,1.46,5.45,9.14,1.37,5.04,7.7,,,,,,
Sweden,Allsvenskan,2021,22/09/2021,18:00,Elfsborg,Malmo FF,0,1,A,3.12,3.57,2.34,3.14,3.71,2.38,3,3.47,2.28,,,,,,
Sweden,Allsvenskan,2021,22/09/2021,18:00,Orebro,Ostersunds,2,0,H,2.11,3.49,3.75,2.18,3.63,3.75,2.09,3.43,3.45,,,,,,
Sweden,Allsvenskan,2021,22/09/2021,18:00,Sirius,Norrkoping,2,4,A,3.29,3.67,2.22,3.5,3.8,2.28,3.17,3.6,2.14,,,,,,
Sweden,Allsvenskan,2021,23/09/2021,18:00,Hammarby,Goteborg,3,0,H,1.67,4.29,5.01,1.72,4.44,5.01,1.65,4.22,4.64,,,,,,
Sweden,Allsvenskan,2021,23/09/2021,18:00,Kalmar,AIK,1,1,D,3.3,3.17,2.44,3.35,3.29,2.48,3.17,3.13,2.35,,,,,,
Sweden,Allsvenskan,2021,23/09/2021,18:00,Mjallby,Halmstad,0,0,D,2.6,3.01,3.22,2.61,3.05,3.3,2.48,2.92,3.16,,,,,,
Sweden,Allsvenskan,2021,23/09/2021,18:00,Varberg,Hacken,1,1,D,3.15,3.06,2.61,3.15,3.3,2.7,2.93,3.07,2.55,,,,,,
Sweden,Allsvenskan,2021,25/09/2021,16:30,Malmo FF,Orebro,5,1,H,1.18,8.14,14.82,1.21,8.5,17,1.17,7.63,14.24,,,,,,
Sweden,Allsvenskan,2021,26/09/2021,14:00,Mjallby,Elfsborg,4,0,H,3.33,3.17,2.43,3.4,3.35,2.45,3.22,3.1,2.34,,,,,,
Sweden,Allsvenskan,2021,26/09/2021,14:00,Ostersunds,Djurgarden,0,3,A,7.07,4.48,1.5,7.2,4.5,1.54,6.71,4.31,1.47,,,,,,
Sweden,Allsvenskan,2021,26/09/2021,16:30,Hacken,Hammarby,1,1,D,2.88,3.49,2.54,2.88,3.8,2.55,2.76,3.46,2.45,,,,,,
Sweden,Allsvenskan,2021,26/09/2021,16:30,Norrkoping,Varberg,2,1,H,1.44,4.8,7.76,1.45,5,8.55,1.4,4.71,7.7,,,,,,
Sweden,Allsvenskan,2021,27/09/2021,18:00,Degerfors,AIK,2,1,H,3.75,3.51,2.1,3.8,3.66,2.16,3.55,3.42,2.06,,,,,,
Sweden,Allsvenskan,2021,27/09/2021,18:00,Goteborg,Kalmar,0,2,A,2.94,3.19,2.68,2.96,3.41,2.68,2.84,3.15,2.56,,,,,,
Sweden,Allsvenskan,2021,27/09/2021,18:00,Halmstad,Sirius,1,1,D,1.89,3.64,4.43,1.91,3.68,4.43,1.86,3.51,4.19,,,,,,
Sweden,Allsvenskan,2021,01/10/2021,18:00,Elfsborg,Goteborg,1,0,H,1.61,4.21,5.86,1.65,4.3,6,1.57,4.11,5.54,,,,,,
Sweden,Allsvenskan,2021,02/10/2021,14:00,Varberg,Degerfors,0,0,D,2.06,3.52,3.87,2.11,3.8,4.1,1.99,3.51,3.67,,,,,,
Sweden,Allsvenskan,2021,02/10/2021,16:30,Halmstad,Ostersunds,1,1,D,1.54,4.07,7.27,1.6,4.11,7.28,1.54,3.9,6.57,,,,,,
Sweden,Allsvenskan,2021,03/10/2021,14:00,AIK,Djurgarden,1,0,H,2.48,3.19,3.21,2.55,3.37,3.26,2.45,3.13,3.01,,,,,,
Sweden,Allsvenskan,2021,03/10/2021,14:00,Kalmar,Sirius,3,1,H,1.69,3.97,5.36,1.71,4,5.5,1.67,3.82,5.07,,,,,,
Sweden,Allsvenskan,2021,03/10/2021,14:00,Orebro,Hacken,1,2,A,3.9,3.87,1.94,4,3.87,1.99,3.72,3.66,1.93,,,,,,
Sweden,Allsvenskan,2021,03/10/2021,16:30,Malmo FF,Mjallby,0,1,A,1.39,4.84,9.52,1.4,5,9.52,1.37,4.68,8.51,,,,,,
Sweden,Allsvenskan,2021,03/10/2021,16:30,Norrkoping,Hammarby,3,1,H,2.63,3.65,2.68,2.7,3.78,2.68,2.56,3.55,2.58,,,,,,
Sweden,Allsvenskan,2021,16/10/2021,14:00,Degerfors,Halmstad,2,1,H,2.98,3.49,2.47,3.1,3.53,2.47,2.96,3.29,2.38,,,,,,
Sweden,Allsvenskan,2021,16/10/2021,14:00,Ostersunds,Malmo FF,0,3,A,9.28,5.66,1.34,10.21,6.75,1.37,9.24,5.54,1.3,,,,,,
Sweden,Allsvenskan,2021,16/10/2021,16:30,Sirius,Varberg,2,1,H,2.9,3.11,2.77,2.9,3.29,2.92,2.71,3.07,2.73,,,,,,
Sweden,Allsvenskan,2021,17/10/2021,14:00,Hammarby,AIK,1,0,H,2.68,3.37,2.8,2.71,3.54,2.86,2.59,3.28,2.69,,,,,,
Sweden,Allsvenskan,2021,17/10/2021,14:00,Mjallby,Kalmar,4,0,H,2.35,3.25,3.4,2.42,3.25,3.5,2.32,3.11,3.23,,,,,,
Sweden,Allsvenskan,2021,17/10/2021,16:30,Goteborg,Orebro,2,0,H,1.71,3.84,5.42,1.76,3.89,5.59,1.69,3.7,5.03,,,,,,
Sweden,Allsvenskan,2021,18/10/2021,18:00,Hacken,Norrkoping,5,0,H,2.39,3.58,3.03,2.45,3.72,3.05,2.34,3.44,2.89,,,,,,
Sweden,Allsvenskan,2021,18/10/2021,18:10,Djurgarden,Elfsborg,0,3,A,2.04,3.77,3.64,2.06,3.9,3.7,1.99,3.67,3.48,,,,,,
Sweden,Allsvenskan,2021,23/10/2021,14:00,Djurgarden,Kalmar,3,2,H,1.75,3.9,4.95,1.76,4.04,5.25,1.69,3.8,4.81,,,,,,
Sweden,Allsvenskan,2021,23/10/2021,16:30,Hacken,Halmstad,2,3,A,2.2,3.33,3.66,2.22,3.56,3.82,2.08,3.35,3.55,,,,,,
Sweden,Allsvenskan,2021,24/10/2021,14:00,Elfsborg,Sirius,3,0,H,1.38,5.51,8.01,1.42,5.51,9,1.38,5.01,7.37,,,,,,
Sweden,Allsvenskan,2021,24/10/2021,14:00,Hammarby,Ostersunds,4,3,H,1.17,8.24,17.97,1.2,8.75,20,1.15,7.75,15.45,,,,,,
Sweden,Allsvenskan,2021,24/10/2021,14:00,Mjallby,Goteborg,1,3,A,2.2,3.11,3.96,2.2,3.28,4,2.14,3.09,3.71,,,,,,
Sweden,Allsvenskan,2021,24/10/2021,16:30,AIK,Norrkoping,1,0,H,1.84,3.81,4.49,1.86,3.85,4.52,1.81,3.64,4.29,,,,,,
Sweden,Allsvenskan,2021,24/10/2021,16:30,Varberg,Malmo FF,1,1,D,6.38,4.11,1.58,6.5,4.2,1.61,6.01,3.91,1.56,,,,,,
Sweden,Allsvenskan,2021,25/10/2021,18:00,Orebro,Degerfors,1,2,A,3.05,3.88,2.26,3.2,3.89,2.32,2.95,3.66,2.22,,,,,,
Sweden,Allsvenskan,2021,27/10/2021,18:00,Kalmar,Varberg,2,2,D,2.05,3.22,4.36,2.14,3.47,4.43,1.99,3.21,4.03,,,,,,
Sweden,Allsvenskan,2021,27/10/2021,18:00,Malmo FF,AIK,1,0,H,1.63,4.05,5.89,1.71,4.05,6,1.62,3.82,5.57,,,,,,
Sweden,Allsvenskan,2021,27/10/2021,18:00,Ostersunds,Hacken,1,1,D,5.89,4.8,1.53,6,4.8,1.57,5.62,4.41,1.52,,,,,,
Sweden,Allsvenskan,2021,27/10/2021,18:00,Sirius,Hammarby,0,1,A,4.48,4.26,1.75,4.53,4.34,1.8,4.22,4.11,1.71,,,,,,
Sweden,Allsvenskan,2021,28/10/2021,18:00,Degerfors,Elfsborg,1,2,A,4.48,4.43,1.72,4.48,4.43,1.82,4.17,4.14,1.73,,,,,,
Sweden,Allsvenskan,2021,28/10/2021,18:00,Goteborg,Djurgarden,3,0,H,2.91,3.37,2.58,3.1,3.46,2.59,2.88,3.26,2.45,,,,,,
Sweden,Allsvenskan,2021,28/10/2021,18:00,Halmstad,Orebro,1,1,D,1.43,4.96,7.8,1.43,5.5,8.5,1.38,4.9,7.47,,,,,,
Sweden,Allsvenskan,2021,28/10/2021,18:00,Norrkoping,Mjallby,2,2,D,1.9,3.74,4.25,1.95,3.8,4.3,1.87,3.58,4.01,,,,,,
Sweden,Allsvenskan,2021,30/10/2021,14:00,Sirius,Malmo FF,2,3,A,6.52,4.41,1.53,6.75,4.75,1.54,6.06,4.45,1.49,,,,,,
Sweden,Allsvenskan,2021,30/10/2021,14:00,Varberg,Ostersunds,3,0,H,1.36,5.04,10.02,1.4,5.25,10.02,1.35,4.87,8.71,,,,,,
Sweden,Allsvenskan,2021,30/10/2021,16:30,Hacken,Kalmar,1,4,A,2.19,3.57,3.43,2.19,3.66,3.6,2.11,3.46,3.35,,,,,,
Sweden,Allsvenskan,2021,31/10/2021,14:00,Norrkoping,Elfsborg,3,2,H,2.62,3.79,2.62,2.65,3.84,2.75,2.53,3.62,2.56,,,,,,
Sweden,Allsvenskan,2021,31/10/2021,16:30,Orebro,Djurgarden,0,1,A,6.41,4.55,1.52,7.25,4.8,1.56,6.23,4.51,1.48,,,,,,
Sweden,Allsvenskan,2021,01/11/2021,18:00,Degerfors,Goteborg,0,1,A,2.64,3.51,2.75,2.65,3.65,2.8,2.52,3.42,2.68,,,,,,
Sweden,Allsvenskan,2021,01/11/2021,18:00,Halmstad,AIK,1,0,H,3.16,3.12,2.56,3.26,3.25,2.57,3.12,3.03,2.44,,,,,,
Sweden,Allsvenskan,2021,01/11/2021,18:00,Mjallby,Hammarby,2,0,H,2.79,3.54,2.59,2.85,3.6,2.62,2.73,3.38,2.51,,,,,,
Sweden,Allsvenskan,2021,06/11/2021,14:00,Elfsborg,Varberg,0,0,D,1.88,3.68,4.43,1.92,3.87,4.43,1.85,3.64,4.08,,,,,,
Sweden,Allsvenskan,2021,06/11/2021,16:30,Djurgarden,Halmstad,1,0,H,1.75,3.8,5.15,1.76,4,5.17,1.7,3.74,4.9,,,,,,
Sweden,Allsvenskan,2021,06/11/2021,16:30,Mjallby,Sirius,2,3,A,1.62,4.16,5.8,1.64,4.3,5.81,1.59,4.02,5.46,,,,,,
Sweden,Allsvenskan,2021,07/11/2021,14:00,AIK,Ostersunds,3,0,H,1.15,8.17,23.21,1.18,8.38,23.35,1.15,7.47,18.49,,,,,,
Sweden,Allsvenskan,2021,07/11/2021,14:00,Hacken,Degerfors,2,0,H,1.68,4.24,4.99,1.7,4.35,5,1.65,4.14,4.71,,,,,,
Sweden,Allsvenskan,2021,07/11/2021,14:00,Hammarby,Orebro,3,2,H,1.26,6.74,10.95,1.28,6.91,12,1.25,6.4,9.93,,,,,,
Sweden,Allsvenskan,2021,07/11/2021,16:30,Goteborg,Malmo FF,0,2,A,4.09,3.69,1.95,4.2,3.7,1.97,3.97,3.52,1.91,,,,,,
Sweden,Allsvenskan,2021,07/11/2021,16:30,Kalmar,Norrkoping,1,0,H,2.33,3.59,3.12,2.42,3.74,3.12,2.31,3.5,2.94,,,,,,
Sweden,Allsvenskan,2021,20/11/2021,14:00,Malmo FF,Hacken,2,2,D,1.4,5.1,8.38,1.44,5.1,8.5,1.39,4.84,7.54,,,,,,
Sweden,Allsvenskan,2021,21/11/2021,14:00,Degerfors,Hammarby,1,4,A,3.27,4.01,2.12,3.4,4.03,2.14,3.2,3.85,2.05,,,,,,
Sweden,Allsvenskan,2021,21/11/2021,14:00,Halmstad,Elfsborg,0,1,A,2.58,3.39,2.9,2.73,3.4,2.92,2.55,3.21,2.79,,,,,,
Sweden,Allsvenskan,2021,21/11/2021,16:30,Sirius,Goteborg,3,3,D,2.73,3.28,2.81,2.76,3.42,2.84,2.65,3.2,2.7,,,,,,
Sweden,Allsvenskan,2021,21/11/2021,16:30,Varberg,AIK,0,1,A,3.73,3.11,2.28,4.05,3.3,2.3,3.67,2.98,2.22,,,,,,
Sweden,Allsvenskan,2021,22/11/2021,18:00,Norrkoping,Djurgarden,1,1,D,2.76,3.68,2.54,2.92,3.81,2.54,2.75,3.6,2.39,,,,,,
Sweden,Allsvenskan,2021,22/11/2021,18:00,Orebro,Kalmar,1,2,A,4.77,4.21,1.71,4.87,4.3,1.73,4.56,4.07,1.68,,,,,,
Sweden,Allsvenskan,2021,22/11/2021,18:00,Ostersunds,Mjallby,0,2,A,7.32,5.03,1.44,7.55,5.04,1.48,7.05,4.67,1.42,,,,,,
Sweden,Allsvenskan,2021,28/11/2021,14:00,Degerfors,Norrkoping,4,1,H,2.28,3.88,3.01,2.35,3.93,3.01,2.26,3.73,2.86,,,,,,
Sweden,Allsvenskan,2021,28/11/2021,14:00,Djurgarden,Varberg,2,3,A,1.39,5,8.98,1.42,5.12,9.1,1.38,4.84,8.01,,,,,,
Sweden,Allsvenskan,2021,28/11/2021,14:00,Goteborg,Ostersunds,4,0,H,1.22,6.6,15.02,1.24,7,16,1.21,6.36,13.43,,,,,,
Sweden,Allsvenskan,2021,28/11/2021,16:30,Halmstad,Hammarby,0,0,D,2.63,3.58,2.72,2.68,3.66,2.72,2.55,3.46,2.63,,,,,,
Sweden,Allsvenskan,2021,28/11/2021,16:30,Kalmar,Malmo FF,0,1,A,5.54,4.03,1.66,5.54,4.09,1.71,5.02,3.85,1.66,,,,,,
Sweden,Allsvenskan,2021,29/11/2021,18:00,Elfsborg,AIK,2,4,A,2.48,3.3,3.11,2.48,3.47,3.12,2.39,3.25,2.99,,,,,,
Sweden,Allsvenskan,2021,29/11/2021,18:00,Mjallby,Orebro,0,0,D,1.57,4.15,6.55,1.58,4.54,7,1.52,4.24,6.12,,,,,,
Sweden,Allsvenskan,2021,29/11/2021,18:00,Sirius,Hacken,3,0,H,2.57,3.52,2.82,2.64,3.74,2.82,2.49,3.47,2.7,,,,,,
Sweden,Allsvenskan,2021,04/12/2021,14:00,AIK,Sirius,4,2,H,1.33,5.45,10.29,1.35,6,12,1.31,5.36,9.61,,,,,,
Sweden,Allsvenskan,2021,04/12/2021,14:00,Hacken,Djurgarden,0,1,A,3.65,3.94,2,3.95,4.05,2.01,3.59,3.87,1.92,,,,,,
Sweden,Allsvenskan,2021,04/12/2021,14:00,Hammarby,Kalmar,5,3,H,1.66,4.7,4.65,1.69,4.7,5,1.64,4.38,4.64,,,,,,
Sweden,Allsvenskan,2021,04/12/2021,14:00,Malmo FF,Halmstad,0,0,D,1.5,4.6,6.76,1.53,4.6,7.08,1.49,4.34,6.38,,,,,,
Sweden,Allsvenskan,2021,04/12/2021,14:00,Norrkoping,Goteborg,1,2,A,1.89,4.13,3.88,2.02,4.13,4.05,1.91,3.82,3.69,,,,,,
Sweden,Allsvenskan,2021,04/12/2021,14:00,Orebro,Elfsborg,2,3,A,5.87,4.97,1.52,6.25,4.98,1.54,5.63,4.71,1.5,,,,,,
Sweden,Allsvenskan,2021,04/12/2021,14:00,Ostersunds,Degerfors,0,1,A,7.57,5.4,1.4,8.95,5.75,1.4,7.75,5.29,1.35,,,,,,
Sweden,Allsvenskan,2021,04/12/2021,14:00,Varberg,Mjallby,0,3,A,3.95,3.51,2.04,3.97,3.51,2.18,3.67,3.32,2.06,,,,,,
Sweden,Allsvenskan,2021,11/12/2021,14:00,Helsingborg,Halmstad,0,1,A,4.02,3.23,2.1,4.02,3.5,2.19,3.67,3.18,2.08,,,,,,
Sweden,Allsvenskan,2021,14/12/2021,18:00,Halmstad,Helsingborg,1,3,A,1.75,3.7,5.35,1.79,3.8,5.8,1.71,3.59,5.08,,,,,,
Sweden,Allsvenskan,2022,02/04/2022,14:00,Hammarby,Helsingborg,2,1,H,1.43,5.09,7.47,1.44,5.25,8,1.4,4.89,7.17,,,,,,
Sweden,Allsvenskan,2022,02/04/2022,16:30,Hacken,AIK,4,2,H,2.48,3.3,3.11,2.88,3.3,3.11,2.5,3.13,2.94,,,,,,
Sweden,Allsvenskan,2022,03/04/2022,14:00,Goteborg,Varnamo,2,1,H,1.78,3.6,5.29,1.82,3.64,5.3,1.76,3.51,4.89,,,,,,
Sweden,Allsvenskan,2022,03/04/2022,14:00,Sirius,Sundsvall,2,1,H,1.7,4.05,5.11,1.74,4.05,5.12,1.69,3.91,4.78,,,,,,
Sweden,Allsvenskan,2022,03/04/2022,16:30,Kalmar,Malmo FF,0,1,A,4.47,3.56,1.91,5,3.64,1.94,4.28,3.47,1.86,,,,,,
Sweden,Allsvenskan,2022,03/04/2022,16:30,Norrkoping,Varberg,0,1,A,1.86,3.6,4.66,1.9,3.65,4.75,1.84,3.48,4.39,,,,,,
Sweden,Allsvenskan,2022,04/04/2022,18:00,Elfsborg,Mjallby,0,2,A,1.61,4.2,5.89,1.63,4.3,5.9,1.58,4.09,5.47,,,,,,
Sweden,Allsvenskan,2022,04/04/2022,18:10,Djurgarden,Degerfors,3,1,H,1.4,5.13,7.99,1.41,5.25,8,1.38,4.96,7.46,,,,,,
Sweden,Allsvenskan,2022,09/04/2022,14:00,Sundsvall,Hammarby,1,5,A,5.37,4.14,1.66,5.4,4.3,1.7,5.03,4.1,1.62,,,,,,
Sweden,Allsvenskan,2022,09/04/2022,16:30,Degerfors,Hacken,1,2,A,2.76,3.63,2.57,3.3,3.67,2.65,2.71,3.47,2.49,,,,,,
Sweden,Allsvenskan,2022,10/04/2022,14:00,Helsingborg,Goteborg,0,1,A,2.98,3.22,2.62,3.15,3.32,2.62,2.97,3.14,2.45,,,,,,
Sweden,Allsvenskan,2022,10/04/2022,14:00,Varberg,Kalmar,0,3,A,2.88,2.97,2.91,2.88,3.08,2.91,2.76,2.92,2.8,,,,,,
Sweden,Allsvenskan,2022,10/04/2022,16:30,AIK,Norrkoping,1,0,H,2.06,3.33,4.11,2.06,3.51,4.2,1.97,3.34,3.94,,,,,,
Sweden,Allsvenskan,2022,10/04/2022,16:30,Mjallby,Djurgarden,1,0,H,3.39,3.24,2.36,3.65,3.34,2.4,3.33,3.15,2.25,,,,,,
Sweden,Allsvenskan,2022,11/04/2022,18:00,Varnamo,Sirius,0,0,D,2.24,3.47,3.41,2.32,3.56,3.41,2.22,3.38,3.18,,,,,,
Sweden,Allsvenskan,2022,11/04/2022,18:10,Malmo FF,Elfsborg,1,1,D,1.6,4.22,5.92,1.63,4.38,6,1.57,4.12,5.52,,,,,,
Sweden,Allsvenskan,2022,15/04/2022,14:00,Hammarby,Mjallby,2,0,H,1.63,4.08,5.86,1.65,4.3,6.4,1.57,4.07,5.63,,,,,,
Sweden,Allsvenskan,2022,16/04/2022,14:00,Djurgarden,Norrkoping,2,1,H,2.1,3.62,3.61,2.15,3.92,4.59,2.04,3.53,3.52,,,,,,
Sweden,Allsvenskan,2022,16/04/2022,14:00,Varberg,Sundsvall,2,0,H,1.94,3.44,4.45,2.02,3.75,4.93,1.91,3.42,4.13,,,,,,
Sweden,Allsvenskan,2022,17/04/2022,14:00,Kalmar,Degerfors,2,0,H,1.81,3.76,4.73,1.88,3.9,5.16,1.79,3.7,4.39,,,,,,
Sweden,Allsvenskan,2022,17/04/2022,14:00,Malmo FF,AIK,3,0,H,1.72,3.56,5.89,1.81,3.75,5.9,1.72,3.5,5.24,,,,,,
Sweden,Allsvenskan,2022,17/04/2022,16:30,Elfsborg,Varnamo,4,1,H,1.57,4.3,6.14,1.59,4.6,6.9,1.54,4.23,5.75,,,,,,
Sweden,Allsvenskan,2022,17/04/2022,16:30,Hacken,Goteborg,0,2,A,1.98,3.63,4.04,2.06,3.7,4.04,1.96,3.52,3.77,,,,,,
Sweden,Allsvenskan,2022,17/04/2022,16:30,Sirius,Helsingborg,1,0,H,2.26,3.52,3.31,2.4,3.6,3.59,2.24,3.42,3.13,,,,,,
Sweden,Allsvenskan,2022,20/04/2022,18:00,AIK,Varberg,1,0,H,1.53,4.01,7.64,1.58,4.01,7.64,1.53,3.82,6.94,,,,,,
Sweden,Allsvenskan,2022,20/04/2022,18:00,Goteborg,Djurgarden,1,1,D,3,3.19,2.63,3.05,3.25,2.65,2.88,3.08,2.56,,,,,,
Sweden,Allsvenskan,2022,20/04/2022,18:00,Mjallby,Sirius,3,0,H,1.8,3.55,5.21,1.84,3.66,5.5,1.76,3.51,4.84,,,,,,
Sweden,Allsvenskan,2022,20/04/2022,18:00,Norrkoping,Hacken,1,1,D,2.06,3.79,3.59,2.14,3.82,3.59,2.03,3.64,3.4,,,,,,
Sweden,Allsvenskan,2022,20/04/2022,18:00,Sundsvall,Kalmar,1,0,H,3.51,3.43,2.17,4,3.52,2.25,3.43,3.34,2.13,,,,,,
Sweden,Allsvenskan,2022,21/04/2022,18:00,Degerfors,Hammarby,0,1,A,5.01,4.26,1.68,5.25,4.4,1.69,4.85,4.21,1.63,,,,,,
Sweden,Allsvenskan,2022,21/04/2022,18:00,Helsingborg,Elfsborg,1,0,H,5.13,3.99,1.71,5.13,4,1.75,4.8,3.84,1.7,,,,,,
Sweden,Allsvenskan,2022,21/04/2022,18:00,Varnamo,Malmo FF,0,0,D,5.71,3.93,1.66,6.1,4.1,1.67,5.53,3.91,1.61,,,,,,
Sweden,Allsvenskan,2022,24/04/2022,14:00,AIK,Djurgarden,1,0,H,2.08,3.25,4.17,2.17,3.34,4.2,2.05,3.16,3.94,,,,,,
Sweden,Allsvenskan,2022,24/04/2022,14:00,Varberg,Mjallby,0,0,D,2.58,2.96,3.31,2.63,3.02,3.5,2.49,2.86,3.24,,,,,,
Sweden,Allsvenskan,2022,24/04/2022,16:30,Helsingborg,Hacken,1,1,D,4.04,3.57,1.99,4.48,3.65,2,3.95,3.51,1.92,,,,,,
Sweden,Allsvenskan,2022,25/04/2022,18:00,Elfsborg,Sundsvall,3,1,H,1.36,5.52,8.68,1.38,5.75,8.68,1.34,5.28,8.04,,,,,,
Sweden,Allsvenskan,2022,25/04/2022,18:00,Sirius,Hammarby,0,3,A,5.2,4.25,1.66,5.21,4.25,1.7,4.89,4.09,1.64,,,,,,
Sweden,Allsvenskan,2022,25/04/2022,18:00,Varnamo,Degerfors,2,0,H,2.1,3.47,3.78,2.17,3.56,3.78,2.08,3.36,3.55,,,,,,
Sweden,Allsvenskan,2022,25/04/2022,18:10,Malmo FF,Goteborg,1,0,H,1.6,3.82,6.83,1.62,4,6.83,1.58,3.83,6.15,,,,,,
Sweden,Allsvenskan,2022,26/04/2022,18:00,Kalmar,Norrkoping,1,2,A,2.61,3.26,2.95,2.61,3.35,3.12,2.43,3.15,3,,,,,,
Sweden,Allsvenskan,2022,30/04/2022,14:00,Djurgarden,Sirius,4,0,H,1.49,4.68,6.82,1.5,4.75,7.5,1.45,4.48,6.68,,,,,,
Sweden,Allsvenskan,2022,01/05/2022,14:00,Degerfors,Elfsborg,0,6,A,4.64,4.39,1.7,4.75,4.4,1.72,4.49,4.19,1.67,,,,,,
Sweden,Allsvenskan,2022,01/05/2022,14:00,Mjallby,Helsingborg,2,1,H,2.27,3.07,3.81,2.33,3.28,4,2.18,3.05,3.65,,,,,,
Sweden,Allsvenskan,2022,01/05/2022,16:30,Hacken,Varberg,3,1,H,1.54,4.29,6.64,1.57,4.34,7,1.52,4.11,6.33,,,,,,
Sweden,Allsvenskan,2022,01/05/2022,16:30,Sundsvall,AIK,0,2,A,5.94,4.15,1.61,6.25,4.2,1.62,5.54,4.04,1.59,,,,,,
Sweden,Allsvenskan,2022,02/05/2022,18:00,Goteborg,Kalmar,1,2,A,2.35,3.27,3.37,2.35,3.32,3.4,2.26,3.18,3.28,,,,,,
Sweden,Allsvenskan,2022,02/05/2022,18:00,Norrkoping,Varnamo,2,0,H,1.65,4.02,5.63,1.72,4.02,5.63,1.66,3.82,5.11,,,,,,
Sweden,Allsvenskan,2022,02/05/2022,18:10,Hammarby,Malmo FF,0,0,D,2.31,3.38,3.35,2.33,3.6,3.35,2.23,3.39,3.15,,,,,,
Sweden,Allsvenskan,2022,05/05/2022,18:00,Djurgarden,Helsingborg,2,2,D,1.35,5.25,10.07,1.38,5.5,10.07,1.33,5.07,8.95,,,,,,
Sweden,Allsvenskan,2022,07/05/2022,14:00,AIK,Goteborg,1,0,H,1.71,3.79,5.61,1.73,3.79,5.8,1.68,3.61,5.32,,,,,,
Sweden,Allsvenskan,2022,07/05/2022,16:30,Malmo FF,Mjallby,2,0,H,1.58,3.86,7.06,1.6,4,7.62,1.54,3.83,6.74,,,,,,
Sweden,Allsvenskan,2022,08/05/2022,16:30,Kalmar,Hammarby,2,0,H,3.69,3.29,2.2,3.7,3.4,2.25,3.46,3.23,2.17,,,,,,
Sweden,Allsvenskan,2022,08/05/2022,16:30,Varberg,Sirius,0,2,A,2.03,3.33,4.23,2.06,3.4,4.25,2.01,3.21,4,,,,,,
Sweden,Allsvenskan,2022,09/05/2022,18:00,Helsingborg,Norrkoping,0,1,A,4.02,3.72,1.95,4.02,3.79,2.03,3.78,3.61,1.93,,,,,,
Sweden,Allsvenskan,2022,09/05/2022,18:00,Sundsvall,Degerfors,2,3,A,2.5,3.69,2.8,2.5,3.8,2.82,2.41,3.61,2.71,,,,,,
Sweden,Allsvenskan,2022,09/05/2022,18:00,Varnamo,Hacken,1,2,A,3.96,3.57,2.01,3.96,3.75,2.24,3.69,3.53,1.98,,,,,,
Sweden,Allsvenskan,2022,09/05/2022,18:10,Elfsborg,Djurgarden,0,0,D,2.05,3.76,3.63,2.15,3.83,3.63,2.03,3.64,3.42,,,,,,
Sweden,Allsvenskan,2022,11/05/2022,18:00,AIK,Malmo FF,2,0,H,2.4,3.15,3.39,2.42,3.22,3.4,2.36,3.08,3.21,,,,,,
Sweden,Allsvenskan,2022,14/05/2022,14:00,Mjallby,Varnamo,1,1,D,2.85,3.03,2.88,2.88,3.1,3,2.72,2.97,2.81,,,,,,
Sweden,Allsvenskan,2022,14/05/2022,16:30,Sirius,Elfsborg,2,0,H,4.51,3.91,1.81,4.6,4.05,1.81,4.26,3.87,1.77,,,,,,
Sweden,Allsvenskan,2022,15/05/2022,14:00,Hacken,Kalmar,3,1,H,1.7,4.1,5,1.78,4.1,5,1.71,3.84,4.7,,,,,,
Sweden,Allsvenskan,2022,15/05/2022,14:00,Hammarby,AIK,3,3,D,2.29,3.33,3.53,2.33,3.44,3.53,2.24,3.25,3.26,,,,,,
Sweden,Allsvenskan,2022,15/05/2022,16:30,Degerfors,Helsingborg,2,1,H,2.42,3.46,3.07,2.55,3.6,3.07,2.41,3.36,2.88,,,,,,
Sweden,Allsvenskan,2022,15/05/2022,16:30,Goteborg,Varberg,1,1,D,2.01,3.33,4.34,2.1,3.4,4.34,2,3.24,4,,,,,,
Sweden,Allsvenskan,2022,15/05/2022,16:30,Norrkoping,Sundsvall,5,1,H,1.27,6.29,11.24,1.3,7,11.26,1.26,6.07,10.03,,,,,,
Sweden,Allsvenskan,2022,16/05/2022,18:10,Djurgarden,Malmo FF,4,0,H,1.82,3.72,4.73,1.91,3.8,4.73,1.8,3.64,4.35,,,,,,
Sweden,Allsvenskan,2022,21/05/2022,14:00,AIK,Sirius,2,2,D,1.44,4.86,7.49,1.46,5,8.1,1.41,4.64,7.5,,,,,,
Sweden,Allsvenskan,2022,21/05/2022,16:30,Helsingborg,Varnamo,1,4,A,3.28,3.26,2.4,3.3,3.3,2.55,3.16,3.13,2.37,,,,,,
Sweden,Allsvenskan,2022,22/05/2022,14:00,Elfsborg,Goteborg,3,1,H,1.51,4.61,6.62,1.55,4.63,7,1.49,4.4,6.24,,,,,,
Sweden,Allsvenskan,2022,22/05/2022,14:00,Hammarby,Norrkoping,3,0,H,1.94,3.61,4.19,1.98,4,4.19,1.91,3.56,3.93,,,,,,
Sweden,Allsvenskan,2022,22/05/2022,14:00,Varberg,Degerfors,2,1,H,1.96,3.65,4.09,2,3.7,4.1,1.94,3.52,3.84,,,,,,
Sweden,Allsvenskan,2022,22/05/2022,16:30,Kalmar,Djurgarden,1,0,H,3.17,3.2,2.5,3.21,3.25,2.55,3.05,3.09,2.44,,,,,,
Sweden,Allsvenskan,2022,22/05/2022,16:30,Malmo FF,Hacken,1,2,A,1.83,3.9,4.42,1.85,4,4.55,1.78,3.82,4.24,,,,,,
Sweden,Allsvenskan,2022,23/05/2022,18:00,Sundsvall,Mjallby,2,0,H,3.76,3.39,2.14,3.8,3.39,2.18,3.6,3.25,2.12,,,,,,
Sweden,Allsvenskan,2022,28/05/2022,14:00,Goteborg,Sundsvall,2,0,H,1.41,5.62,8.66,1.41,5.75,9,1.34,5.29,8.18,,,,,,
Sweden,Allsvenskan,2022,28/05/2022,14:00,Mjallby,Kalmar,1,1,D,3.68,3.14,2.28,3.7,3.19,2.4,3.46,3.03,2.26,,,,,,
Sweden,Allsvenskan,2022,28/05/2022,16:00,Hacken,Sirius,4,3,H,1.47,4.81,7.01,1.47,5,7.5,1.43,4.79,6.57,,,,,,
Sweden,Allsvenskan,2022,29/05/2022,14:00,Degerfors,Malmo FF,0,2,A,6.44,4.71,1.51,6.5,4.8,1.54,5.94,4.54,1.49,,,,,,
Sweden,Allsvenskan,2022,29/05/2022,14:00,Djurgarden,Varberg,4,0,H,1.38,4.97,9.64,1.42,5,9.64,1.37,4.74,8.6,,,,,,
Sweden,Allsvenskan,2022,29/05/2022,14:00,Norrkoping,Elfsborg,2,2,D,2.66,3.6,2.65,2.7,3.68,2.65,2.58,3.48,2.59,,,,,,
Sweden,Allsvenskan,2022,29/05/2022,16:30,Helsingborg,AIK,1,2,A,7.08,3.87,1.58,7.08,4,1.62,6.52,3.8,1.56,,,,,,
Sweden,Allsvenskan,2022,29/05/2022,16:30,Varnamo,Hammarby,1,0,H,3.83,3.36,2.13,3.85,3.48,2.13,3.68,3.29,2.06,,,,,,
Sweden,Allsvenskan,2022,26/06/2022,14:00,Degerfors,AIK,1,1,D,4.63,3.99,1.78,4.7,4.2,1.8,4.34,3.92,1.75,,,,,,
Sweden,Allsvenskan,2022,26/06/2022,14:00,Hammarby,Hacken,2,2,D,1.89,3.84,4.16,1.91,4.2,4.17,1.85,3.82,3.89,,,,,,
Sweden,Allsvenskan,2022,26/06/2022,14:00,Mjallby,Norrkoping,1,1,D,3.63,3.41,2.17,3.7,3.42,2.26,3.47,3.28,2.14,,,,,,
Sweden,Allsvenskan,2022,26/06/2022,16:30,Sundsvall,Djurgarden,2,5,A,7.93,4.95,1.42,8,5.05,1.42,7.39,4.82,1.39,,,,,,
Sweden,Allsvenskan,2022,27/06/2022,18:00,Elfsborg,Varberg,4,1,H,1.37,5.35,8.67,1.4,5.4,9.05,1.35,5.06,8.11,,,,,,
Sweden,Allsvenskan,2022,27/06/2022,18:00,Kalmar,Varnamo,1,0,H,1.93,3.43,4.58,1.94,3.75,4.7,1.87,3.39,4.36,,,,,,
Sweden,Allsvenskan,2022,27/06/2022,18:00,Sirius,Goteborg,1,2,A,2.55,3.47,2.88,2.6,3.5,2.88,2.51,3.35,2.76,,,,,,
Sweden,Allsvenskan,2022,27/06/2022,18:10,Malmo FF,Helsingborg,2,1,H,1.26,6.17,12.46,1.3,6.5,13,1.25,5.89,10.93,,,,,,
Sweden,Allsvenskan,2022,01/07/2022,18:00,Sundsvall,Malmo FF,2,1,H,7.93,5.38,1.39,7.93,5.38,1.43,7.23,4.95,1.39,,,,,,
Sweden,Allsvenskan,2022,02/07/2022,14:00,AIK,Mjallby,0,1,A,1.49,4.2,8.29,1.49,4.4,8.5,1.45,4.17,7.64,,,,,,
Sweden,Allsvenskan,2022,02/07/2022,16:30,Helsingborg,Kalmar,1,1,D,4.17,3.48,1.99,4.2,3.62,2.02,3.86,3.46,1.94,,,,,,
Sweden,Allsvenskan,2022,03/07/2022,14:00,Djurgarden,Hammarby,1,0,H,2.37,3.46,3.16,2.37,3.52,3.16,2.3,3.38,3.02,,,,,,
Sweden,Allsvenskan,2022,03/07/2022,14:00,Varberg,Varnamo,3,0,H,3,3.33,2.54,3,3.35,2.62,2.9,3.21,2.46,,,,,,
Sweden,Allsvenskan,2022,03/07/2022,16:30,Hacken,Elfsborg,1,1,D,2.46,3.76,2.81,2.51,3.95,2.81,2.36,3.73,2.7,,,,,,
Sweden,Allsvenskan,2022,03/07/2022,16:30,Norrkoping,Sirius,0,1,A,1.59,4.54,5.52,1.62,4.6,5.52,1.57,4.41,5.04,,,,,,
Sweden,Allsvenskan,2022,04/07/2022,18:00,Goteborg,Degerfors,2,0,H,1.74,4.17,4.64,1.74,4.5,4.8,1.67,4.1,4.58,,,,,,
Sweden,Allsvenskan,2022,09/07/2022,14:00,Malmo FF,Varberg,3,0,H,1.27,6.3,10.91,1.29,6.4,12,1.26,5.92,10.41,,,,,,
Sweden,Allsvenskan,2022,09/07/2022,16:30,Degerfors,Norrkoping,1,1,D,3.52,3.82,2.07,3.52,3.87,2.12,3.38,3.7,2.02,,,,,,
Sweden,Allsvenskan,2022,10/07/2022,14:00,Elfsborg,AIK,2,2,D,2.18,3.69,3.34,2.23,3.77,3.4,2.13,3.57,3.22,,,,,,
Sweden,Allsvenskan,2022,10/07/2022,14:00,Mjallby,Hacken,1,2,A,3.89,3.65,2.01,4.24,3.82,2.06,3.62,3.5,2,,,,,,
Sweden,Allsvenskan,2022,10/07/2022,16:45,Kalmar,Sirius,1,1,D,1.67,4,5.55,1.75,4.05,5.55,1.68,3.78,5.02,,,,,,
Sweden,Allsvenskan,2022,11/07/2022,18:00,Hammarby,Goteborg,3,0,H,1.52,4.56,6.44,1.64,4.56,6.44,1.53,4.29,5.82,,,,,,
Sweden,Allsvenskan,2022,11/07/2022,18:00,Helsingborg,Djurgarden,0,2,A,5.55,4.06,1.65,6,4.3,1.69,5.3,4.02,1.6,,,,,,
Sweden,Allsvenskan,2022,11/07/2022,18:00,Varnamo,Sundsvall,1,1,D,1.55,4.38,6.39,1.6,4.5,6.9,1.52,4.32,5.89,,,,,,
Sweden,Allsvenskan,2022,16/07/2022,14:00,Norrkoping,Malmo FF,0,2,A,3.93,3.76,1.97,4.05,3.8,2.19,3.61,3.55,2,,,,,,
Sweden,Allsvenskan,2022,16/07/2022,16:30,Djurgarden,Varnamo,5,0,H,1.41,5.17,7.58,1.45,5.5,8,1.39,4.93,7.24,,,,,,
Sweden,Allsvenskan,2022,17/07/2022,14:00,AIK,Kalmar,1,0,H,1.81,3.56,5.07,1.84,3.62,5.07,1.79,3.43,4.72,,,,,,
Sweden,Allsvenskan,2022,17/07/2022,14:00,Goteborg,Mjallby,1,1,D,2.18,3.32,3.85,2.21,3.32,3.85,2.13,3.18,3.63,,,,,,
Sweden,Allsvenskan,2022,17/07/2022,14:00,Hammarby,Elfsborg,3,0,H,1.98,3.88,3.75,2,4.05,3.8,1.93,3.82,3.57,,,,,,
Sweden,Allsvenskan,2022,17/07/2022,14:00,Sirius,Degerfors,2,0,H,1.77,4.29,4.33,1.79,4.33,4.35,1.74,4.05,4.17,,,,,,
Sweden,Allsvenskan,2022,18/07/2022,18:00,Sundsvall,Hacken,1,5,A,5.68,4.82,1.54,5.75,5,1.57,5.3,4.68,1.52,,,,,,
Sweden,Allsvenskan,2022,18/07/2022,18:00,Varberg,Helsingborg,0,0,D,2.41,3.26,3.27,2.41,3.44,3.27,2.31,3.23,3.12,,,,,,
Sweden,Allsvenskan,2022,23/07/2022,14:00,Malmo FF,Sirius,3,1,H,1.44,5.07,7.1,1.45,5.5,7.5,1.41,4.87,6.92,,,,,,
Sweden,Allsvenskan,2022,23/07/2022,16:30,Mjallby,Degerfors,2,1,H,1.63,4.05,5.83,1.67,4.06,5.83,1.63,3.86,5.27,,,,,,
Sweden,Allsvenskan,2022,24/07/2022,14:00,Helsingborg,Sundsvall,1,0,H,1.86,3.64,4.6,1.87,3.81,4.6,1.83,3.63,4.16,,,,,,
Sweden,Allsvenskan,2022,24/07/2022,14:00,Varnamo,AIK,2,3,A,3.48,3.35,2.26,3.6,3.46,2.31,3.32,3.3,2.19,,,,,,
Sweden,Allsvenskan,2022,24/07/2022,16:30,Hacken,Djurgarden,1,2,A,2.27,3.73,3.12,2.37,3.86,3.12,2.23,3.65,2.95,,,,,,
Sweden,Allsvenskan,2022,24/07/2022,16:30,Kalmar,Elfsborg,1,0,H,2.26,3.57,3.27,2.43,3.64,3.3,2.23,3.48,3.07,,,,,,
Sweden,Allsvenskan,2022,25/07/2022,18:00,Norrkoping,Goteborg,0,2,A,1.7,4.01,5.18,1.76,4.1,5.18,1.7,3.89,4.59,,,,,,
Sweden,Allsvenskan,2022,25/07/2022,18:00,Varberg,Hammarby,0,3,A,7.64,4.58,1.47,7.64,4.75,1.5,6.87,4.42,1.45,,,,,,
Sweden,Allsvenskan,2022,30/07/2022,14:00,Degerfors,Kalmar,2,1,H,3.94,3.58,2.02,3.94,3.75,2.02,3.69,3.57,1.97,,,,,,
Sweden,Allsvenskan,2022,30/07/2022,16:30,Sundsvall,Varberg,1,3,A,2.55,3.56,2.81,2.62,3.6,2.81,2.49,3.47,2.69,,,,,,
Sweden,Allsvenskan,2022,31/07/2022,14:00,Elfsborg,Hacken,4,4,D,2.1,4.1,3.24,2.15,4.2,3.25,2.04,4.04,3.11,,,,,,
Sweden,Allsvenskan,2022,31/07/2022,14:00,Hammarby,Varnamo,1,2,A,1.31,5.96,9.96,1.33,6,10,1.3,5.57,9.15,,,,,,
Sweden,Allsvenskan,2022,31/07/2022,14:00,Sirius,Mjallby,0,1,A,2.31,3.25,3.49,2.4,3.35,3.49,2.29,3.21,3.2,,,,,,
Sweden,Allsvenskan,2022,01/08/2022,18:00,Goteborg,Norrkoping,2,0,H,2.77,3.38,2.69,2.77,3.4,2.8,2.6,3.28,2.68,,,,,,
Sweden,Allsvenskan,2022,06/08/2022,14:00,Norrkoping,Degerfors,2,0,H,1.49,4.82,6.5,1.52,5,6.5,1.48,4.65,5.94,,,,,,
Sweden,Allsvenskan,2022,07/08/2022,14:00,Hammarby,Sundsvall,3,0,H,1.16,8.47,17.11,1.16,9.71,20,1.13,8.65,16.57,,,,,,
Sweden,Allsvenskan,2022,07/08/2022,14:00,Kalmar,AIK,1,0,H,2.6,3.2,3.04,2.65,3.49,3.04,2.55,3.19,2.82,,,,,,
Sweden,Allsvenskan,2022,07/08/2022,14:00,Sirius,Malmo FF,2,1,H,5.81,4.47,1.57,6,4.61,1.6,5.65,4.27,1.54,,,,,,
Sweden,Allsvenskan,2022,07/08/2022,16:30,Mjallby,Elfsborg,1,1,D,2.86,3.42,2.6,3,3.5,2.6,2.77,3.36,2.48,,,,,,
Sweden,Allsvenskan,2022,07/08/2022,16:30,Varnamo,Djurgarden,0,0,D,5.04,4.04,1.71,5.5,4.2,1.73,4.86,3.98,1.66,,,,,,
Sweden,Allsvenskan,2022,08/08/2022,18:00,Hacken,Helsingborg,5,0,H,1.33,5.78,9.54,1.36,6,9.54,1.31,5.6,8.41,,,,,,
Sweden,Allsvenskan,2022,08/08/2022,18:00,Varberg,Goteborg,0,4,A,3.27,3.48,2.3,3.29,3.52,2.35,3.13,3.34,2.26,,,,,,
Sweden,Allsvenskan,2022,13/08/2022,16:30,Helsingborg,Sirius,0,0,D,2.48,3.46,2.98,2.62,3.52,2.98,2.45,3.37,2.83,,,,,,
Sweden,Allsvenskan,2022,14/08/2022,14:00,AIK,Varnamo,2,2,D,1.79,3.71,4.95,1.82,4,5,1.74,3.74,4.62,,,,,,
Sweden,Allsvenskan,2022,14/08/2022,14:00,Djurgarden,Kalmar,3,2,H,1.75,3.79,5.15,1.78,3.88,5.15,1.74,3.69,4.74,,,,,,
Sweden,Allsvenskan,2022,14/08/2022,14:00,Malmo FF,Sundsvall,3,1,H,1.12,10.34,24.49,1.14,11,28,1.1,9.8,21.43,,,,,,
Sweden,Allsvenskan,2022,14/08/2022,16:30,Degerfors,Varberg,1,1,D,2,3.72,3.86,2,3.9,4.08,1.93,3.68,3.73,,,,,,
Sweden,Allsvenskan,2022,14/08/2022,16:30,Elfsborg,Norrkoping,1,1,D,1.83,3.88,4.41,1.89,4.15,4.41,1.8,3.86,4.1,,,,,,
Sweden,Allsvenskan,2022,15/08/2022,18:00,Hacken,Mjallby,1,0,H,1.56,4.35,6.21,1.6,4.5,6.25,1.54,4.25,5.76,,,,,,
Sweden,Allsvenskan,2022,15/08/2022,18:10,Goteborg,Hammarby,0,1,A,4.18,3.93,1.87,4.25,4,1.92,3.99,3.73,1.85,,,,,,
Sweden,Allsvenskan,2022,20/08/2022,14:00,Varberg,Djurgarden,2,2,D,5.57,3.64,1.74,6,3.88,1.75,5.15,3.64,1.7,,,,,,
Sweden,Allsvenskan,2022,21/08/2022,14:00,Mjallby,Malmo FF,1,1,D,5.4,3.9,1.7,5.51,3.9,1.74,5.18,3.71,1.68,,,,,,
Sweden,Allsvenskan,2022,21/08/2022,14:00,Varnamo,Elfsborg,1,1,D,3.54,3.88,2.05,3.59,3.9,2.07,3.45,3.73,2,,,,,,
Sweden,Allsvenskan,2022,21/08/2022,16:30,Norrkoping,AIK,2,4,A,2.61,3.4,2.86,2.61,3.52,3.15,2.43,3.32,2.88,,,,,,
Sweden,Allsvenskan,2022,21/08/2022,16:30,Sundsvall,Helsingborg,1,2,A,2.85,3.58,2.52,2.93,3.63,2.52,2.78,3.46,2.44,,,,,,
Sweden,Allsvenskan,2022,22/08/2022,18:00,Kalmar,Goteborg,1,0,H,2.19,3.41,3.59,2.2,3.53,3.81,2.1,3.36,3.53,,,,,,
Sweden,Allsvenskan,2022,22/08/2022,18:00,Sirius,Hacken,0,1,A,4.13,4.26,1.81,4.2,4.45,1.81,3.98,4.2,1.76,,,,,,
Sweden,Allsvenskan,2022,22/08/2022,18:10,Hammarby,Degerfors,5,1,H,1.19,8.15,14.25,1.2,8.15,17,1.18,7.56,13.9,,,,,,
Sweden,Allsvenskan,2022,27/08/2022,14:00,Hacken,Varnamo,4,1,H,1.34,5.97,8.61,1.4,5.97,9,1.33,5.56,7.78,,,,,,
Sweden,Allsvenskan,2022,27/08/2022,16:30,Degerfors,Sundsvall,3,1,H,1.48,4.79,6.71,1.58,4.85,6.71,1.48,4.63,6.1,,,,,,
Sweden,Allsvenskan,2022,28/08/2022,14:00,AIK,Hammarby,2,2,D,3.03,3.5,2.43,3.03,3.6,2.43,2.92,3.48,2.34,,,,,,
Sweden,Allsvenskan,2022,28/08/2022,14:00,Goteborg,Sirius,2,0,H,1.93,3.65,4.24,1.96,3.75,4.5,1.88,3.56,4.07,,,,,,
Sweden,Allsvenskan,2022,28/08/2022,14:00,Varberg,Norrkoping,1,1,D,3.51,3.58,2.16,3.67,3.58,2.25,3.37,3.41,2.13,,,,,,
Sweden,Allsvenskan,2022,28/08/2022,16:30,Helsingborg,Mjallby,0,1,A,3.16,3.24,2.48,3.16,3.27,2.55,3.03,3.14,2.43,,,,,,
Sweden,Allsvenskan,2022,28/08/2022,16:30,Malmo FF,Kalmar,0,1,A,1.66,3.99,5.63,1.67,4.33,6.5,1.62,3.92,5.42,,,,,,
Sweden,Allsvenskan,2022,29/08/2022,18:10,Djurgarden,Elfsborg,2,1,H,1.66,4.37,5.02,1.7,4.37,5.43,1.64,4.15,4.82,,,,,,
Sweden,Allsvenskan,2022,04/09/2022,14:00,Hacken,Degerfors,2,2,D,1.27,6.62,9.83,1.27,7,10.5,1.25,6.61,9.35,,,,,,
Sweden,Allsvenskan,2022,04/09/2022,14:00,Sirius,Djurgarden,0,1,A,5.9,4.22,1.6,6.1,4.33,1.7,5.37,4.01,1.61,,,,,,
Sweden,Allsvenskan,2022,04/09/2022,16:30,AIK,Sundsvall,4,0,H,1.23,6.6,13.93,1.26,6.6,14,1.23,6.14,11.88,,,,,,
Sweden,Allsvenskan,2022,04/09/2022,16:30,Elfsborg,Malmo FF,3,2,H,2.72,3.83,2.51,2.88,3.83,2.51,2.71,3.66,2.39,,,,,,
Sweden,Allsvenskan,2022,05/09/2022,18:00,Kalmar,Varberg,1,0,H,1.59,4.01,6.54,1.61,4.09,6.54,1.57,3.88,6.1,,,,,,
Sweden,Allsvenskan,2022,05/09/2022,18:00,Mjallby,Goteborg,1,4,A,2.47,3.15,3.28,2.47,3.31,3.5,2.35,3.11,3.21,,,,,,
Sweden,Allsvenskan,2022,05/09/2022,18:00,Varnamo,Helsingborg,3,2,H,2.18,3.5,3.53,2.22,3.54,3.8,2.12,3.33,3.49,,,,,,
Sweden,Allsvenskan,2022,05/09/2022,18:10,Norrkoping,Hammarby,4,1,H,4.3,3.97,1.83,4.45,4,1.84,4.2,3.8,1.8,,,,,,
Sweden,Allsvenskan,2022,10/09/2022,14:00,Sirius,Varnamo,2,3,A,2.13,3.48,3.67,2.3,3.6,3.67,2.1,3.42,3.43,,,,,,
Sweden,Allsvenskan,2022,10/09/2022,16:30,Degerfors,Mjallby,0,0,D,2.96,3.44,2.5,2.96,3.55,2.51,2.82,3.37,2.44,,,,,,
Sweden,Allsvenskan,2022,11/09/2022,14:00,Hammarby,Djurgarden,0,0,D,2.24,3.4,3.47,2.25,3.52,3.6,2.18,3.35,3.32,,,,,,
Sweden,Allsvenskan,2022,11/09/2022,14:00,Sundsvall,Elfsborg,0,2,A,6.08,5.17,1.48,6.5,5.3,1.48,6.07,4.97,1.45,,,,,,
Sweden,Allsvenskan,2022,11/09/2022,16:30,Malmo FF,Norrkoping,2,1,H,1.53,4.64,6.22,1.6,4.7,6.22,1.54,4.32,5.67,,,,,,
Sweden,Allsvenskan,2022,11/09/2022,16:30,Varberg,AIK,2,0,H,4.75,3.79,1.8,4.75,3.85,1.88,4.43,3.65,1.79,,,,,,
Sweden,Allsvenskan,2022,12/09/2022,18:00,Kalmar,Hacken,1,1,D,2.8,3.5,2.6,2.8,3.78,2.6,2.65,3.53,2.51,,,,,,
Sweden,Allsvenskan,2022,12/09/2022,18:10,Goteborg,Helsingborg,1,3,A,1.71,3.79,5.51,1.73,3.95,5.69,1.69,3.71,5.07,,,,,,
Sweden,Allsvenskan,2022,17/09/2022,14:00,Hacken,Hammarby,1,1,D,2.35,3.85,2.92,2.38,3.85,2.98,2.31,3.65,2.82,,,,,,
Sweden,Allsvenskan,2022,17/09/2022,14:00,Norrkoping,Kalmar,2,2,D,3.03,3.48,2.44,3.05,3.48,2.45,2.94,3.32,2.39,,,,,,
Sweden,Allsvenskan,2022,17/09/2022,16:30,Varnamo,Varberg,1,0,H,2.43,3.47,3.05,2.43,3.6,3.25,2.32,3.39,3.01,,,,,,
Sweden,Allsvenskan,2022,18/09/2022,14:00,Elfsborg,Sirius,3,0,H,1.5,4.94,6.1,1.5,5,6.61,1.47,4.7,6.06,,,,,,
Sweden,Allsvenskan,2022,18/09/2022,14:00,Helsingborg,Malmo FF,1,2,A,5.69,4.03,1.65,5.85,4.3,1.65,5.47,4.07,1.59,,,,,,
Sweden,Allsvenskan,2022,18/09/2022,14:00,Mjallby,Sundsvall,1,1,D,1.4,4.96,8.79,1.41,5,8.79,1.38,4.73,8.14,,,,,,
Sweden,Allsvenskan,2022,18/09/2022,16:30,AIK,Degerfors,1,1,D,1.42,5.14,7.49,1.44,5.14,7.5,1.41,4.85,7.15,,,,,,
Sweden,Allsvenskan,2022,18/09/2022,16:30,Djurgarden,Goteborg,3,0,H,1.46,4.59,7.69,1.48,4.7,7.69,1.44,4.46,7.09,,,,,,
Sweden,Allsvenskan,2022,01/10/2022,14:00,Malmo FF,Hammarby,0,0,D,2.13,3.6,3.46,2.17,3.7,3.51,2.1,3.53,3.36,,,,,,
Sweden,Allsvenskan,2022,01/10/2022,16:30,Degerfors,Djurgarden,3,0,H,4.98,4.11,1.69,5.4,4.25,1.7,4.86,4.05,1.65,,,,,,
Sweden,Allsvenskan,2022,02/10/2022,14:00,Sundsvall,Norrkoping,1,3,A,5.61,4.16,1.63,5.75,4.35,1.65,5.24,4.11,1.61,,,,,,
Sweden,Allsvenskan,2022,02/10/2022,14:00,Varberg,Hacken,1,1,D,4.36,3.87,1.85,4.4,4.01,1.85,4.13,3.82,1.81,,,,,,
Sweden,Allsvenskan,2022,02/10/2022,16:30,Kalmar,Helsingborg,2,0,H,1.58,4.18,6.23,1.61,4.2,6.3,1.56,4.04,5.92,,,,,,
Sweden,Allsvenskan,2022,02/10/2022,16:30,Sirius,AIK,1,1,D,3.22,3.67,2.25,3.3,3.71,2.26,3.15,3.53,2.2,,,,,,
Sweden,Allsvenskan,2022,03/10/2022,18:00,Varnamo,Mjallby,2,1,H,2.99,3.27,2.59,3,3.42,2.67,2.83,3.22,2.54,,,,,,
Sweden,Allsvenskan,2022,03/10/2022,18:10,Goteborg,Elfsborg,1,3,A,3.07,3.67,2.29,3.16,3.69,2.34,3.01,3.56,2.25,,,,,,
Sweden,Allsvenskan,2022,08/10/2022,14:00,Degerfors,Sirius,0,0,D,2.49,3.66,2.86,2.49,3.77,2.9,2.4,3.64,2.73,,,,,,
Sweden,Allsvenskan,2022,09/10/2022,14:00,Elfsborg,Kalmar,0,2,A,1.83,3.9,4.43,1.84,3.9,4.43,1.8,3.77,4.22,,,,,,
Sweden,Allsvenskan,2022,09/10/2022,14:00,Malmo FF,Varnamo,0,0,D,1.27,6.51,10.29,1.3,6.51,11,1.26,6.11,9.82,,,,,,
Sweden,Allsvenskan,2022,09/10/2022,14:00,Sundsvall,Goteborg,3,2,H,4.39,3.98,1.81,4.45,4,1.83,4.18,3.87,1.79,,,,,,
Sweden,Allsvenskan,2022,09/10/2022,16:30,AIK,Helsingborg,2,0,H,1.51,4.64,6.58,1.52,4.64,7,1.48,4.44,6.32,,,,,,
Sweden,Allsvenskan,2022,09/10/2022,16:30,Djurgarden,Hacken,0,1,A,1.97,3.91,3.76,2.06,3.91,3.9,1.98,3.73,3.54,,,,,,
Sweden,Allsvenskan,2022,10/10/2022,18:00,Norrkoping,Mjallby,2,2,D,2.1,3.42,3.86,2.1,3.55,3.9,2.05,3.33,3.73,,,,,,
Sweden,Allsvenskan,2022,10/10/2022,18:10,Hammarby,Varberg,5,1,H,1.26,6.34,11.59,1.31,7,13,1.24,6.12,11.46,,,,,,
Sweden,Allsvenskan,2022,14/10/2022,18:00,Elfsborg,Degerfors,1,1,D,1.47,5,6.63,1.48,5.11,6.7,1.45,4.87,6.1,,,,,,
Sweden,Allsvenskan,2022,15/10/2022,14:00,Hacken,Sundsvall,4,1,H,1.13,10.17,18.78,1.15,10.17,23,1.12,9.39,17.54,,,,,,
Sweden,Allsvenskan,2022,15/10/2022,14:00,Helsingborg,Varberg,1,3,A,2.27,3.5,3.33,2.29,3.55,3.35,2.22,3.4,3.18,,,,,,
Sweden,Allsvenskan,2022,15/10/2022,16:30,Varnamo,Kalmar,1,3,A,3.72,3.54,2.09,3.72,3.65,2.15,3.5,3.53,2.05,,,,,,
Sweden,Allsvenskan,2022,15/10/2022,16:30,Sirius,Norrkoping,2,0,H,2.18,3.46,3.57,2.34,3.58,3.57,2.14,3.41,3.38,,,,,,
Sweden,Allsvenskan,2022,16/10/2022,14:00,Djurgarden,AIK,1,2,A,2.39,3.48,3.1,2.39,3.59,3.2,2.29,3.42,3.05,,,,,,
Sweden,Allsvenskan,2022,16/10/2022,16:30,Mjallby,Hammarby,0,3,A,4.45,3.82,1.84,4.5,3.9,1.86,4.26,3.68,1.82,,,,,,
Sweden,Allsvenskan,2022,17/10/2022,18:10,Goteborg,Malmo FF,2,1,H,4.37,3.97,1.82,4.5,4.09,1.85,4.21,3.85,1.79,,,,,,
Sweden,Allsvenskan,2022,19/10/2022,18:00,Varberg,Elfsborg,0,3,A,3.58,3.79,2.06,3.6,3.81,2.15,3.45,3.65,2.03,,,,,,
Sweden,Allsvenskan,2022,19/10/2022,18:00,AIK,Hacken,1,2,A,2.51,3.71,2.78,2.59,3.79,2.78,2.45,3.62,2.67,,,,,,
Sweden,Allsvenskan,2022,19/10/2022,18:00,Norrkoping,Helsingborg,2,0,H,1.76,4.06,4.62,1.78,4.11,4.81,1.74,3.92,4.46,,,,,,
Sweden,Allsvenskan,2022,19/10/2022,18:00,Sundsvall,Varnamo,1,2,A,2.99,3.87,2.3,3,3.87,2.35,2.89,3.71,2.26,,,,,,
Sweden,Allsvenskan,2022,20/10/2022,18:00,Malmo FF,Djurgarden,2,3,A,1.97,3.67,4.03,2.08,3.7,4.06,1.95,3.53,3.83,,,,,,
Sweden,Allsvenskan,2022,20/10/2022,18:00,Degerfors,Goteborg,3,1,H,2.21,3.73,3.25,2.39,3.94,3.25,2.22,3.61,3.02,,,,,,
Sweden,Allsvenskan,2022,20/10/2022,18:00,Kalmar,Mjallby,1,2,A,1.71,3.68,5.78,1.74,3.8,6,1.68,3.63,5.34,,,,,,
Sweden,Allsvenskan,2022,20/10/2022,18:00,Hammarby,Sirius,1,1,D,1.21,7.18,14.58,1.25,7.5,15,1.2,6.68,13.23,,,,,,
Sweden,Allsvenskan,2022,23/10/2022,14:00,Elfsborg,Hammarby,2,1,H,3.55,3.94,2.03,3.6,4.08,2.19,3.42,3.83,1.99,,,,,,
Sweden,Allsvenskan,2022,23/10/2022,14:00,Helsingborg,Degerfors,1,2,A,2.97,3.67,2.39,2.97,3.75,2.43,2.83,3.57,2.36,,,,,,
Sweden,Allsvenskan,2022,23/10/2022,16:30,Hacken,Malmo FF,2,1,H,1.79,4.19,4.29,1.9,4.29,4.29,1.78,4.09,4,,,,,,
Sweden,Allsvenskan,2022,24/10/2022,18:00,Mjallby,Varberg,4,1,H,2.34,3.49,3.2,2.34,3.6,3.2,2.27,3.41,3.09,,,,,,
Sweden,Allsvenskan,2022,24/10/2022,18:00,Sirius,Kalmar,0,0,D,3.63,3.49,2.14,3.7,3.55,2.34,3.42,3.42,2.12,,,,,,
Sweden,Allsvenskan,2022,24/10/2022,18:00,Varnamo,Norrkoping,1,1,D,3.29,3.75,2.19,3.29,3.75,2.32,3.08,3.62,2.19,,,,,,
Sweden,Allsvenskan,2022,24/10/2022,18:10,Djurgarden,Sundsvall,4,0,H,1.13,9.98,20.02,1.15,10.5,26,1.12,9.31,19.36,,,,,,
Sweden,Allsvenskan,2022,24/10/2022,18:10,Goteborg,AIK,1,0,H,2.97,3.6,2.42,2.97,3.6,2.42,2.89,3.47,2.36,,,,,,
Sweden,Allsvenskan,2022,29/10/2022,14:00,Degerfors,Varnamo,0,0,D,1.72,4.09,4.84,1.76,4.15,4.84,1.72,3.95,4.49,,,,,,
Sweden,Allsvenskan,2022,30/10/2022,14:00,Goteborg,Hacken,0,4,A,4.23,3.85,1.88,4.3,3.96,2.05,3.94,3.73,1.87,,,,,,
Sweden,Allsvenskan,2022,30/10/2022,14:00,Mjallby,AIK,1,2,A,3.43,3.51,2.22,3.55,3.54,2.22,3.37,3.41,2.14,,,,,,
Sweden,Allsvenskan,2022,30/10/2022,14:00,Sundsvall,Sirius,2,3,A,3.94,3.9,1.93,4.4,4.06,1.93,3.83,3.86,1.87,,,,,,
Sweden,Allsvenskan,2022,30/10/2022,16:30,Hammarby,Kalmar,4,2,H,1.68,4.01,5.39,1.7,4.39,5.5,1.65,3.92,5.15,,,,,,
Sweden,Allsvenskan,2022,30/10/2022,16:30,Varberg,Malmo FF,2,5,A,2.65,3.52,2.74,2.75,3.69,2.74,2.61,3.44,2.6,,,,,,
Sweden,Allsvenskan,2022,31/10/2022,18:00,Elfsborg,Helsingborg,3,0,H,1.36,5.92,7.98,1.36,5.92,9.05,1.33,5.55,8.1,,,,,,
Sweden,Allsvenskan,2022,31/10/2022,18:10,Norrkoping,Djurgarden,0,1,A,3.55,3.64,2.12,3.59,3.83,2.13,3.38,3.56,2.08,,,,,,
Sweden,Allsvenskan,2022,06/11/2022,14:00,AIK,Elfsborg,0,1,A,1.9,3.9,4.03,2.02,3.95,4.05,1.89,3.75,3.78,,,,,,
Sweden,Allsvenskan,2022,06/11/2022,14:00,Djurgarden,Mjallby,0,1,A,1.59,4.53,5.49,1.62,4.6,6,1.55,4.37,5.4,,,,,,
Sweden,Allsvenskan,2022,06/11/2022,14:00,Hacken,Norrkoping,3,3,D,1.63,4.7,4.93,1.71,4.7,5.15,1.64,4.44,4.51,,,,,,
Sweden,Allsvenskan,2022,06/11/2022,14:00,Helsingborg,Hammarby,0,2,A,6.61,4.87,1.49,7.2,5,1.5,6.33,4.79,1.45,,,,,,
Sweden,Allsvenskan,2022,06/11/2022,14:00,Kalmar,Sundsvall,4,0,H,1.11,10.62,29.08,1.13,11,31,1.1,9.63,23.81,,,,,,
Sweden,Allsvenskan,2022,06/11/2022,14:00,Malmo FF,Degerfors,2,2,D,1.67,4.52,4.79,1.69,4.56,5,1.64,4.32,4.59,,,,,,
Sweden,Allsvenskan,2022,06/11/2022,14:00,Sirius,Varberg,2,3,A,2.61,3.98,2.54,2.61,3.98,2.6,2.52,3.75,2.52,,,,,,
Sweden,Allsvenskan,2022,06/11/2022,14:00,Varnamo,Goteborg,1,4,A,3.05,3.83,2.28,3.05,3.9,2.81,2.91,3.71,2.24,,,,,,
Sweden,Allsvenskan,2022,10/11/2022,18:00,Oster,Varberg,1,2,A,2.49,3.02,3.4,2.49,3.1,3.45,2.39,2.94,3.25,,,,,,
Sweden,Allsvenskan,2022,13/11/2022,14:00,Varberg,Oster,2,1,H,2.35,3.39,3.26,2.35,3.65,3.3,2.25,3.32,3.13,,,,,,
Sweden,Allsvenskan,2023,01/04/2023,14:00,Malmo FF,Kalmar,1,0,H,1.63,4.11,5.76,1.68,4.33,5.8,1.62,3.97,5.28,,,,,,
Sweden,Allsvenskan,2023,01/04/2023,16:30,Djurgarden,Brommapojkarna,3,1,H,1.32,5.91,9.28,1.32,6.4,11,1.28,5.7,9.78,,,,,,
Sweden,Allsvenskan,2023,02/04/2023,14:00,Hammarby,Degerfors,3,1,H,1.31,6.01,9.69,1.32,6.25,11,1.29,5.66,9.75,,,,,,
Sweden,Allsvenskan,2023,02/04/2023,14:00,Norrkoping,Sirius,1,1,D,1.93,3.71,4.14,1.95,4.02,4.2,1.88,3.65,3.94,,,,,,
Sweden,Allsvenskan,2023,02/04/2023,16:30,Goteborg,Varnamo,0,1,A,2.04,3.61,3.82,2.06,3.7,3.95,1.98,3.53,3.7,,,,,,
Sweden,Allsvenskan,2023,02/04/2023,16:30,Halmstad,AIK,2,1,H,3.26,3.19,2.46,3.69,3.4,2.46,3.27,3.16,2.29,,,,,,
Sweden,Allsvenskan,2023,03/04/2023,18:00,Mjallby,Varberg,2,2,D,1.68,3.67,6.04,1.9,3.68,6.04,1.69,3.51,5.46,,,,,,
Sweden,Allsvenskan,2023,03/04/2023,18:10,Elfsborg,Hacken,0,2,A,2.43,3.8,2.83,2.6,3.88,2.85,2.39,3.66,2.72,,,,,,
Sweden,Allsvenskan,2023,08/04/2023,14:00,Brommapojkarna,Malmo FF,1,2,A,7.44,4.79,1.47,7.7,4.9,1.47,6.75,4.63,1.44,,,,,,
Sweden,Allsvenskan,2023,08/04/2023,14:00,Degerfors,Halmstad,3,1,H,2.59,3.53,2.83,2.59,3.55,3,2.44,3.34,2.85,,,,,,
Sweden,Allsvenskan,2023,09/04/2023,14:00,Hacken,Hammarby,3,1,H,2.02,3.79,3.68,2.06,3.83,3.68,2,3.67,3.5,,,,,,
Sweden,Allsvenskan,2023,09/04/2023,16:30,Kalmar,Goteborg,2,0,H,2.05,3.38,4.03,2.08,3.53,4.3,1.99,3.32,3.93,,,,,,
Sweden,Allsvenskan,2023,09/04/2023,16:30,Sirius,Djurgarden,0,0,D,3.73,3.62,2.05,3.83,3.67,2.07,3.66,3.5,2,,,,,,
Sweden,Allsvenskan,2023,10/04/2023,12:00,Varnamo,Mjallby,0,1,A,2.94,3.25,2.63,2.96,3.31,2.65,2.83,3.18,2.54,,,,,,
Sweden,Allsvenskan,2023,10/04/2023,14:00,AIK,Norrkoping,0,3,A,1.72,3.81,5.11,1.75,4,5.4,1.7,3.76,4.9,,,,,,
Sweden,Allsvenskan,2023,10/04/2023,14:00,Varberg,Elfsborg,0,0,D,4.96,3.86,1.72,5.15,4.05,1.78,4.76,3.82,1.7,,,,,,
Sweden,Allsvenskan,2023,15/04/2023,14:00,Elfsborg,Brommapojkarna,5,0,H,1.38,5.62,7.77,1.4,6,8.8,1.35,5.37,7.77,,,,,,
Sweden,Allsvenskan,2023,15/04/2023,16:30,Hacken,Kalmar,1,3,A,1.67,4.15,5.3,1.68,4.33,5.3,1.64,4.05,4.98,,,,,,
Sweden,Allsvenskan,2023,16/04/2023,14:00,AIK,Hammarby,2,0,H,2.99,3.16,2.65,3,3.34,2.72,2.85,3.12,2.58,,,,,,
Sweden,Allsvenskan,2023,16/04/2023,14:00,Norrkoping,Varnamo,2,1,H,1.72,3.96,5.04,1.74,4,5.1,1.7,3.82,4.8,,,,,,
Sweden,Allsvenskan,2023,16/04/2023,16:30,Halmstad,Djurgarden,2,0,H,3.79,3.4,2.13,3.89,3.55,2.16,3.6,3.37,2.07,,,,,,
Sweden,Allsvenskan,2023,16/04/2023,16:30,Mjallby,Degerfors,2,0,H,1.83,3.73,4.65,1.88,3.75,4.65,1.82,3.57,4.31,,,,,,
Sweden,Allsvenskan,2023,17/04/2023,18:00,Varberg,Sirius,1,1,D,3.58,3.37,2.21,3.73,3.37,2.23,3.53,3.23,2.14,,,,,,
Sweden,Allsvenskan,2023,17/04/2023,18:10,Goteborg,Malmo FF,0,1,A,4.67,3.94,1.78,5.15,3.94,1.8,4.61,3.74,1.74,,,,,,
Sweden,Allsvenskan,2023,22/04/2023,14:00,Hammarby,Varberg,2,0,H,1.3,5.87,10.94,1.33,6,12,1.28,5.5,10.44,,,,,,
Sweden,Allsvenskan,2023,22/04/2023,16:30,Degerfors,Elfsborg,1,2,A,3.68,3.76,2.04,3.72,3.95,2.08,3.51,3.67,2,,,,,,
Sweden,Allsvenskan,2023,23/04/2023,14:00,Djurgarden,Goteborg,1,0,H,1.53,4.4,6.6,1.55,4.6,7.5,1.5,4.3,6.41,,,,,,
Sweden,Allsvenskan,2023,23/04/2023,14:00,Kalmar,Halmstad,2,0,H,1.79,3.48,5.42,1.9,3.62,5.42,1.75,3.48,4.98,,,,,,
Sweden,Allsvenskan,2023,23/04/2023,16:30,Sirius,Hacken,1,4,A,3.74,3.86,1.99,3.75,3.86,2.12,3.46,3.67,2.01,,,,,,
Sweden,Allsvenskan,2023,24/04/2023,18:00,Brommapojkarna,Mjallby,2,0,H,3.16,3.34,2.43,3.2,3.37,2.54,3.03,3.24,2.38,,,,,,
Sweden,Allsvenskan,2023,24/04/2023,18:00,Varnamo,AIK,1,0,H,4.16,3.37,2.03,4.33,3.47,2.05,4.09,3.3,1.96,,,,,,
Sweden,Allsvenskan,2023,24/04/2023,18:10,Malmo FF,Norrkoping,3,0,H,1.47,4.71,7.11,1.49,4.75,7.2,1.45,4.49,6.83,,,,,,
Sweden,Allsvenskan,2023,29/04/2023,14:00,AIK,Sirius,0,0,D,1.99,3.57,4.04,2.01,4,4.75,1.91,3.54,3.99,,,,,,
Sweden,Allsvenskan,2023,29/04/2023,14:00,Mjallby,Elfsborg,0,1,A,3.51,3.45,2.21,3.6,3.48,2.43,3.25,3.3,2.22,,,,,,
Sweden,Allsvenskan,2023,29/04/2023,16:30,Hacken,Varnamo,3,1,H,1.3,5.71,10.38,1.33,6.05,11.5,1.28,5.68,9.85,,,,,,
Sweden,Allsvenskan,2023,29/04/2023,16:30,Halmstad,Brommapojkarna,0,2,A,2.15,3.5,3.6,2.16,3.91,4.5,2.03,3.46,3.63,,,,,,
Sweden,Allsvenskan,2023,30/04/2023,14:00,Malmo FF,Hammarby,4,2,H,1.78,3.71,5.07,1.79,3.9,5.07,1.74,3.69,4.72,,,,,,
Sweden,Allsvenskan,2023,30/04/2023,14:00,Varberg,Kalmar,0,0,D,3.81,3.27,2.18,3.95,3.36,2.24,3.66,3.2,2.12,,,,,,
Sweden,Allsvenskan,2023,30/04/2023,16:30,Degerfors,Djurgarden,2,1,H,3.88,3.74,1.99,4.1,3.85,2,3.82,3.62,1.93,,,,,,
Sweden,Allsvenskan,2023,01/05/2023,14:00,Goteborg,Norrkoping,1,1,D,2.37,3.43,3.18,2.55,3.52,3.29,2.31,3.32,3.07,,,,,,
Sweden,Allsvenskan,2023,03/05/2023,18:00,Elfsborg,Halmstad,6,1,H,1.45,4.74,7.7,1.49,4.8,8.2,1.44,4.48,7.16,,,,,,
Sweden,Allsvenskan,2023,03/05/2023,18:00,Hacken,Djurgarden,4,1,H,1.88,3.96,4.09,1.91,4,4.4,1.84,3.81,3.99,,,,,,
Sweden,Allsvenskan,2023,03/05/2023,18:00,Kalmar,Sirius,2,2,D,2.01,3.41,4.21,2.02,3.53,4.59,1.95,3.35,4.03,,,,,,
Sweden,Allsvenskan,2023,03/05/2023,18:00,Mjallby,AIK,0,0,D,2.98,3.04,2.79,2.98,3.12,2.87,2.76,2.99,2.77,,,,,,
Sweden,Allsvenskan,2023,04/05/2023,18:00,Goteborg,Degerfors,6,0,H,1.79,3.96,4.56,1.92,4,4.7,1.76,3.82,4.39,,,,,,
Sweden,Allsvenskan,2023,04/05/2023,18:00,Norrkoping,Hammarby,2,0,H,3.2,3.42,2.37,3.28,3.49,2.38,3.14,3.3,2.29,,,,,,
Sweden,Allsvenskan,2023,04/05/2023,18:00,Varberg,Malmo FF,0,6,A,8,4.47,1.47,8,4.79,1.49,7.29,4.39,1.44,,,,,,
Sweden,Allsvenskan,2023,04/05/2023,18:00,Varnamo,Brommapojkarna,0,1,A,1.99,3.51,4.15,2.04,3.62,4.15,1.97,3.43,3.87,,,,,,
Sweden,Allsvenskan,2023,07/05/2023,14:00,Malmo FF,AIK,3,1,H,1.53,4.22,6.89,1.56,4.4,7.3,1.5,4.15,6.55,,,,,,
Sweden,Allsvenskan,2023,07/05/2023,16:30,Halmstad,Hacken,1,0,H,6.4,4.79,1.5,7,4.79,1.58,6.1,4.52,1.49,,,,,,
Sweden,Allsvenskan,2023,08/05/2023,18:00,Brommapojkarna,Goteborg,0,0,D,2.87,3.66,2.47,2.92,3.67,2.55,2.8,3.46,2.42,,,,,,
Sweden,Allsvenskan,2023,08/05/2023,18:00,Degerfors,Norrkoping,0,2,A,2.87,3.47,2.56,2.87,3.5,2.6,2.74,3.39,2.5,,,,,,
Sweden,Allsvenskan,2023,08/05/2023,18:00,Sirius,Elfsborg,3,4,A,3.36,3.77,2.15,3.69,3.78,2.25,3.21,3.6,2.14,,,,,,
Sweden,Allsvenskan,2023,08/05/2023,18:10,Djurgarden,Kalmar,3,1,H,1.8,3.69,4.9,1.85,3.9,5.2,1.76,3.6,4.83,,,,,,
Sweden,Allsvenskan,2023,09/05/2023,18:00,Hammarby,Mjallby,0,0,D,1.69,3.85,5.54,1.74,3.97,5.75,1.67,3.74,5.26,,,,,,
Sweden,Allsvenskan,2023,09/05/2023,18:00,Varnamo,Varberg,3,1,H,1.79,3.53,5.33,1.84,3.61,5.5,1.76,3.41,5.06,,,,,,
Sweden,Allsvenskan,2023,13/05/2023,14:00,Hacken,Degerfors,6,1,H,1.21,7.72,11.99,1.24,7.95,13,1.2,7.22,11.45,,,,,,
Sweden,Allsvenskan,2023,13/05/2023,16:30,Varberg,Norrkoping,1,3,A,3.18,3.31,2.43,3.25,3.49,2.47,3.08,3.19,2.37,,,,,,
Sweden,Allsvenskan,2023,14/05/2023,14:00,Elfsborg,Varnamo,2,0,H,1.51,4.58,6.34,1.54,4.7,6.5,1.5,4.43,5.98,,,,,,
Sweden,Allsvenskan,2023,14/05/2023,14:00,Hammarby,Djurgarden,4,3,H,2.48,3.4,3.02,2.6,3.5,3.02,2.43,3.35,2.86,,,,,,
Sweden,Allsvenskan,2023,14/05/2023,14:00,Mjallby,Sirius,3,0,H,2.59,3.13,3.11,2.6,3.26,3.26,2.49,3.09,3,,,,,,
Sweden,Allsvenskan,2023,14/05/2023,16:30,Halmstad,Malmo FF,0,1,A,7.71,4.58,1.46,7.71,4.76,1.49,7.03,4.41,1.45,,,,,,
Sweden,Allsvenskan,2023,14/05/2023,16:30,Kalmar,Brommapojkarna,1,3,A,1.74,3.73,5.38,1.79,3.86,5.38,1.72,3.62,4.95,,,,,,
Sweden,Allsvenskan,2023,15/05/2023,18:10,AIK,Goteborg,2,2,D,1.72,3.73,5.55,1.88,3.75,5.55,1.72,3.57,5.16,,,,,,
Sweden,Allsvenskan,2023,20/05/2023,14:00,Degerfors,AIK,2,1,H,3.86,3.67,2.01,3.86,3.67,2.11,3.6,3.49,2.03,,,,,,
Sweden,Allsvenskan,2023,21/05/2023,14:00,Brommapojkarna,Varberg,2,1,H,1.97,3.61,4.08,2.01,3.68,4.1,1.95,3.49,3.85,,,,,,
Sweden,Allsvenskan,2023,21/05/2023,14:00,Djurgarden,Mjallby,2,0,H,1.6,4.02,6.31,1.61,4.15,6.75,1.56,3.93,6.09,,,,,,
Sweden,Allsvenskan,2023,21/05/2023,14:00,Malmo FF,Hacken,2,2,D,1.75,4.33,4.38,1.78,4.4,4.62,1.72,4.08,4.3,,,,,,
Sweden,Allsvenskan,2023,21/05/2023,16:30,Goteborg,Hammarby,1,1,D,3.01,3.39,2.5,3.05,3.55,2.56,2.91,3.3,2.42,,,,,,
Sweden,Allsvenskan,2023,21/05/2023,16:30,Sirius,Halmstad,1,2,A,1.95,3.69,4.06,1.96,3.83,4.2,1.87,3.61,4.02,,,,,,
Sweden,Allsvenskan,2023,22/05/2023,18:00,Varnamo,Kalmar,0,1,A,2.83,3.21,2.76,2.9,3.28,2.8,2.74,3.09,2.69,,,,,,
Sweden,Allsvenskan,2023,22/05/2023,18:10,Norrkoping,Elfsborg,1,2,A,3.22,3.66,2.25,3.22,3.7,2.29,3.07,3.55,2.2,,,,,,
Sweden,Allsvenskan,2023,24/05/2023,18:00,Djurgarden,Hacken,1,0,H,2.7,3.7,2.59,2.75,3.87,2.65,2.59,3.61,2.52,,,,,,
Sweden,Allsvenskan,2023,25/05/2023,18:00,Degerfors,Hammarby,2,2,D,3.18,3.47,2.35,3.59,3.74,2.4,3.16,3.42,2.23,,,,,,
Sweden,Allsvenskan,2023,27/05/2023,14:00,Mjallby,Halmstad,0,2,A,2,3.3,4.42,2.05,3.48,4.5,1.96,3.29,4.09,,,,,,
Sweden,Allsvenskan,2023,27/05/2023,16:30,Brommapojkarna,Sirius,1,2,A,2.54,3.57,2.83,2.66,3.68,2.83,2.49,3.45,2.71,,,,,,
Sweden,Allsvenskan,2023,28/05/2023,14:00,Djurgarden,AIK,1,0,H,1.88,3.57,4.57,1.95,3.69,4.8,1.83,3.5,4.4,,,,,,
Sweden,Allsvenskan,2023,28/05/2023,14:00,Kalmar,Norrkoping,2,1,H,2.27,3.33,3.48,2.28,3.38,3.5,2.22,3.22,3.35,,,,,,
Sweden,Allsvenskan,2023,28/05/2023,16:30,Elfsborg,Malmo FF,3,0,H,2.65,3.7,2.63,2.69,3.72,2.66,2.61,3.54,2.54,,,,,,
Sweden,Allsvenskan,2023,29/05/2023,18:00,Degerfors,Varberg,1,1,D,1.63,4.27,5.15,1.9,4.41,5.5,1.64,4.09,4.98,,,,,,
Sweden,Allsvenskan,2023,29/05/2023,18:00,Hammarby,Varnamo,0,2,A,1.73,4.06,4.86,1.74,4.2,5.43,1.68,3.92,4.77,,,,,,
Sweden,Allsvenskan,2023,29/05/2023,18:10,Hacken,Goteborg,4,1,H,1.42,5.34,7.12,1.47,5.34,7.2,1.41,4.97,6.65,,,,,,
Sweden,Allsvenskan,2023,03/06/2023,14:00,Goteborg,Mjallby,0,1,A,2.03,3.4,4.15,2.07,3.5,4.21,2,3.34,3.88,,,,,,
Sweden,Allsvenskan,2023,03/06/2023,16:30,Norrkoping,Brommapojkarna,0,2,A,1.96,3.81,3.88,2.01,4.06,3.91,1.93,3.69,3.73,,,,,,
Sweden,Allsvenskan,2023,04/06/2023,14:00,AIK,Kalmar,1,1,D,2.23,3.13,3.85,2.24,3.23,4.02,2.18,3.06,3.65,,,,,,
Sweden,Allsvenskan,2023,04/06/2023,14:00,Halmstad,Hammarby,0,0,D,3.19,3.38,2.39,3.23,3.41,2.41,3.08,3.28,2.33,,,,,,
Sweden,Allsvenskan,2023,04/06/2023,16:30,Elfsborg,Djurgarden,1,1,D,1.84,3.82,4.46,2.1,3.85,4.46,1.88,3.64,3.96,,,,,,
Sweden,Allsvenskan,2023,04/06/2023,16:30,Sirius,Varnamo,2,0,H,1.92,3.8,4.09,1.98,3.85,4.12,1.91,3.64,3.83,,,,,,
Sweden,Allsvenskan,2023,05/06/2023,18:00,Varberg,Hacken,0,2,A,6.86,4.97,1.46,8.04,5.12,1.48,6.44,4.79,1.44,,,,,,
Sweden,Allsvenskan,2023,05/06/2023,18:10,Malmo FF,Degerfors,5,0,H,1.25,6.98,10.59,1.27,7.2,13.6,1.24,6.39,10.94,,,,,,
Sweden,Allsvenskan,2023,09/06/2023,18:00,Hammarby,Brommapojkarna,2,1,H,1.6,4.29,5.74,1.67,4.33,6.57,1.6,4.08,5.29,,,,,,
Sweden,Allsvenskan,2023,10/06/2023,14:00,Kalmar,Degerfors,2,1,H,1.65,4.11,5.48,1.7,4.11,5.48,1.65,3.91,5.09,,,,,,
Sweden,Allsvenskan,2023,10/06/2023,14:00,Varnamo,Malmo FF,1,3,A,5.47,3.91,1.69,6.09,4.29,1.7,5.28,3.88,1.64,,,,,,
Sweden,Allsvenskan,2023,10/06/2023,16:30,Varberg,Halmstad,1,2,A,2.88,3.08,2.83,2.88,3.26,2.83,2.76,3.04,2.71,,,,,,
Sweden,Allsvenskan,2023,11/06/2023,14:00,AIK,Elfsborg,1,2,A,4.16,3.65,1.94,4.35,3.74,2.02,3.88,3.53,1.93,,,,,,
Sweden,Allsvenskan,2023,11/06/2023,14:00,Sirius,Goteborg,2,0,H,2.17,3.75,3.34,2.19,3.78,3.61,2.11,3.57,3.28,,,,,,
Sweden,Allsvenskan,2023,11/06/2023,16:30,Djurgarden,Norrkoping,2,2,D,1.55,4.33,6.4,1.57,4.5,6.75,1.52,4.2,6.2,,,,,,
Sweden,Allsvenskan,2023,11/06/2023,16:30,Hacken,Mjallby,3,0,H,1.4,5.3,7.63,1.43,5.3,7.63,1.39,4.96,7.15,,,,,,
Sweden,Allsvenskan,2023,01/07/2023,14:00,Brommapojkarna,AIK,0,2,A,3.26,3.45,2.32,3.3,3.51,2.38,3.17,3.36,2.24,,,,,,
Sweden,Allsvenskan,2023,01/07/2023,14:00,Degerfors,Varnamo,0,2,A,2.71,3.45,2.71,2.71,3.53,3.09,2.54,3.36,2.71,,,,,,
Sweden,Allsvenskan,2023,01/07/2023,16:30,Malmo FF,Sirius,3,0,H,1.31,5.97,9.96,1.35,6.2,11,1.3,5.63,9.04,,,,,,
Sweden,Allsvenskan,2023,02/07/2023,14:00,Halmstad,Goteborg,0,0,D,2.35,3.32,3.33,2.41,3.38,3.5,2.33,3.23,3.14,,,,,,
Sweden,Allsvenskan,2023,02/07/2023,14:00,Norrkoping,Hacken,2,2,D,5.14,4.69,1.6,5.15,4.7,1.71,4.82,4.4,1.6,,,,,,
Sweden,Allsvenskan,2023,02/07/2023,16:30,Djurgarden,Varberg,2,0,H,1.23,6.7,14.01,1.27,7,17,1.23,6.18,12.67,,,,,,
Sweden,Allsvenskan,2023,03/07/2023,18:00,Elfsborg,Hammarby,2,0,H,1.56,4.49,5.93,1.65,4.6,6.47,1.54,4.31,5.63,,,,,,
Sweden,Allsvenskan,2023,03/07/2023,18:00,Mjallby,Kalmar,1,1,D,2.87,2.96,2.94,2.88,3.05,2.97,2.73,2.93,2.83,,,,,,
Sweden,Allsvenskan,2023,08/07/2023,14:00,AIK,Hacken,1,2,A,3.13,3.52,2.35,3.25,3.75,2.37,3.03,3.49,2.26,,,,,,
Sweden,Allsvenskan,2023,08/07/2023,14:00,Varnamo,Djurgarden,1,2,A,3.49,3.38,2.24,3.56,3.47,2.25,3.33,3.32,2.19,,,,,,
Sweden,Allsvenskan,2023,08/07/2023,16:30,Brommapojkarna,Degerfors,1,2,A,1.66,4.28,5.13,1.7,4.33,5.24,1.65,4.09,4.78,,,,,,
Sweden,Allsvenskan,2023,09/07/2023,14:00,Malmo FF,Mjallby,1,2,A,1.35,5.33,9.82,1.37,5.6,10.3,1.33,5,9.32,,,,,,
Sweden,Allsvenskan,2023,09/07/2023,14:00,Sirius,Hammarby,1,2,A,2.92,3.59,2.46,3.13,3.65,2.48,2.86,3.48,2.38,,,,,,
Sweden,Allsvenskan,2023,09/07/2023,16:30,Kalmar,Elfsborg,0,4,A,3.83,3.6,2.04,3.89,3.75,2.15,3.53,3.5,2.04,,,,,,
Sweden,Allsvenskan,2023,10/07/2023,18:00,Goteborg,Varberg,1,2,A,1.72,3.76,5.4,1.8,4.11,5.75,1.68,3.73,5.12,,,,,,
Sweden,Allsvenskan,2023,10/07/2023,18:00,Norrkoping,Halmstad,1,2,A,2.09,3.48,3.9,2.11,3.69,3.9,2.04,3.42,3.63,,,,,,
Sweden,Allsvenskan,2023,15/07/2023,14:00,Halmstad,Varnamo,2,2,D,2.65,3.03,2.92,2.73,3.28,3.05,2.54,3.12,2.89,,,,,,
Sweden,Allsvenskan,2023,15/07/2023,16:30,Degerfors,Sirius,0,3,A,2.74,3.59,2.61,2.86,3.7,2.62,2.65,3.52,2.52,,,,,,
Sweden,Allsvenskan,2023,15/07/2023,16:30,Hacken,Brommapojkarna,4,2,H,1.34,6,8.41,1.37,6,8.5,1.33,5.57,7.76,,,,,,
Sweden,Allsvenskan,2023,16/07/2023,14:00,Elfsborg,Goteborg,1,1,D,1.37,5.44,8.41,1.39,5.6,8.82,1.35,5.11,8.09,,,,,,
Sweden,Allsvenskan,2023,16/07/2023,14:00,Hammarby,Kalmar,3,1,H,1.69,4.08,5.17,1.72,4.2,5.3,1.67,3.91,4.89,,,,,,
Sweden,Allsvenskan,2023,16/07/2023,16:30,Mjallby,Norrkoping,1,2,A,2.23,3.3,3.61,2.26,3.35,3.76,2.18,3.22,3.45,,,,,,
Sweden,Allsvenskan,2023,17/07/2023,18:00,Djurgarden,Malmo FF,2,0,H,2.58,3.39,2.9,2.61,3.52,2.91,2.48,3.35,2.78,,,,,,
Sweden,Allsvenskan,2023,17/07/2023,18:00,Varberg,AIK,1,2,A,4.02,3.47,2.03,4.24,3.51,2.06,3.95,3.37,1.98,,,,,,
Sweden,Allsvenskan,2023,21/07/2023,18:00,Brommapojkarna,Hammarby,1,0,H,3.09,3.58,2.36,3.12,3.69,2.45,2.96,3.52,2.29,,,,,,
Sweden,Allsvenskan,2023,22/07/2023,14:00,Djurgarden,Elfsborg,0,4,A,2.24,3.58,3.3,2.3,3.6,3.3,2.23,3.46,3.12,,,,,,
Sweden,Allsvenskan,2023,22/07/2023,16:30,Varnamo,Hacken,1,0,H,4.83,4.41,1.68,4.83,4.41,1.76,4.47,4.19,1.68,,,,,,
Sweden,Allsvenskan,2023,23/07/2023,14:00,AIK,Malmo FF,0,0,D,3.13,3.31,2.46,3.23,3.45,2.46,3.05,3.25,2.36,,,,,,
Sweden,Allsvenskan,2023,23/07/2023,14:00,Norrkoping,Degerfors,1,0,H,1.75,4.2,4.57,1.76,4.4,5.01,1.7,4.06,4.5,,,,,,
Sweden,Allsvenskan,2023,23/07/2023,16:30,Goteborg,Halmstad,0,0,D,2.06,3.42,3.99,2.23,3.5,3.99,2.06,3.34,3.68,,,,,,
Sweden,Allsvenskan,2023,23/07/2023,16:30,Kalmar,Varberg,1,0,H,1.88,3.57,4.59,1.92,3.7,4.8,1.86,3.46,4.33,,,,,,
Sweden,Allsvenskan,2023,24/07/2023,18:00,Sirius,Mjallby,2,3,A,2.35,3.35,3.3,2.35,3.53,3.3,2.25,3.3,3.21,,,,,,
Sweden,Allsvenskan,2023,29/07/2023,14:00,Hacken,Elfsborg,3,1,H,2.29,4.04,2.91,2.4,4.1,2.95,2.27,3.84,2.78,,,,,,
Sweden,Allsvenskan,2023,29/07/2023,16:30,Degerfors,Brommapojkarna,2,0,H,2.94,3.68,2.4,3.05,3.83,2.41,2.87,3.59,2.31,,,,,,
Sweden,Allsvenskan,2023,29/07/2023,19:00,Halmstad,Varberg,0,5,A,2.03,3.37,4.16,2.1,3.52,4.16,2.02,3.34,3.75,,,,,,
Sweden,Allsvenskan,2023,30/07/2023,14:00,Hammarby,Norrkoping,2,1,H,2.01,3.7,3.84,2.06,3.91,4,1.99,3.56,3.61,,,,,,
Sweden,Allsvenskan,2023,30/07/2023,14:00,Mjallby,Djurgarden,0,1,A,3.56,3.2,2.3,3.56,3.36,2.4,3.31,3.17,2.26,,,,,,
Sweden,Allsvenskan,2023,30/07/2023,16:30,Goteborg,Kalmar,2,0,H,2.3,3.2,3.56,2.34,3.37,3.6,2.22,3.19,3.36,,,,,,
Sweden,Allsvenskan,2023,31/07/2023,18:00,Malmo FF,Varnamo,3,1,H,1.33,5.65,9.94,1.35,6,10.3,1.31,5.32,9.28,,,,,,
Sweden,Allsvenskan,2023,31/07/2023,18:00,Sirius,AIK,0,1,A,3.51,3.59,2.15,3.53,3.7,2.35,3.23,3.48,2.16,,,,,,
Sweden,Allsvenskan,2023,05/08/2023,14:00,Brommapojkarna,Varnamo,0,2,A,2.28,3.56,3.25,2.29,3.65,3.29,2.21,3.49,3.12,,,,,,
Sweden,Allsvenskan,2023,06/08/2023,14:00,Elfsborg,Sirius,1,0,H,1.31,6.08,9.46,1.37,6.08,9.5,1.32,5.54,8.39,,,,,,
Sweden,Allsvenskan,2023,06/08/2023,14:00,Kalmar,AIK,1,1,D,3.41,3.09,2.44,3.41,3.3,2.47,3.18,3.11,2.35,,,,,,
Sweden,Allsvenskan,2023,07/08/2023,18:00,Malmo FF,Halmstad,3,0,H,1.32,5.71,9.78,1.35,5.9,11,1.31,5.38,9.26,,,,,,
Sweden,Allsvenskan,2023,07/08/2023,18:00,Norrkoping,Goteborg,3,0,H,2.3,3.37,3.37,2.34,3.48,3.57,2.22,3.31,3.26,,,,,,
Sweden,Allsvenskan,2023,07/08/2023,18:00,Varberg,Mjallby,0,3,A,3.06,3.07,2.66,3.06,3.45,2.69,2.88,3.08,2.58,,,,,,
Sweden,Allsvenskan,2023,12/08/2023,14:00,AIK,Brommapojkarna,2,2,D,1.68,4.26,5.01,1.74,4.26,5.25,1.68,3.94,4.76,,,,,,
Sweden,Allsvenskan,2023,13/08/2023,14:00,Goteborg,Djurgarden,2,1,H,3.66,3.27,2.22,3.75,3.43,2.25,3.49,3.23,2.16,,,,,,
Sweden,Allsvenskan,2023,13/08/2023,14:00,Sirius,Kalmar,3,0,H,2.08,3.66,3.64,2.14,3.7,3.64,2.05,3.53,3.45,,,,,,
Sweden,Allsvenskan,2023,13/08/2023,16:30,Hacken,Varberg,2,0,H,1.32,6.37,8.36,1.35,6.6,8.75,1.31,5.85,8,,,,,,
Sweden,Allsvenskan,2023,13/08/2023,16:30,Halmstad,Norrkoping,1,3,A,2.54,3.33,2.97,2.6,3.4,3.06,2.46,3.24,2.89,,,,,,
Sweden,Allsvenskan,2023,13/08/2023,16:30,Hammarby,Elfsborg,1,0,H,3.26,3.48,2.3,3.35,3.64,2.31,3.15,3.44,2.22,,,,,,
Sweden,Allsvenskan,2023,14/08/2023,18:00,Mjallby,Malmo FF,1,0,H,4.71,3.71,1.83,4.8,3.81,1.85,4.47,3.59,1.79,,,,,,
Sweden,Allsvenskan,2023,14/08/2023,18:00,Varnamo,Degerfors,0,1,A,1.86,3.94,4.22,1.87,4.1,4.75,1.77,3.83,4.29,,,,,,
Sweden,Allsvenskan,2023,19/08/2023,14:00,Brommapojkarna,Halmstad,3,1,H,2.01,3.67,3.86,2.03,3.77,3.94,1.97,3.56,3.71,,,,,,
Sweden,Allsvenskan,2023,19/08/2023,14:00,Degerfors,Goteborg,1,2,A,3.07,3.47,2.41,3.1,3.6,2.47,2.91,3.41,2.36,,,,,,
Sweden,Allsvenskan,2023,19/08/2023,16:30,Varberg,Varnamo,0,3,A,3.17,3.37,2.41,3.23,3.4,2.45,3.03,3.27,2.36,,,,,,
Sweden,Allsvenskan,2023,20/08/2023,14:00,Hacken,Sirius,3,2,H,1.53,5.16,5.49,1.53,5.2,5.83,1.5,4.87,5.38,,,,,,
Sweden,Allsvenskan,2023,20/08/2023,14:00,Malmo FF,Djurgarden,0,0,D,1.59,4.23,6.07,1.6,4.33,6.2,1.56,4.12,5.68,,,,,,
Sweden,Allsvenskan,2023,20/08/2023,16:30,Elfsborg,Mjallby,2,0,H,1.49,4.51,7.11,1.52,4.6,7.6,1.48,4.32,6.68,,,,,,
Sweden,Allsvenskan,2023,20/08/2023,16:30,Kalmar,Hammarby,0,0,D,2.81,3.3,2.71,2.95,3.36,2.74,2.8,3.22,2.56,,,,,,
Sweden,Allsvenskan,2023,21/08/2023,18:10,Norrkoping,AIK,3,1,H,2.5,3.4,2.99,2.6,3.52,3.1,2.47,3.37,2.8,,,,,,
Sweden,Allsvenskan,2023,27/08/2023,14:00,Brommapojkarna,Kalmar,2,3,A,2.19,3.47,3.54,2.2,3.55,3.58,2.13,3.43,3.4,,,,,,
Sweden,Allsvenskan,2023,27/08/2023,14:00,Mjallby,Hammarby,0,3,A,3.09,3.03,2.68,3.1,3.23,2.71,2.96,3.02,2.58,,,,,,
Sweden,Allsvenskan,2023,27/08/2023,14:00,Varnamo,Halmstad,0,0,D,1.96,3.64,4.1,1.96,3.7,4.32,1.91,3.53,4.02,,,,,,
Sweden,Allsvenskan,2023,27/08/2023,16:30,Djurgarden,Degerfors,4,1,H,1.32,5.85,9.45,1.36,5.9,11,1.31,5.47,9.37,,,,,,
Sweden,Allsvenskan,2023,27/08/2023,16:30,Goteborg,Hacken,4,2,H,3.41,3.84,2.11,3.55,3.93,2.11,3.38,3.72,2.04,,,,,,
Sweden,Allsvenskan,2023,28/08/2023,18:00,AIK,Varberg,3,0,H,1.34,5.52,9.48,1.37,5.52,11.1,1.34,5.13,9.06,,,,,,
Sweden,Allsvenskan,2023,28/08/2023,18:00,Elfsborg,Norrkoping,3,2,H,1.58,4.46,5.8,1.6,4.6,6,1.55,4.32,5.61,,,,,,
Sweden,Allsvenskan,2023,28/08/2023,18:10,Sirius,Malmo FF,1,3,A,5.21,4.32,1.65,5.21,4.33,1.71,4.74,4.17,1.65,,,,,,
Sweden,Allsvenskan,2023,02/09/2023,14:00,Halmstad,Sirius,2,1,H,3.1,3.47,2.4,3.25,3.6,2.44,3.01,3.42,2.31,,,,,,
Sweden,Allsvenskan,2023,02/09/2023,16:30,Varnamo,Elfsborg,1,0,H,3.41,3.63,2.18,3.41,3.75,2.24,3.25,3.52,2.15,,,,,,
Sweden,Allsvenskan,2023,03/09/2023,14:00,Degerfors,Hacken,1,0,H,3.81,4.23,1.88,4.19,4.4,1.89,3.81,4.1,1.82,,,,,,
Sweden,Allsvenskan,2023,03/09/2023,14:00,Hammarby,AIK,4,2,H,2.36,3.44,3.18,2.39,3.51,3.25,2.3,3.37,3.09,,,,,,
Sweden,Allsvenskan,2023,03/09/2023,14:00,Kalmar,Mjallby,0,2,A,2.48,3.1,3.32,2.48,3.25,3.34,2.39,3.09,3.18,,,,,,
Sweden,Allsvenskan,2023,03/09/2023,16:30,Malmo FF,Goteborg,2,2,D,1.41,5.09,7.85,1.43,5.61,8.8,1.38,4.99,7.5,,,,,,
Sweden,Allsvenskan,2023,03/09/2023,16:30,Norrkoping,Djurgarden,0,2,A,3.06,3.43,2.44,3.06,3.43,2.6,2.9,3.3,2.44,,,,,,
Sweden,Allsvenskan,2023,03/09/2023,16:30,Varberg,Brommapojkarna,4,3,H,3.86,3.85,1.96,4.06,3.85,2.2,3.67,3.65,1.96,,,,,,
Sweden,Allsvenskan,2023,16/09/2023,14:00,Goteborg,Brommapojkarna,1,0,H,1.83,3.8,4.56,1.9,4,4.56,1.83,3.79,4.1,,,,,,
Sweden,Allsvenskan,2023,16/09/2023,14:00,Sirius,Varberg,7,0,H,1.38,5.54,7.87,1.4,5.7,8.1,1.36,5.28,7.48,,,,,,
Sweden,Allsvenskan,2023,16/09/2023,16:30,Djurgarden,Varnamo,1,2,A,1.68,4.02,5.29,1.7,4.1,5.5,1.66,3.91,5.11,,,,,,
Sweden,Allsvenskan,2023,17/09/2023,14:00,Hammarby,Malmo FF,1,3,A,2.91,3.51,2.5,3.02,3.52,2.58,2.88,3.4,2.41,,,,,,
Sweden,Allsvenskan,2023,17/09/2023,16:30,Elfsborg,Kalmar,0,3,A,1.49,4.74,6.69,1.51,4.8,7.5,1.47,4.52,6.5,,,,,,
Sweden,Allsvenskan,2023,17/09/2023,16:30,Hacken,Halmstad,3,2,H,1.33,6.18,8.5,1.36,6.2,9.05,1.33,5.65,8.1,,,,,,
Sweden,Allsvenskan,2023,18/09/2023,18:00,Norrkoping,Mjallby,0,2,A,1.99,3.59,4.03,2.02,3.64,4.1,1.97,3.48,3.84,,,,,,
Sweden,Allsvenskan,2023,18/09/2023,18:10,AIK,Degerfors,2,0,H,1.52,4.77,6.19,1.56,4.8,6.5,1.5,4.53,5.94,,,,,,
Sweden,Allsvenskan,2023,23/09/2023,14:00,Degerfors,Malmo FF,1,2,A,7.86,5.27,1.4,8.5,5.5,1.41,7.66,5.12,1.37,,,,,,
Sweden,Allsvenskan,2023,23/09/2023,16:30,Brommapojkarna,Norrkoping,2,2,D,1.98,3.85,3.78,2.1,3.85,3.8,2.01,3.68,3.47,,,,,,
Sweden,Allsvenskan,2023,24/09/2023,14:00,AIK,Djurgarden,2,0,H,2.54,3.37,2.96,2.65,3.44,2.98,2.53,3.31,2.78,,,,,,
Sweden,Allsvenskan,2023,24/09/2023,14:00,Mjallby,Goteborg,0,1,A,2.97,3.24,2.62,2.99,3.25,2.75,2.81,3.14,2.61,,,,,,
Sweden,Allsvenskan,2023,24/09/2023,16:30,Kalmar,Hacken,1,0,H,3.63,4.02,1.98,3.86,4.1,2.02,3.55,3.81,1.95,,,,,,
Sweden,Allsvenskan,2023,24/09/2023,16:30,Varberg,Hammarby,0,1,A,6.74,4.87,1.47,7.1,5,1.49,6.61,4.6,1.45,,,,,,
Sweden,Allsvenskan,2023,25/09/2023,18:00,Halmstad,Elfsborg,0,1,A,4.22,3.81,1.88,4.75,4,1.88,4.23,3.79,1.81,,,,,,
Sweden,Allsvenskan,2023,25/09/2023,18:00,Varnamo,Sirius,0,1,A,2.53,3.71,2.76,2.53,3.75,2.9,2.46,3.6,2.69,,,,,,
Sweden,Allsvenskan,2023,30/09/2023,14:00,Djurgarden,Halmstad,1,0,H,1.5,4.52,6.97,1.52,4.57,7.01,1.49,4.34,6.5,,,,,,
Sweden,Allsvenskan,2023,30/09/2023,16:30,Norrkoping,Kalmar,1,0,H,2.09,3.54,3.73,2.15,3.62,3.75,2.07,3.48,3.52,,,,,,
Sweden,Allsvenskan,2023,01/10/2023,14:00,Hacken,AIK,2,0,H,1.92,4.07,3.82,1.94,4.1,4.08,1.89,3.87,3.7,,,,,,
Sweden,Allsvenskan,2023,01/10/2023,14:00,Sirius,Degerfors,3,2,H,1.62,4.31,5.5,1.64,4.4,5.61,1.6,4.21,5.17,,,,,,
Sweden,Allsvenskan,2023,01/10/2023,16:30,Hammarby,Goteborg,1,1,D,1.91,3.61,4.39,1.96,3.77,4.4,1.88,3.56,4.1,,,,,,
Sweden,Allsvenskan,2023,01/10/2023,16:30,Mjallby,Varnamo,2,3,A,2.52,3.17,3.18,2.57,3.3,3.2,2.46,3.16,2.99,,,,,,
Sweden,Allsvenskan,2023,02/10/2023,18:00,Elfsborg,Varberg,2,1,H,1.21,7.67,12.69,1.22,8.4,15.5,1.19,7.31,12.68,,,,,,
Sweden,Allsvenskan,2023,02/10/2023,18:10,Malmo FF,Brommapojkarna,2,1,H,1.34,6.02,8.26,1.37,6.2,9,1.33,5.61,7.95,,,,,,
Sweden,Allsvenskan,2023,07/10/2023,14:00,AIK,Mjallby,1,0,H,1.81,3.66,4.95,1.84,3.73,5.06,1.76,3.56,4.78,,,,,,
Sweden,Allsvenskan,2023,07/10/2023,14:00,Halmstad,Degerfors,0,0,D,1.92,3.59,4.34,2.02,3.78,4.34,1.92,3.5,4,,,,,,
Sweden,Allsvenskan,2023,07/10/2023,16:30,Goteborg,Sirius,0,1,A,2,3.59,4.01,2.05,3.65,4.01,2,3.5,3.7,,,,,,
Sweden,Allsvenskan,2023,08/10/2023,14:00,Brommapojkarna,Elfsborg,0,3,A,3.4,3.99,2.06,3.6,4,2.1,3.37,3.81,2.01,,,,,,
Sweden,Allsvenskan,2023,08/10/2023,14:00,Kalmar,Malmo FF,1,0,H,4.8,3.84,1.78,4.8,3.91,1.81,4.49,3.76,1.76,,,,,,
Sweden,Allsvenskan,2023,08/10/2023,14:00,Varnamo,Norrkoping,2,1,H,2.05,3.69,3.71,2.15,3.75,3.81,2.01,3.55,3.59,,,,,,
Sweden,Allsvenskan,2023,08/10/2023,16:30,Hammarby,Hacken,2,2,D,2.62,3.74,2.64,2.63,3.82,2.65,2.54,3.65,2.55,,,,,,
Sweden,Allsvenskan,2023,08/10/2023,16:30,Varberg,Djurgarden,0,1,A,6.87,4.51,1.51,7.2,4.7,1.52,6.59,4.41,1.47,,,,,,
Sweden,Allsvenskan,2023,21/10/2023,14:00,Degerfors,Kalmar,1,3,A,3,3.3,2.55,3,3.4,2.63,2.85,3.29,2.48,,,,,,
Sweden,Allsvenskan,2023,21/10/2023,16:30,Sirius,Brommapojkarna,3,2,H,2.32,3.76,3.02,2.32,3.96,3.56,2.18,3.72,3.06,,,,,,
Sweden,Allsvenskan,2023,22/10/2023,14:00,Djurgarden,Hammarby,0,0,D,2.26,3.37,3.47,2.26,3.51,3.53,2.17,3.38,3.36,,,,,,
Sweden,Allsvenskan,2023,22/10/2023,14:00,Halmstad,Mjallby,1,1,D,2.36,3.13,3.51,2.41,3.34,3.51,2.31,3.15,3.28,,,,,,
Sweden,Allsvenskan,2023,22/10/2023,16:30,Hacken,Norrkoping,4,1,H,1.38,5.71,7.41,1.41,5.9,7.63,1.37,5.43,7.19,,,,,,
Sweden,Allsvenskan,2023,22/10/2023,16:30,Malmo FF,Varberg,5,0,H,1.08,13.45,26.94,1.1,14,35,1.08,11.38,24.18,,,,,,
Sweden,Allsvenskan,2023,23/10/2023,18:00,Varnamo,Goteborg,3,1,H,3.36,3.36,2.32,3.38,3.43,2.4,3.15,3.31,2.3,,,,,,
Sweden,Allsvenskan,2023,23/10/2023,18:10,Elfsborg,AIK,3,0,H,1.86,3.69,4.5,1.89,3.86,4.75,1.83,3.63,4.28,,,,,,
Sweden,Allsvenskan,2023,28/10/2023,14:00,Brommapojkarna,Djurgarden,1,2,A,3.32,3.77,2.16,3.41,3.8,2.21,3.25,3.6,2.12,,,,,,
Sweden,Allsvenskan,2023,28/10/2023,16:30,Varberg,Degerfors,1,1,D,3.37,3.85,2.12,3.65,3.9,2.14,3.37,3.69,2.05,,,,,,
Sweden,Allsvenskan,2023,29/10/2023,14:00,Kalmar,Varnamo,1,3,A,2.2,3.5,3.46,2.3,3.6,3.53,2.15,3.46,3.29,,,,,,
Sweden,Allsvenskan,2023,29/10/2023,14:00,Mjallby,Hacken,2,1,H,4.35,4.21,1.78,4.79,4.3,1.79,4.24,3.97,1.76,,,,,,
Sweden,Allsvenskan,2023,29/10/2023,14:00,Norrkoping,Malmo FF,0,1,A,7.1,5,1.45,7.1,5,1.52,6.32,4.69,1.46,,,,,,
Sweden,Allsvenskan,2023,29/10/2023,16:30,AIK,Halmstad,1,1,D,1.66,3.8,6.04,1.81,3.85,6.04,1.68,3.68,5.31,,,,,,
Sweden,Allsvenskan,2023,30/10/2023,18:00,Hammarby,Sirius,2,2,D,2.02,3.89,3.61,2.09,3.95,3.75,2.01,3.8,3.39,,,,,,
Sweden,Allsvenskan,2023,30/10/2023,18:10,Goteborg,Elfsborg,1,2,A,3.22,3.39,2.37,3.35,3.54,2.39,3.11,3.33,2.3,,,,,,
Sweden,Allsvenskan,2023,04/11/2023,14:00,Varnamo,Hammarby,0,0,D,2.4,3.66,2.96,2.4,3.7,3.05,2.3,3.56,2.91,,,,,,
Sweden,Allsvenskan,2023,04/11/2023,16:30,Djurgarden,Sirius,2,4,A,1.6,4.71,5.17,1.62,4.71,6,1.56,4.49,5.22,,,,,,
Sweden,Allsvenskan,2023,05/11/2023,14:00,Hacken,Malmo FF,4,2,H,3.3,4.17,2.06,3.4,4.17,2.1,3.24,3.94,2.01,,,,,,
Sweden,Allsvenskan,2023,05/11/2023,14:00,Halmstad,Kalmar,3,0,H,2.53,3.33,3.01,2.54,3.4,3.63,2.42,3.27,2.96,,,,,,
Sweden,Allsvenskan,2023,05/11/2023,16:30,Elfsborg,Degerfors,2,2,D,1.26,6.61,11.05,1.32,6.75,11.05,1.26,6.06,9.9,,,,,,
Sweden,Allsvenskan,2023,05/11/2023,16:30,Mjallby,Brommapojkarna,1,2,A,2.51,3.62,2.84,2.6,3.65,2.88,2.49,3.51,2.69,,,,,,
Sweden,Allsvenskan,2023,06/11/2023,18:00,Norrkoping,Varberg,4,3,H,1.44,5.21,6.94,1.46,5.25,7.05,1.42,4.95,6.53,,,,,,
Sweden,Allsvenskan,2023,06/11/2023,18:10,Goteborg,AIK,1,1,D,2.4,3.13,3.44,2.42,3.2,3.55,2.33,3.07,3.28,,,,,,
Sweden,Allsvenskan,2023,12/11/2023,14:00,AIK,Varnamo,3,1,H,1.72,4.25,4.67,1.95,4.25,5.09,1.72,3.98,4.53,,,,,,
Sweden,Allsvenskan,2023,12/11/2023,14:00,Brommapojkarna,Hacken,2,1,H,2.23,4.38,2.72,2.28,4.5,2.85,2.2,4.23,2.73,,,,,,
Sweden,Allsvenskan,2023,12/11/2023,14:00,Degerfors,Mjallby,1,2,A,3.25,3.62,2.17,3.4,3.73,2.41,3.14,3.52,2.2,,,,,,
Sweden,Allsvenskan,2023,12/11/2023,14:00,Hammarby,Halmstad,2,2,D,1.51,4.61,5.88,1.56,4.8,6.4,1.5,4.5,5.88,,,,,,
Sweden,Allsvenskan,2023,12/11/2023,14:00,Kalmar,Djurgarden,2,1,H,3.32,3.56,2.16,3.39,3.71,2.19,3.25,3.57,2.12,,,,,,
Sweden,Allsvenskan,2023,12/11/2023,14:00,Malmo FF,Elfsborg,1,0,H,1.74,4,4.9,1.76,4.42,4.9,1.71,3.99,4.54,,,,,,
Sweden,Allsvenskan,2023,12/11/2023,14:00,Sirius,Norrkoping,2,0,H,1.64,4.79,4.33,1.71,4.9,4.82,1.63,4.51,4.52,,,,,,
Sweden,Allsvenskan,2023,12/11/2023,14:00,Varberg,Goteborg,1,2,A,7.11,5.07,1.4,7.66,5.4,1.43,7.2,4.95,1.39,,,,,,
Sweden,Allsvenskan,2024,30/03/2024,14:00,Norrkoping,Malmo FF,1,5,A,5.84,4.42,1.56,6,4.51,1.59,5.7,4.36,1.54,,,,,,
Sweden,Allsvenskan,2024,31/03/2024,13:00,GAIS,Brommapojkarna,0,4,A,2.51,3.46,2.89,2.61,3.67,2.89,2.48,3.46,2.71,,,,,,
Sweden,Allsvenskan,2024,31/03/2024,13:00,Hammarby,Kalmar,3,1,H,1.89,3.67,4.28,1.96,3.75,4.42,1.89,3.54,4.03,,,,,,
Sweden,Allsvenskan,2024,31/03/2024,15:30,Hacken,Mjallby,0,1,A,1.79,3.88,4.59,1.9,3.93,4.6,1.79,3.73,4.28,,,,,,
Sweden,Allsvenskan,2024,01/04/2024,13:00,Goteborg,Djurgarden,1,4,A,3.49,3.27,2.27,3.5,3.35,2.35,3.3,3.23,2.24,,,,,,
Sweden,Allsvenskan,2024,01/04/2024,13:00,Sirius,Halmstad,3,0,H,1.74,3.93,4.87,1.77,4.1,4.88,1.7,3.93,4.6,,,,,,
Sweden,Allsvenskan,2024,01/04/2024,15:30,AIK,Vasteras SK,1,0,H,1.55,4.28,6.25,1.67,4.3,6.47,1.55,4.05,5.92,,,,,,
Sweden,Allsvenskan,2024,01/04/2024,15:30,Elfsborg,Varnamo,2,2,D,1.49,4.66,6.57,1.51,4.66,6.74,1.49,4.42,6.24,,,,,,
Sweden,Allsvenskan,2024,06/04/2024,14:00,Brommapojkarna,AIK,2,2,D,3.51,3.46,2.17,3.6,3.6,2.19,3.36,3.47,2.11,,,,,,
Sweden,Allsvenskan,2024,06/04/2024,16:30,Mjallby,Norrkoping,3,0,H,2.21,3.26,3.63,2.23,3.65,3.65,2.15,3.3,3.43,,,,,,
Sweden,Allsvenskan,2024,07/04/2024,13:00,Halmstad,Goteborg,1,0,H,2.82,3.33,2.64,2.88,3.35,2.68,2.75,3.25,2.56,,,,,,
Sweden,Allsvenskan,2024,07/04/2024,13:00,Malmo FF,Hammarby,2,0,H,1.41,4.92,8.07,1.43,5,8.07,1.39,4.81,7.68,,,,,,
Sweden,Allsvenskan,2024,07/04/2024,15:30,Vasteras SK,Elfsborg,0,1,A,3.22,3.45,2.31,3.22,3.72,2.31,3.07,3.53,2.22,,,,,,
Sweden,Allsvenskan,2024,08/04/2024,18:00,Kalmar,Sirius,1,2,A,2.5,3.41,2.95,2.52,3.55,3.14,2.44,3.33,2.85,,,,,,
Sweden,Allsvenskan,2024,08/04/2024,18:00,Varnamo,GAIS,1,2,A,2.82,3.39,2.6,2.82,3.6,2.84,2.59,3.41,2.61,,,,,,
Sweden,Allsvenskan,2024,08/04/2024,18:10,Djurgarden,Hacken,3,3,D,1.86,3.91,4.12,1.87,4.08,4.33,1.8,3.89,4.03,,,,,,
Sweden,Allsvenskan,2024,13/04/2024,14:00,Mjallby,AIK,1,1,D,2.62,3.1,3.03,2.62,3.26,3.03,2.55,3.11,2.89,,,,,,
Sweden,Allsvenskan,2024,13/04/2024,16:30,Vasteras SK,Halmstad,0,1,A,1.71,3.89,5.11,1.74,3.97,5.3,1.7,3.78,4.85,,,,,,
Sweden,Allsvenskan,2024,14/04/2024,13:00,Kalmar,Goteborg,0,1,A,2.66,3.23,2.88,2.66,3.34,2.93,2.53,3.22,2.83,,,,,,
Sweden,Allsvenskan,2024,14/04/2024,13:00,Norrkoping,GAIS,1,0,H,2.29,3.63,3.12,2.35,3.75,3.25,2.21,3.6,3.04,,,,,,
Sweden,Allsvenskan,2024,14/04/2024,15:30,Djurgarden,Sirius,2,0,H,1.7,4.19,4.76,1.79,4.19,4.9,1.74,3.94,4.37,,,,,,
Sweden,Allsvenskan,2024,15/04/2024,18:00,Hacken,Brommapojkarna,4,3,H,1.65,4.6,4.67,1.77,4.6,4.75,1.7,4.25,4.29,,,,,,
Sweden,Allsvenskan,2024,15/04/2024,18:00,Varnamo,Malmo FF,0,4,A,8.92,5.42,1.35,11,5.8,1.37,9.26,5.34,1.31,,,,,,
Sweden,Allsvenskan,2024,15/04/2024,18:10,Hammarby,Elfsborg,3,0,H,2.54,3.45,2.86,2.61,3.54,2.91,2.49,3.4,2.75,,,,,,
Sweden,Allsvenskan,2024,20/04/2024,14:00,Goteborg,Norrkoping,1,1,D,1.62,4.15,5.56,1.7,4.2,5.8,1.61,4.01,5.28,,,,,,
Sweden,Allsvenskan,2024,20/04/2024,14:00,Sirius,Varnamo,0,1,A,1.59,4.31,5.71,1.67,4.35,5.75,1.58,4.18,5.28,,,,,,
Sweden,Allsvenskan,2024,20/04/2024,16:30,Malmo FF,Vasteras SK,1,0,H,1.24,6.61,12,1.28,7,13,1.24,6.2,11.15,,,,,,
Sweden,Allsvenskan,2024,21/04/2024,13:00,AIK,Djurgarden,2,0,H,2.81,3.14,2.79,2.95,3.16,2.79,2.82,3.07,2.63,,,,,,
Sweden,Allsvenskan,2024,21/04/2024,13:00,GAIS,Mjallby,2,1,H,3.39,3.32,2.29,3.39,3.32,2.5,3.07,3.19,2.38,,,,,,
Sweden,Allsvenskan,2024,21/04/2024,15:30,Hacken,Hammarby,2,1,H,1.87,4.03,3.95,1.94,4.05,4,1.86,3.89,3.77,,,,,,
Sweden,Allsvenskan,2024,21/04/2024,15:30,Halmstad,Brommapojkarna,0,2,A,3.72,3.67,2.03,3.81,3.79,2.06,3.63,3.62,1.97,,,,,,
Sweden,Allsvenskan,2024,22/04/2024,18:00,Elfsborg,Kalmar,1,2,A,1.65,3.92,5.62,1.68,4,5.83,1.63,3.85,5.41,,,,,,
Sweden,Allsvenskan,2024,24/04/2024,18:00,AIK,Varnamo,2,0,H,1.56,4.07,6.67,1.59,4.2,6.8,1.54,4,6.31,,,,,,
Sweden,Allsvenskan,2024,24/04/2024,18:00,Brommapojkarna,Sirius,1,1,D,2.32,3.65,3.05,2.33,3.9,3.05,2.26,3.65,2.91,,,,,,
Sweden,Allsvenskan,2024,24/04/2024,18:00,Goteborg,Hacken,0,1,A,2.56,3.67,2.7,2.58,3.75,2.77,2.45,3.59,2.67,,,,,,
Sweden,Allsvenskan,2024,25/04/2024,18:00,Djurgarden,Malmo FF,0,1,A,2.83,3.44,2.57,3.4,3.6,2.58,2.91,3.41,2.38,,,,,,
Sweden,Allsvenskan,2024,25/04/2024,18:00,Halmstad,Hammarby,2,1,H,4,3.72,1.93,4.35,3.72,1.99,3.9,3.56,1.91,,,,,,
Sweden,Allsvenskan,2024,25/04/2024,18:00,Kalmar,GAIS,2,3,A,2.26,3.31,3.46,2.36,3.4,3.46,2.23,3.27,3.28,,,,,,
Sweden,Allsvenskan,2024,25/04/2024,18:00,Norrkoping,Elfsborg,4,2,H,3.18,3.66,2.24,3.26,3.75,2.24,3.13,3.57,2.17,,,,,,
Sweden,Allsvenskan,2024,25/04/2024,18:00,Vasteras SK,Mjallby,2,1,H,1.85,3.61,4.59,2.26,3.61,4.59,1.97,3.43,3.87,,,,,,
Sweden,Allsvenskan,2024,28/04/2024,13:00,Malmo FF,AIK,5,0,H,1.57,4.18,6.12,1.6,4.35,7.1,1.55,4.08,5.87,,,,,,
Sweden,Allsvenskan,2024,28/04/2024,13:00,Varnamo,Halmstad,1,3,A,2.28,3.27,3.46,2.28,3.33,3.46,2.21,3.22,3.35,,,,,,
Sweden,Allsvenskan,2024,28/04/2024,15:30,Djurgarden,GAIS,1,0,H,1.67,4.07,5.19,1.7,4.2,5.4,1.64,3.93,5.04,,,,,,
Sweden,Allsvenskan,2024,28/04/2024,15:30,Hacken,Norrkoping,1,2,A,1.55,4.95,5.28,1.62,5.03,5.5,1.54,4.65,5.1,,,,,,
Sweden,Allsvenskan,2024,29/04/2024,18:00,Brommapojkarna,Goteborg,0,3,A,2.38,3.42,3.12,2.41,3.56,3.12,2.34,3.36,2.98,,,,,,
Sweden,Allsvenskan,2024,29/04/2024,18:00,Elfsborg,Sirius,2,0,H,1.95,3.73,3.93,2,3.73,3.95,1.94,3.56,3.77,,,,,,
Sweden,Allsvenskan,2024,29/04/2024,18:00,Mjallby,Kalmar,3,2,H,2.01,3.46,4.03,2.04,3.59,4.03,1.98,3.35,3.87,,,,,,
Sweden,Allsvenskan,2024,29/04/2024,18:10,Hammarby,Vasteras SK,2,1,H,2.03,3.59,3.81,2.04,3.81,3.81,1.99,3.61,3.55,,,,,,
Sweden,Allsvenskan,2024,04/05/2024,14:00,Kalmar,Halmstad,5,2,H,2.11,3.32,3.87,2.16,3.48,3.95,2.07,3.29,3.64,,,,,,
Sweden,Allsvenskan,2024,04/05/2024,14:00,Mjallby,Brommapojkarna,1,1,D,2.48,3.48,2.93,2.5,3.56,3.1,2.34,3.39,2.95,,,,,,
Sweden,Allsvenskan,2024,04/05/2024,16:30,Sirius,Hacken,0,3,A,2.52,3.86,2.65,2.52,3.9,2.75,2.43,3.72,2.62,,,,,,
Sweden,Allsvenskan,2024,05/05/2024,13:00,Elfsborg,Malmo FF,3,1,H,3.85,3.9,1.93,4,3.9,1.97,3.75,3.73,1.9,,,,,,
Sweden,Allsvenskan,2024,05/05/2024,13:00,Vasteras SK,Djurgarden,0,2,A,3.79,3.42,2.09,3.95,3.51,2.2,3.64,3.35,2.06,,,,,,
Sweden,Allsvenskan,2024,05/05/2024,15:30,AIK,Norrkoping,6,2,H,1.73,3.85,5.03,1.75,3.85,5.35,1.71,3.7,4.82,,,,,,
Sweden,Allsvenskan,2024,05/05/2024,15:30,Hammarby,Varnamo,1,2,A,1.51,4.39,6.79,1.52,4.5,7.08,1.48,4.31,6.56,,,,,,
Sweden,Allsvenskan,2024,06/05/2024,18:10,GAIS,Goteborg,2,1,H,2.94,3.22,2.62,2.94,3.35,2.62,2.83,3.22,2.52,,,,,,
Sweden,Allsvenskan,2024,11/05/2024,14:00,AIK,Sirius,1,3,A,1.76,3.79,4.93,1.76,4.09,5,1.72,3.79,4.66,,,,,,
Sweden,Allsvenskan,2024,11/05/2024,14:00,Halmstad,Mjallby,1,3,A,3.93,3.29,2.1,3.93,3.61,2.42,3.6,3.27,2.11,,,,,,
Sweden,Allsvenskan,2024,11/05/2024,16:30,GAIS,Vasteras SK,2,0,H,2.33,3.57,3.09,2.57,3.6,3.1,2.32,3.46,2.95,,,,,,
Sweden,Allsvenskan,2024,12/05/2024,13:00,Hacken,Kalmar,3,1,H,1.39,5.54,7.3,1.52,5.54,7.76,1.38,5.17,6.96,,,,,,
Sweden,Allsvenskan,2024,12/05/2024,13:00,Norrkoping,Hammarby,1,2,A,2.59,3.56,2.73,2.65,3.7,2.75,2.51,3.51,2.66,,,,,,
Sweden,Allsvenskan,2024,12/05/2024,15:30,Djurgarden,Elfsborg,2,0,H,2.1,3.48,3.69,2.16,3.6,4.13,2.06,3.42,3.56,,,,,,
Sweden,Allsvenskan,2024,12/05/2024,15:30,Varnamo,Brommapojkarna,1,1,D,3.25,3.49,2.28,3.5,3.6,2.3,3.16,3.45,2.2,,,,,,
Sweden,Allsvenskan,2024,13/05/2024,18:10,Goteborg,Malmo FF,0,3,A,4.2,3.62,1.92,4.45,3.75,1.94,4.09,3.57,1.87,,,,,,
Sweden,Allsvenskan,2024,15/05/2024,18:00,Elfsborg,AIK,6,1,H,2.28,3.6,3.15,2.33,3.6,3.2,2.24,3.45,3.09,,,,,,
Sweden,Allsvenskan,2024,15/05/2024,18:00,Halmstad,Hacken,3,0,H,4.29,4.04,1.8,4.33,4.05,1.82,4.17,3.93,1.77,,,,,,
Sweden,Allsvenskan,2024,15/05/2024,18:00,Mjallby,Hammarby,3,0,H,2.08,3.45,3.8,2.2,3.46,3.83,2.1,3.33,3.51,,,,,,
Sweden,Allsvenskan,2024,15/05/2024,18:00,Vasteras SK,Varnamo,0,2,A,2,3.84,3.64,2.03,3.9,3.83,1.96,3.69,3.61,,,,,,
Sweden,Allsvenskan,2024,16/05/2024,18:00,Brommapojkarna,Djurgarden,0,5,A,3.49,3.64,2.11,3.5,3.64,2.26,3.28,3.5,2.12,,,,,,
Sweden,Allsvenskan,2024,16/05/2024,18:00,Kalmar,Norrkoping,1,1,D,2.26,3.67,3.13,2.31,3.67,3.18,2.23,3.51,3.04,,,,,,
Sweden,Allsvenskan,2024,16/05/2024,18:00,Malmo FF,GAIS,1,0,H,1.32,5.56,9.76,1.35,5.6,9.76,1.31,5.32,8.97,,,,,,
Sweden,Allsvenskan,2024,16/05/2024,18:00,Sirius,Goteborg,2,2,D,2.41,3.55,2.97,2.44,3.6,3.08,2.32,3.46,2.92,,,,,,
Sweden,Allsvenskan,2024,19/05/2024,13:00,Brommapojkarna,Norrkoping,2,1,H,1.95,3.94,3.77,1.95,4,3.85,1.89,3.81,3.69,,,,,,
Sweden,Allsvenskan,2024,19/05/2024,13:00,Hammarby,AIK,2,1,H,2.88,3.42,2.55,2.88,3.6,2.65,2.74,3.38,2.48,,,,,,
Sweden,Allsvenskan,2024,19/05/2024,15:30,GAIS,Elfsborg,2,1,H,3.25,3.62,2.22,3.25,3.7,2.28,3.12,3.52,2.19,,,,,,
Sweden,Allsvenskan,2024,19/05/2024,15:30,Varnamo,Kalmar,0,2,A,2.17,3.47,3.5,2.25,3.5,3.5,2.14,3.37,3.36,,,,,,
Sweden,Allsvenskan,2024,20/05/2024,18:00,Djurgarden,Halmstad,2,0,H,1.34,5.36,9.66,1.36,5.45,12,1.32,5.12,9.17,,,,,,
Sweden,Allsvenskan,2024,20/05/2024,18:00,Sirius,Vasteras SK,0,0,D,2.41,3.61,2.93,2.42,3.75,2.98,2.33,3.58,2.83,,,,,,
Sweden,Allsvenskan,2024,20/05/2024,18:10,Hacken,Malmo FF,2,2,D,3.66,4.12,1.93,4.03,4.2,1.93,3.65,3.97,1.86,,,,,,
Sweden,Allsvenskan,2024,21/05/2024,18:00,Goteborg,Mjallby,1,0,H,2.36,3.36,3.21,2.45,3.45,3.21,2.29,3.33,3.06,,,,,,
Sweden,Allsvenskan,2024,24/05/2024,18:00,Elfsborg,Halmstad,2,0,H,1.35,5.56,8.34,1.37,5.87,9.1,1.33,5.34,7.99,,,,,,
Sweden,Allsvenskan,2024,24/05/2024,18:00,Malmo FF,Kalmar,5,0,H,1.21,7.01,13.87,1.23,7.3,15.2,1.2,6.68,13.56,,,,,,
Sweden,Allsvenskan,2024,25/05/2024,15:00,GAIS,Hacken,3,0,H,3.08,3.84,2.23,3.09,3.9,2.25,2.97,3.73,2.18,,,,,,
Sweden,Allsvenskan,2024,25/05/2024,16:30,Mjallby,Djurgarden,1,3,A,3.04,3.28,2.51,3.25,3.45,2.51,3,3.24,2.39,,,,,,
Sweden,Allsvenskan,2024,26/05/2024,13:00,Hammarby,Sirius,3,0,H,2.21,3.66,3.24,2.23,3.75,3.36,2.15,3.58,3.16,,,,,,
Sweden,Allsvenskan,2024,26/05/2024,15:30,Vasteras SK,Brommapojkarna,1,1,D,2.16,3.71,3.32,2.19,3.75,3.45,2.09,3.62,3.25,,,,,,
Sweden,Allsvenskan,2024,27/05/2024,18:00,Norrkoping,Varnamo,0,4,A,2.1,3.67,3.51,2.13,3.75,3.75,2.03,3.6,3.4,,,,,,
Sweden,Allsvenskan,2024,27/05/2024,18:10,AIK,Goteborg,5,2,H,2.03,3.61,3.77,2.06,3.77,3.85,1.99,3.5,3.64,,,,,,
Sweden,Allsvenskan,2024,28/05/2024,18:00,Malmo FF,Elfsborg,2,1,H,1.44,4.78,7.53,1.46,5.11,7.54,1.42,4.71,6.9,,,,,,
Sweden,Allsvenskan,2024,29/05/2024,18:00,Mjallby,Hacken,2,1,H,2.48,3.53,2.89,2.54,3.6,2.92,2.42,3.46,2.76,,,,,,
Sweden,Allsvenskan,2024,01/06/2024,14:00,Brommapojkarna,Malmo FF,2,2,D,5.58,4.64,1.56,5.61,4.68,1.61,5.18,4.39,1.56,,,,,,
Sweden,Allsvenskan,2024,01/06/2024,14:00,Goteborg,Elfsborg,1,0,H,2.8,3.58,2.52,2.85,3.67,2.58,2.72,3.5,2.44,,,,,,
Sweden,Allsvenskan,2024,01/06/2024,16:30,Halmstad,GAIS,4,0,H,4,3.51,2,4,3.6,2.15,3.76,3.44,1.98,,,,,,
Sweden,Allsvenskan,2024,01/06/2024,16:30,Sirius,Norrkoping,5,1,H,1.86,3.99,4.02,1.89,4.1,4.54,1.79,3.92,4.02,,,,,,
Sweden,Allsvenskan,2024,02/06/2024,13:00,Djurgarden,Hammarby,0,3,A,1.74,3.96,4.79,1.79,4.13,4.79,1.74,3.9,4.31,,,,,,
Sweden,Allsvenskan,2024,02/06/2024,13:00,Kalmar,Vasteras SK,0,4,A,2.8,3.4,2.62,2.8,3.55,2.68,2.7,3.36,2.54,,,,,,
Sweden,Allsvenskan,2024,02/06/2024,15:30,Hacken,AIK,4,1,H,1.93,4.08,3.66,1.96,4.1,3.76,1.9,3.92,3.53,,,,,,
Sweden,Allsvenskan,2024,02/06/2024,15:30,Varnamo,Mjallby,1,2,A,2.71,3.25,2.81,2.75,3.3,2.84,2.65,3.16,2.71,,,,,,
Sweden,Allsvenskan,2024,06/07/2024,14:00,Elfsborg,Brommapojkarna,3,0,H,1.78,4.22,4.23,1.8,4.3,4.5,1.74,4.07,4.16,,,,,,
Sweden,Allsvenskan,2024,06/07/2024,14:00,Mjallby,Sirius,3,2,H,2.01,3.58,3.88,2.02,3.63,4,1.95,3.51,3.75,,,,,,
Sweden,Allsvenskan,2024,07/07/2024,13:00,AIK,Kalmar,1,2,A,1.45,4.76,7.14,1.51,4.76,7.9,1.44,4.53,6.69,,,,,,
Sweden,Allsvenskan,2024,07/07/2024,13:00,Varnamo,Goteborg,2,0,H,2.56,3.47,2.82,2.63,3.6,2.82,2.5,3.45,2.67,,,,,,
Sweden,Allsvenskan,2024,07/07/2024,15:30,GAIS,Hammarby,0,0,D,2.22,3.55,3.29,2.22,3.7,3.35,2.15,3.53,3.18,,,,,,
Sweden,Allsvenskan,2024,07/07/2024,15:30,Malmo FF,Halmstad,5,1,H,1.17,8.6,14.91,1.2,9.6,17,1.15,8.11,14.93,,,,,,
Sweden,Allsvenskan,2024,08/07/2024,18:00,Norrkoping,Djurgarden,1,3,A,4.8,3.88,1.75,4.8,4.1,1.78,4.48,3.87,1.72,,,,,,
Sweden,Allsvenskan,2024,08/07/2024,18:00,Vasteras SK,Hacken,1,2,A,3.01,3.95,2.23,3.2,4,2.3,3,3.79,2.15,,,,,,
Sweden,Allsvenskan,2024,13/07/2024,14:00,Mjallby,Malmo FF,2,1,H,4.84,4.06,1.71,5.1,4.36,1.72,4.78,4.07,1.65,5.4,4.2,1.72,,,
Sweden,Allsvenskan,2024,13/07/2024,16:30,Sirius,GAIS,3,1,H,2.17,3.72,3.28,2.2,3.75,3.4,2.1,3.62,3.24,2.18,3.8,3.5,,,
Sweden,Allsvenskan,2024,14/07/2024,13:00,Djurgarden,Varnamo,1,0,H,1.51,4.59,6.37,1.53,4.7,6.5,1.49,4.42,6.03,1.53,4.8,7,,,
Sweden,Allsvenskan,2024,14/07/2024,15:30,Hacken,Elfsborg,3,5,A,1.99,3.95,3.57,2,4.1,3.69,1.91,3.92,3.53,2.02,4.1,3.75,,,
Sweden,Allsvenskan,2024,14/07/2024,15:30,Kalmar,Brommapojkarna,0,1,A,2.58,3.65,2.69,2.6,3.75,2.73,2.53,3.57,2.6,2.62,3.85,2.78,,,
Sweden,Allsvenskan,2024,14/07/2024,15:30,Vasteras SK,Norrkoping,2,1,H,1.68,4.22,4.88,1.73,4.3,4.9,1.66,4.12,4.62,1.72,4.3,5.1,,,
Sweden,Allsvenskan,2024,15/07/2024,18:00,Halmstad,AIK,1,2,A,3.95,4,1.88,3.95,4,1.93,3.8,3.85,1.86,4.2,4.1,1.91,,,
Sweden,Allsvenskan,2024,15/07/2024,18:00,Hammarby,Goteborg,0,1,A,2.06,3.83,3.49,2.07,3.9,3.63,1.99,3.73,3.46,2.12,3.9,3.6,,,
Sweden,Allsvenskan,2024,19/07/2024,18:00,Sirius,Malmo FF,3,4,A,6.05,4.78,1.51,6.05,4.78,1.56,5.76,4.63,1.49,6.6,4.9,1.54,,,
Sweden,Allsvenskan,2024,20/07/2024,14:00,Kalmar,Djurgarden,2,1,H,4.27,3.79,1.86,4.5,3.82,1.9,4.19,3.69,1.82,4.5,3.9,1.9,,,
Sweden,Allsvenskan,2024,20/07/2024,14:00,Varnamo,Hacken,2,2,D,2.83,3.89,2.37,3,3.9,2.39,2.82,3.76,2.28,2.92,3.95,2.44,,,
Sweden,Allsvenskan,2024,20/07/2024,16:30,Brommapojkarna,Hammarby,0,2,A,2.16,3.88,3.2,2.22,3.98,3.2,2.12,3.79,3.08,2.22,4,3.3,,,
Sweden,Allsvenskan,2024,21/07/2024,13:00,Norrkoping,Halmstad,1,0,H,1.87,3.94,4.04,1.92,4,4.04,1.86,3.84,3.84,1.93,4,4.2,,,
Sweden,Allsvenskan,2024,21/07/2024,15:30,Elfsborg,Mjallby,3,1,H,1.83,3.79,4.47,1.98,3.9,4.47,1.83,3.74,4.07,1.87,3.9,4.7,,,
Sweden,Allsvenskan,2024,21/07/2024,15:30,Goteborg,Vasteras SK,1,1,D,2.04,3.78,3.59,2.21,3.8,3.66,2.04,3.64,3.39,2.04,3.9,3.8,,,
Sweden,Allsvenskan,2024,22/07/2024,18:00,GAIS,AIK,2,0,H,2.77,3.69,2.49,2.78,3.69,2.49,2.7,3.56,2.44,2.84,3.7,2.6,,,
Sweden,Allsvenskan,2024,27/07/2024,14:00,Norrkoping,Kalmar,2,0,H,2.38,3.69,2.93,2.42,3.7,2.95,2.33,3.55,2.86,2.46,3.65,3.05,,,
Sweden,Allsvenskan,2024,27/07/2024,16:30,Goteborg,Brommapojkarna,3,4,A,2.04,3.69,3.66,2.1,3.75,3.71,1.99,3.64,3.52,2.08,3.8,3.75,,,
Sweden,Allsvenskan,2024,27/07/2024,16:30,Malmo FF,Sirius,0,1,A,1.27,6.45,9.75,1.3,6.5,10,1.27,6.03,9.1,1.29,6.8,11.5,,,
Sweden,Allsvenskan,2024,27/07/2024,19:00,Halmstad,Varnamo,1,0,H,3.5,3.21,2.29,3.51,3.4,2.31,3.34,3.2,2.23,3.55,3.35,2.34,,,
Sweden,Allsvenskan,2024,28/07/2024,15:30,Elfsborg,Djurgarden,1,2,A,2.17,3.57,3.42,2.19,3.7,3.42,2.12,3.53,3.27,2.2,3.65,3.55,,,
Sweden,Allsvenskan,2024,28/07/2024,15:30,Hacken,Vasteras SK,4,0,H,1.55,4.95,5.25,1.57,5,5.4,1.53,4.79,4.99,1.57,5.1,5.7,,,
Sweden,Allsvenskan,2024,28/07/2024,15:30,Hammarby,Mjallby,3,0,H,2.11,3.76,3.39,2.17,3.78,3.39,2.1,3.66,3.22,2.2,3.75,3.55,,,
Sweden,Allsvenskan,2024,29/07/2024,18:00,AIK,GAIS,0,1,A,1.93,3.84,3.71,2,3.97,4.15,1.91,3.76,3.69,1.98,4,4,,,
Sweden,Allsvenskan,2024,03/08/2024,14:00,GAIS,Norrkoping,0,1,A,1.76,3.88,4.78,1.8,4.1,4.83,1.75,3.81,4.41,1.81,3.95,4.9,,,
Sweden,Allsvenskan,2024,03/08/2024,14:00,Vasteras SK,AIK,1,2,A,3.06,3.46,2.4,3.1,3.65,2.45,2.85,3.46,2.37,3.05,3.65,2.46,,,
Sweden,Allsvenskan,2024,03/08/2024,16:30,Brommapojkarna,Halmstad,4,1,H,1.54,4.35,6.33,1.56,4.5,6.35,1.53,4.26,5.86,1.58,4.5,6.6,,,
Sweden,Allsvenskan,2024,04/08/2024,13:00,Djurgarden,Goteborg,1,1,D,1.71,4.01,4.9,1.72,4.2,5.6,1.64,3.98,5.02,1.7,4.2,5.6,,,
Sweden,Allsvenskan,2024,04/08/2024,13:00,Varnamo,Sirius,2,4,A,2.37,3.64,2.97,2.47,3.65,3.14,2.34,3.48,2.89,2.5,3.65,3.05,,,
Sweden,Allsvenskan,2024,04/08/2024,15:30,Kalmar,Hammarby,1,4,A,3.33,3.64,2.18,3.75,3.66,2.25,3.24,3.53,2.14,3.4,3.7,2.26,,,
Sweden,Allsvenskan,2024,10/08/2024,14:00,Halmstad,Malmo FF,0,1,A,9.28,5.47,1.34,10,5.6,1.37,8.58,5.2,1.33,10.5,5.7,1.36,,,
Sweden,Allsvenskan,2024,10/08/2024,14:00,Norrkoping,Vasteras SK,2,1,H,2.73,3.6,2.57,2.78,3.65,2.66,2.64,3.5,2.53,2.8,3.6,2.68,,,
Sweden,Allsvenskan,2024,10/08/2024,16:30,Goteborg,Varnamo,0,0,D,2.03,3.68,3.72,2.11,3.71,3.84,2.01,3.54,3.57,2.1,3.65,3.85,,,
Sweden,Allsvenskan,2024,11/08/2024,15:00,AIK,Mjallby,1,0,H,1.76,3.92,4.68,1.91,4,5.2,1.69,3.83,4.84,1.7,4.1,5.7,,,
Sweden,Allsvenskan,2024,11/08/2024,15:00,Elfsborg,GAIS,2,1,H,1.65,4.32,5.04,1.75,4.33,5.04,1.64,4.2,4.73,1.69,4.4,5.3,,,
Sweden,Allsvenskan,2024,11/08/2024,15:00,Sirius,Kalmar,3,1,H,1.71,4.12,4.8,1.73,4.35,5,1.68,4.03,4.63,1.77,4.1,5,,,
Sweden,Allsvenskan,2024,12/08/2024,18:00,Hammarby,Brommapojkarna,3,3,D,2.01,4.09,3.42,2.01,4.15,3.8,1.92,3.97,3.48,1.99,4.2,3.75,,,
Sweden,Allsvenskan,2024,17/08/2024,14:00,Goteborg,Sirius,1,1,D,2.34,3.75,2.94,2.35,3.75,3.2,2.26,3.61,2.95,2.38,3.7,3.15,,,
Sweden,Allsvenskan,2024,17/08/2024,14:00,Malmo FF,Norrkoping,2,1,H,1.38,5.47,7.49,1.42,5.47,7.95,1.37,5.19,7.17,1.4,5.8,8.4,,,
Sweden,Allsvenskan,2024,17/08/2024,14:00,Varnamo,Hammarby,0,3,A,2.87,3.37,2.58,2.87,3.5,2.58,2.76,3.37,2.49,2.88,3.5,2.66,,,
Sweden,Allsvenskan,2024,17/08/2024,16:30,Vasteras SK,Kalmar,2,1,H,1.78,3.84,4.7,1.78,4,4.7,1.74,3.86,4.48,1.8,4.1,4.7,,,
Sweden,Allsvenskan,2024,18/08/2024,13:00,Brommapojkarna,Hacken,1,3,A,2.92,4.05,2.25,2.93,4.2,2.33,2.83,3.93,2.22,2.98,4.1,2.32,,,
Sweden,Allsvenskan,2024,18/08/2024,13:00,Djurgarden,AIK,0,2,A,2.28,3.22,3.51,2.35,3.5,3.53,2.2,3.27,3.36,2.32,3.35,3.6,,,
Sweden,Allsvenskan,2024,18/08/2024,13:00,Mjallby,Elfsborg,1,1,D,2.89,3.42,2.54,2.93,3.5,2.58,2.81,3.33,2.48,2.96,3.5,2.62,,,
Sweden,Allsvenskan,2024,18/08/2024,15:30,GAIS,Halmstad,3,1,H,1.49,4.48,7.06,1.5,4.5,7.1,1.47,4.36,6.69,1.51,4.6,7.8,,,
Sweden,Allsvenskan,2024,24/08/2024,14:00,Kalmar,Malmo FF,2,2,D,5.56,4.46,1.58,6,4.7,1.59,5.68,4.33,1.53,6.4,4.7,1.57,,,
Sweden,Allsvenskan,2024,25/08/2024,13:00,Elfsborg,Goteborg,3,1,H,1.82,4,4.24,1.82,4.1,4.49,1.77,3.91,4.23,1.82,4.1,4.7,,,
Sweden,Allsvenskan,2024,25/08/2024,13:00,Sirius,Djurgarden,0,1,A,2.37,3.48,3.09,2.38,3.6,3.09,2.31,3.44,3,2.46,3.6,3.1,,,
Sweden,Allsvenskan,2024,25/08/2024,15:30,AIK,Brommapojkarna,2,1,H,1.77,4.11,4.38,1.8,4.12,4.6,1.75,3.94,4.29,1.78,4.2,4.7,,,
Sweden,Allsvenskan,2024,25/08/2024,15:30,Hacken,Varnamo,1,1,D,1.75,4.27,4.27,1.76,4.33,4.64,1.72,4.12,4.3,1.75,4.4,4.7,,,
Sweden,Allsvenskan,2024,26/08/2024,18:00,Halmstad,Vasteras SK,0,1,A,3.7,3.47,2.1,3.7,3.6,2.17,3.47,3.43,2.11,3.7,3.6,2.18,,,
Sweden,Allsvenskan,2024,26/08/2024,18:00,Hammarby,GAIS,0,0,D,1.81,4.06,4.22,1.81,4.15,4.3,1.77,3.96,4.15,1.83,4.2,4.5,,,
Sweden,Allsvenskan,2024,26/08/2024,18:00,Norrkoping,Mjallby,1,2,A,2.6,3.47,2.78,2.6,3.5,2.78,2.53,3.43,2.71,2.64,3.6,2.86,,,
Sweden,Allsvenskan,2024,31/08/2024,14:00,GAIS,Kalmar,1,1,D,1.83,3.8,4.44,1.85,3.95,4.5,1.79,3.72,4.3,1.88,3.95,4.6,,,
Sweden,Allsvenskan,2024,31/08/2024,14:00,Varnamo,AIK,0,1,A,4.08,3.4,2.02,4.08,3.5,2.06,3.8,3.37,2.01,4.2,3.45,2.08,,,
Sweden,Allsvenskan,2024,31/08/2024,16:30,Mjallby,Halmstad,3,1,H,1.53,4.36,6.37,1.54,4.36,6.51,1.51,4.19,6.25,1.56,4.4,7,,,
Sweden,Allsvenskan,2024,31/08/2024,16:30,Vasteras SK,Sirius,1,2,A,2.33,3.69,2.99,2.47,3.85,2.99,2.35,3.62,2.81,2.44,3.85,2.96,,,
Sweden,Allsvenskan,2024,01/09/2024,13:00,Brommapojkarna,Elfsborg,3,3,D,3.09,3.73,2.27,3.09,3.81,2.43,2.85,3.69,2.29,3.05,3.85,2.38,,,
Sweden,Allsvenskan,2024,01/09/2024,13:00,Malmo FF,Djurgarden,4,0,H,1.6,4.19,5.77,1.6,4.4,6,1.55,4.14,5.75,1.62,4.3,6.2,,,
Sweden,Allsvenskan,2024,01/09/2024,15:30,Goteborg,Hammarby,0,1,A,2.61,3.62,2.67,2.65,3.68,2.67,2.55,3.53,2.59,2.74,3.65,2.72,,,
Sweden,Allsvenskan,2024,01/09/2024,15:30,Norrkoping,Hacken,3,3,D,3.11,4.03,2.15,3.15,4.1,2.15,3.04,3.94,2.1,3.25,4.2,2.16,,,
Sweden,Allsvenskan,2024,14/09/2024,14:00,Vasteras SK,GAIS,2,3,A,2.2,3.66,3.27,2.21,3.67,3.4,2.15,3.56,3.2,2.24,3.75,3.4,,,
Sweden,Allsvenskan,2024,15/09/2024,13:00,AIK,Malmo FF,0,0,D,3.07,3.49,2.37,3.4,3.55,2.4,3.04,3.4,2.29,3.15,3.6,2.44,,,
Sweden,Allsvenskan,2024,15/09/2024,13:00,Djurgarden,Mjallby,1,1,D,1.76,3.72,5.03,1.78,3.86,5.03,1.72,3.72,4.79,1.78,4,5.2,,,
Sweden,Allsvenskan,2024,15/09/2024,13:00,Sirius,Brommapojkarna,3,2,H,1.87,4.06,3.81,2.06,4.13,3.81,1.93,3.95,3.47,1.99,4.3,3.7,,,
Sweden,Allsvenskan,2024,15/09/2024,15:30,Hacken,Goteborg,3,3,D,1.71,4.4,4.46,1.73,4.4,4.8,1.68,4.26,4.42,1.74,4.6,4.8,,,
Sweden,Allsvenskan,2024,15/09/2024,15:30,Halmstad,Elfsborg,0,1,A,9.3,5.62,1.33,10,5.7,1.38,9.1,5.25,1.32,10,5.7,1.37,,,
Sweden,Allsvenskan,2024,15/09/2024,15:30,Kalmar,Varnamo,3,1,H,2.75,3.39,2.67,2.75,3.4,2.85,2.65,3.3,2.65,2.8,3.45,2.78,,,
Sweden,Allsvenskan,2024,16/09/2024,18:10,Hammarby,Norrkoping,1,1,D,1.55,4.48,5.9,1.55,4.8,6.5,1.5,4.49,5.93,1.56,4.7,6.4,,,
Sweden,Allsvenskan,2024,18/09/2024,18:00,GAIS,Malmo FF,0,0,D,4.45,3.99,1.78,5,4.3,1.82,4.54,3.94,1.71,4.7,4,1.83,,,
Sweden,Allsvenskan,2024,19/09/2024,18:00,Elfsborg,Norrkoping,2,2,D,1.25,6.6,10.82,1.29,6.6,12,1.26,6.05,9.83,1.28,7,12,,,
Sweden,Allsvenskan,2024,19/09/2024,18:00,Hacken,Djurgarden,1,2,A,2.16,3.8,3.26,2.27,3.9,3.26,2.16,3.74,3.06,2.2,3.9,3.4,,,
Sweden,Allsvenskan,2024,21/09/2024,14:00,Kalmar,AIK,0,1,A,4.21,3.54,1.94,4.33,3.6,1.99,4.15,3.46,1.89,4.6,3.7,1.93,,,
Sweden,Allsvenskan,2024,21/09/2024,16:30,Brommapojkarna,Mjallby,0,0,D,2.4,3.72,2.87,2.48,3.75,2.88,2.39,3.63,2.75,2.54,3.8,2.86,,,
Sweden,Allsvenskan,2024,22/09/2024,13:00,Elfsborg,Hammarby,0,0,D,1.76,4.27,4.26,1.78,4.3,4.3,1.74,4.13,4.13,1.8,4.4,4.5,,,
Sweden,Allsvenskan,2024,22/09/2024,13:00,GAIS,Djurgarden,3,0,H,2.93,3.32,2.56,3,3.4,2.56,2.85,3.29,2.47,3.05,3.45,2.6,,,
Sweden,Allsvenskan,2024,22/09/2024,13:00,Varnamo,Vasteras SK,2,0,H,2.37,3.54,3.03,2.4,3.55,3.06,2.32,3.44,2.95,2.42,3.55,3.15,,,
Sweden,Allsvenskan,2024,22/09/2024,15:30,Malmo FF,Hacken,4,0,H,1.48,5.07,6.07,1.5,5.2,6.25,1.47,4.86,5.83,1.52,5.3,6.2,,,
Sweden,Allsvenskan,2024,23/09/2024,18:00,Goteborg,Halmstad,1,1,D,1.58,4.14,6.1,1.58,4.4,6.75,1.52,4.2,6.12,1.61,4.3,6.6,,,
Sweden,Allsvenskan,2024,25/09/2024,18:00,Djurgarden,Brommapojkarna,2,1,H,1.79,4.03,4.38,1.8,4.03,4.5,1.77,3.9,4.21,1.85,4.1,4.5,,,
Sweden,Allsvenskan,2024,25/09/2024,18:00,Mjallby,Varnamo,1,1,D,2.16,3.41,3.61,2.2,3.5,3.9,2.11,3.33,3.51,2.2,3.45,3.75,,,
Sweden,Allsvenskan,2024,25/09/2024,18:00,Sirius,AIK,0,1,A,2.61,3.29,2.89,2.66,3.3,2.89,2.56,3.23,2.78,2.68,3.4,2.94,,,
Sweden,Allsvenskan,2024,26/09/2024,18:00,Halmstad,Kalmar,2,2,D,3.08,3.22,2.52,3.17,3.25,2.61,2.99,3.14,2.47,3.1,3.35,2.58,,,
Sweden,Allsvenskan,2024,26/09/2024,18:00,Hammarby,Hacken,2,0,H,2.15,4.06,3.1,2.2,4.06,3.11,2.13,3.89,3,2.2,4.2,3.2,,,
Sweden,Allsvenskan,2024,26/09/2024,18:00,Vasteras SK,Goteborg,1,1,D,2.02,3.86,3.57,2.04,3.86,3.68,1.98,3.68,3.56,2.08,3.85,3.7,,,
Sweden,Allsvenskan,2024,29/09/2024,13:00,AIK,Hammarby,1,0,H,2.14,3.18,3.95,2.2,3.25,3.95,2.12,3.14,3.71,2.2,3.2,4.1,,,
Sweden,Allsvenskan,2024,29/09/2024,13:00,Halmstad,Norrkoping,0,0,D,2.93,3.21,2.63,2.93,3.27,2.63,2.85,3.18,2.53,3,3.3,2.68,,,
Sweden,Allsvenskan,2024,29/09/2024,13:00,Varnamo,Djurgarden,1,1,D,3.28,3.37,2.32,3.35,3.5,2.32,3.18,3.32,2.25,3.4,3.45,2.36,,,
Sweden,Allsvenskan,2024,29/09/2024,15:30,Hacken,Sirius,2,0,H,1.8,4.29,4.05,1.82,4.3,4.11,1.78,4.14,3.94,1.82,4.3,4.3,,,
Sweden,Allsvenskan,2024,29/09/2024,15:30,Kalmar,Elfsborg,1,3,A,4.16,3.84,1.87,4.5,3.84,1.91,4.03,3.72,1.84,4.4,4,1.89,,,
Sweden,Allsvenskan,2024,29/09/2024,15:30,Malmo FF,Mjallby,2,0,H,1.56,4.42,5.83,1.61,4.42,6.25,1.56,4.21,5.49,1.61,4.5,6.2,,,
Sweden,Allsvenskan,2024,30/09/2024,18:00,Brommapojkarna,Vasteras SK,2,1,H,2.27,3.93,2.95,2.31,4,3,2.24,3.82,2.87,2.34,4,3,,,
Sweden,Allsvenskan,2024,30/09/2024,18:10,Goteborg,GAIS,2,0,H,2.84,3.6,2.48,2.88,3.6,2.52,2.77,3.52,2.42,2.96,3.65,2.56,,,
Sweden,Allsvenskan,2024,03/10/2024,18:00,Norrkoping,Sirius,0,2,A,2.83,3.56,2.51,2.85,3.75,2.51,2.76,3.52,2.43,2.88,3.65,2.58,,,
Sweden,Allsvenskan,2024,05/10/2024,14:00,Hammarby,Halmstad,1,0,H,1.32,5.61,9.52,1.38,5.62,9.95,1.34,5.12,8.55,1.39,5.5,9.4,,,
Sweden,Allsvenskan,2024,05/10/2024,14:00,Mjallby,Vasteras SK,2,1,H,1.93,3.83,3.92,1.98,3.87,3.92,1.9,3.73,3.77,1.96,3.9,4.1,,,
Sweden,Allsvenskan,2024,05/10/2024,16:30,Brommapojkarna,GAIS,2,0,H,2.19,3.92,3.12,2.28,3.92,3.25,2.14,3.75,3.08,2.24,3.9,3.3,,,
Sweden,Allsvenskan,2024,06/10/2024,13:00,AIK,Hacken,0,2,A,1.98,3.68,3.88,2.04,3.75,3.91,1.96,3.55,3.73,2.06,3.7,4,,,
Sweden,Allsvenskan,2024,06/10/2024,13:00,Djurgarden,Kalmar,1,1,D,1.51,4.55,6.51,1.51,4.6,7,1.48,4.43,6.33,1.53,4.7,7.4,,,
Sweden,Allsvenskan,2024,06/10/2024,15:30,Malmo FF,Varnamo,1,1,D,1.41,5.02,7.64,1.42,5.1,8,1.39,4.88,7.48,1.41,5.4,9.2,,,
Sweden,Allsvenskan,2024,06/10/2024,15:30,Norrkoping,Goteborg,0,2,A,2.24,3.44,3.37,2.27,3.5,3.37,2.21,3.38,3.2,2.32,3.5,3.4,,,
Sweden,Allsvenskan,2024,06/10/2024,15:30,Sirius,Elfsborg,4,1,H,2.88,3.76,2.38,2.95,3.8,2.44,2.83,3.67,2.31,3,3.85,2.4,,,
Sweden,Allsvenskan,2024,19/10/2024,14:00,Elfsborg,Hacken,1,3,A,1.81,4.25,4.03,1.83,4.3,4.04,1.78,4.17,3.89,1.84,4.5,4.1,,,
Sweden,Allsvenskan,2024,19/10/2024,14:00,Vasteras SK,Malmo FF,1,1,D,4.77,4.25,1.69,5.3,4.4,1.7,4.72,4.2,1.65,5.3,4.5,1.68,,,
Sweden,Allsvenskan,2024,19/10/2024,16:30,Halmstad,Sirius,3,1,H,3.85,3.99,1.91,3.9,3.99,2,3.72,3.74,1.92,4,3.9,2.02,,,
Sweden,Allsvenskan,2024,20/10/2024,13:00,Kalmar,Mjallby,0,3,A,3.03,3.45,2.42,3.1,3.46,2.47,2.95,3.36,2.36,3.2,3.45,2.46,,,
Sweden,Allsvenskan,2024,20/10/2024,15:30,GAIS,Varnamo,0,0,D,2.23,3.56,3.27,2.35,3.56,3.27,2.23,3.42,3.13,2.36,3.55,3.3,,,
Sweden,Allsvenskan,2024,21/10/2024,13:00,Hammarby,Djurgarden,2,0,H,2.36,3.21,3.35,2.5,3.25,3.35,2.35,3.17,3.16,2.48,3.3,3.4,,,
Sweden,Allsvenskan,2024,21/10/2024,18:00,Norrkoping,Brommapojkarna,1,1,D,2.24,3.5,3.32,2.29,3.7,3.37,2.18,3.5,3.2,2.28,3.7,3.35,,,
Sweden,Allsvenskan,2024,21/10/2024,18:10,Goteborg,AIK,1,2,A,2.98,3.17,2.63,3.1,3.2,2.63,2.9,3.11,2.54,3.05,3.2,2.7,,,
Sweden,Allsvenskan,2024,26/10/2024,14:00,Mjallby,GAIS,1,1,D,1.63,4.08,5.56,1.68,4.1,5.56,1.63,3.97,5.22,1.69,4.2,5.7,,,
Sweden,Allsvenskan,2024,26/10/2024,14:00,Sirius,Hammarby,0,3,A,3.15,3.65,2.27,3.19,3.75,2.3,3.04,3.55,2.23,3.2,3.75,2.34,,,
Sweden,Allsvenskan,2024,26/10/2024,16:30,Brommapojkarna,Kalmar,1,2,A,2.2,3.64,3.29,2.2,3.75,3.5,2.12,3.62,3.21,2.2,3.8,3.5,,,
Sweden,Allsvenskan,2024,27/10/2024,13:00,AIK,Elfsborg,2,1,H,2.11,3.42,3.63,2.15,3.42,3.75,2.09,3.33,3.59,2.16,3.55,3.8,,,
Sweden,Allsvenskan,2024,27/10/2024,13:00,Varnamo,Norrkoping,1,2,A,2.08,3.19,4.18,2.12,3.4,4.3,2.01,3.24,4,2.1,3.35,4.2,,,
Sweden,Allsvenskan,2024,27/10/2024,15:30,Hacken,Halmstad,0,1,A,1.48,5.13,6.03,1.48,5.29,6.5,1.44,4.97,6.06,1.47,5.4,7,,,
Sweden,Allsvenskan,2024,28/10/2024,18:00,Djurgarden,Vasteras SK,2,1,H,1.56,4.51,5.66,1.61,4.51,5.66,1.56,4.3,5.41,1.61,4.6,6,,,
Sweden,Allsvenskan,2024,28/10/2024,18:10,Malmo FF,Goteborg,2,1,H,1.44,4.63,7.77,1.49,4.9,7.77,1.43,4.58,7.04,1.47,4.9,8.2,,,
Sweden,Allsvenskan,2024,02/11/2024,14:00,Elfsborg,Vasteras SK,1,0,H,1.55,4.7,5.61,1.6,4.9,6.2,1.53,4.54,5.37,1.61,4.8,5.6,,,
Sweden,Allsvenskan,2024,02/11/2024,14:00,Hammarby,Malmo FF,2,2,D,1.73,4.06,4.71,1.79,4.3,5,1.66,4.04,4.74,1.69,4.3,5.6,,,
Sweden,Allsvenskan,2024,02/11/2024,16:30,Goteborg,Kalmar,1,1,D,1.95,3.51,4.2,2.04,3.6,4.25,1.94,3.45,3.95,2.02,3.5,4.4,,,
Sweden,Allsvenskan,2024,03/11/2024,13:00,Brommapojkarna,Varnamo,0,1,A,3.19,3.68,2.27,3.19,3.75,2.28,3.03,3.6,2.21,3.2,3.85,2.28,,,
Sweden,Allsvenskan,2024,03/11/2024,13:00,Hacken,GAIS,1,2,A,1.91,4.3,3.59,1.95,4.5,3.95,1.86,4.2,3.53,1.9,4.4,4,,,
Sweden,Allsvenskan,2024,03/11/2024,15:30,Halmstad,Djurgarden,1,0,H,4.16,3.58,1.94,4.6,3.7,1.96,4.12,3.53,1.88,4.5,3.75,1.9,,,
Sweden,Allsvenskan,2024,03/11/2024,15:30,Sirius,Mjallby,1,1,D,2.88,3.74,2.39,2.88,3.75,2.43,2.77,3.65,2.35,2.92,3.8,2.5,,,
Sweden,Allsvenskan,2024,04/11/2024,18:10,Norrkoping,AIK,1,0,H,3.17,3.24,2.44,3.35,3.26,2.45,3.12,3.19,2.35,3.8,3.3,2.22,,,
Sweden,Allsvenskan,2024,10/11/2024,14:00,AIK,Halmstad,5,1,H,1.46,4.37,7.99,1.48,4.5,8.5,1.44,4.27,7.81,1.46,4.7,9.2,,,
Sweden,Allsvenskan,2024,10/11/2024,14:00,Djurgarden,Norrkoping,3,1,H,1.27,5.82,11.75,1.29,6.4,12,1.26,5.73,10.72,1.3,6.2,13,,,
Sweden,Allsvenskan,2024,10/11/2024,14:00,GAIS,Sirius,2,1,H,2.02,3.99,3.41,2.12,4,3.45,2.01,3.87,3.3,2.16,4,3.4,,,
Sweden,Allsvenskan,2024,10/11/2024,14:00,Kalmar,Hacken,1,0,H,2.85,4.08,2.26,2.88,4.25,2.27,2.77,4.03,2.22,2.9,4.2,2.34,,,
Sweden,Allsvenskan,2024,10/11/2024,14:00,Malmo FF,Brommapojkarna,2,1,H,1.26,6.44,10.06,1.29,6.75,11,1.25,6.31,9.85,1.3,6.8,10,,,
Sweden,Allsvenskan,2024,10/11/2024,14:00,Mjallby,Goteborg,1,0,H,2.39,3.62,2.91,2.48,3.65,2.97,2.35,3.53,2.87,2.44,3.7,3.05,,,
Sweden,Allsvenskan,2024,10/11/2024,14:00,Varnamo,Elfsborg,0,0,D,1.92,3.75,3.98,1.92,3.85,4.2,1.87,3.69,3.95,1.94,3.9,4.2,,,
Sweden,Allsvenskan,2024,10/11/2024,14:00,Vasteras SK,Hammarby,1,0,H,2.86,3.84,2.33,3,3.89,2.36,2.82,3.73,2.29,3,3.9,2.34,,,
Sweden,Allsvenskan,2024,21/11/2024,18:00,Landskrona,Varnamo,2,2,D,4.52,3.25,1.95,4.52,3.3,2.02,4.31,3.15,1.95,4.8,3.4,2,,,
Sweden,Allsvenskan,2024,24/11/2024,14:00,Varnamo,Landskrona,1,0,H,1.61,3.89,6.11,1.67,4.1,6.5,1.58,3.82,6.06,1.62,4.1,6.6,,,
Sweden,Allsvenskan,2025,29/03/2025,14:00,Djurgarden,Malmo FF,0,1,A,2.8,3.29,2.69,2.9,3.4,2.7,2.73,3.26,2.61,2.92,3.3,2.76,,,
Sweden,Allsvenskan,2025,29/03/2025,16:30,Hacken,Brommapojkarna,2,0,H,1.64,4.31,5.15,1.64,4.35,5.7,1.6,4.23,5.1,1.64,4.3,5.7,,,
Sweden,Allsvenskan,2025,30/03/2025,13:00,Elfsborg,Mjallby,2,2,D,2.26,3.26,3.51,2.31,3.35,3.6,2.21,3.21,3.37,2.32,3.25,3.75,,,
Sweden,Allsvenskan,2025,30/03/2025,13:00,Hammarby,Goteborg,4,0,H,1.94,3.55,4.2,2.03,3.6,4.2,1.94,3.5,3.89,1.97,3.7,4.3,,,
Sweden,Allsvenskan,2025,30/03/2025,15:30,Halmstad,Degerfors,0,5,A,2.33,3.11,3.54,2.38,3.15,3.6,2.29,3.06,3.39,2.42,3.2,3.55,,,
Sweden,Allsvenskan,2025,30/03/2025,15:30,Norrkoping,Oster,4,3,H,1.97,3.72,3.86,2.06,3.75,3.9,1.98,3.58,3.68,2.06,3.75,3.9,,,
Sweden,Allsvenskan,2025,31/03/2025,18:00,Varnamo,Sirius,1,2,A,2.27,3.45,3.3,2.28,3.51,3.4,2.21,3.41,3.22,2.36,3.55,3.3,,,
Sweden,Allsvenskan,2025,31/03/2025,18:10,GAIS,AIK,0,1,A,2.81,2.91,3,2.81,3.1,3.1,2.66,2.98,2.89,2.84,3,3.05,,,
Sweden,Allsvenskan,2025,05/04/2025,14:00,Goteborg,Halmstad,1,0,H,1.48,4.41,7.29,1.5,4.5,8.2,1.46,4.28,7.28,1.48,4.7,8.4,,,
Sweden,Allsvenskan,2025,05/04/2025,14:00,Sirius,Djurgarden,0,1,A,3.32,3.46,2.26,3.6,3.55,2.26,3.3,3.45,2.17,3.5,3.65,2.24,,,
Sweden,Allsvenskan,2025,05/04/2025,16:30,Oster,Hacken,2,0,H,3.69,3.72,2.02,3.8,3.8,2.04,3.59,3.67,1.98,3.9,3.8,2.04,,,
Sweden,Allsvenskan,2025,06/04/2025,13:00,AIK,Norrkoping,4,3,H,1.81,3.54,4.99,1.84,3.75,5,1.77,3.52,4.82,1.84,3.65,5.3,,,
Sweden,Allsvenskan,2025,06/04/2025,13:00,Brommapojkarna,Hammarby,0,2,A,3.82,3.46,2.07,4.1,3.6,2.11,3.66,3.45,2.02,4,3.55,2.1,,,
Sweden,Allsvenskan,2025,06/04/2025,15:30,Degerfors,Varnamo,1,0,H,2.27,3.24,3.52,2.3,3.3,3.55,2.23,3.19,3.38,2.3,3.2,3.75,,,
Sweden,Allsvenskan,2025,06/04/2025,15:30,Mjallby,GAIS,1,1,D,2.03,3.33,4.14,2.06,3.4,4.25,2,3.32,3.94,2.08,3.5,4.2,,,
Sweden,Allsvenskan,2025,07/04/2025,18:10,Malmo FF,Elfsborg,2,1,H,1.78,3.85,4.7,1.78,3.95,4.9,1.74,3.75,4.57,1.81,3.85,5.2,,,
Sweden,Allsvenskan,2025,12/04/2025,14:00,Hacken,Mjallby,0,3,A,2.4,3.58,2.96,2.4,3.6,3.2,2.31,3.47,2.96,2.38,3.65,3.15,,,
Sweden,Allsvenskan,2025,12/04/2025,16:30,Elfsborg,Norrkoping,2,0,H,1.68,4.14,5.02,1.69,4.3,5.02,1.66,4.01,4.8,1.72,4.2,5.3,,,
Sweden,Allsvenskan,2025,13/04/2025,13:00,Hammarby,Djurgarden,2,0,H,2.33,3.3,3.33,2.36,3.4,3.6,2.25,3.25,3.26,2.34,3.35,3.5,,,
Sweden,Allsvenskan,2025,13/04/2025,13:00,Varnamo,Goteborg,0,1,A,2.75,3.45,2.63,2.88,3.45,2.63,2.76,3.33,2.52,2.94,3.45,2.68,,,
Sweden,Allsvenskan,2025,13/04/2025,15:30,GAIS,Degerfors,2,0,H,1.83,3.62,4.66,1.85,3.75,4.66,1.82,3.56,4.39,1.9,3.6,4.9,,,
Sweden,Allsvenskan,2025,13/04/2025,15:30,Sirius,Brommapojkarna,0,3,A,2.25,3.59,3.22,2.28,3.59,3.22,2.22,3.47,3.12,2.34,3.65,3.3,,,
Sweden,Allsvenskan,2025,14/04/2025,18:00,Halmstad,Oster,1,0,H,3.09,3.24,2.49,3.1,3.3,2.51,2.97,3.18,2.44,3.1,3.25,2.6,,,
Sweden,Allsvenskan,2025,14/04/2025,18:10,AIK,Malmo FF,0,0,D,4.3,3.36,1.98,4.42,3.45,2.05,4.16,3.29,1.95,4.5,3.45,2.02,,,
Sweden,Allsvenskan,2025,18/04/2025,14:00,Malmo FF,Sirius,1,1,D,1.41,4.83,8.13,1.42,5.4,9,1.39,4.77,7.66,1.42,5.2,9,,,
Sweden,Allsvenskan,2025,18/04/2025,14:00,Mjallby,Hammarby,3,1,H,2.65,3.25,2.88,2.89,3.35,2.88,2.62,3.22,2.71,2.76,3.3,2.88,,,
Sweden,Allsvenskan,2025,19/04/2025,14:00,Degerfors,Elfsborg,0,1,A,3.94,3.5,2.02,4.3,3.55,2.06,3.81,3.46,1.97,4.1,3.65,2.04,,,
Sweden,Allsvenskan,2025,19/04/2025,14:00,Norrkoping,Halmstad,3,0,H,1.67,3.94,5.44,1.7,4.1,5.51,1.64,3.85,5.23,1.71,4.1,5.6,,,
Sweden,Allsvenskan,2025,20/04/2025,13:00,Brommapojkarna,Varnamo,3,2,H,1.92,3.68,4.12,2.01,3.75,4.3,1.91,3.56,3.91,2.02,3.65,4,,,
Sweden,Allsvenskan,2025,20/04/2025,13:00,Oster,AIK,0,1,A,3.89,3.45,2.05,3.95,3.6,2.1,3.66,3.39,2.03,3.95,3.4,2.14,,,
Sweden,Allsvenskan,2025,20/04/2025,15:30,Goteborg,Hacken,2,3,A,2.25,3.44,3.34,2.3,3.6,3.35,2.23,3.45,3.1,2.32,3.55,3.4,,,
Sweden,Allsvenskan,2025,21/04/2025,13:00,Djurgarden,GAIS,0,0,D,2.2,3.3,3.62,2.2,3.35,3.63,2.14,3.26,3.51,2.24,3.45,3.7,,,
Sweden,Allsvenskan,2025,23/04/2025,18:00,Elfsborg,Sirius,4,3,H,1.72,4.02,4.8,1.73,4.3,5,1.69,3.95,4.7,1.76,4.2,5,,,
Sweden,Allsvenskan,2025,23/04/2025,18:00,Hacken,Degerfors,3,4,A,1.81,3.81,4.57,1.82,4,4.8,1.76,3.79,4.43,1.82,3.95,4.9,,,
Sweden,Allsvenskan,2025,23/04/2025,18:00,Halmstad,Mjallby,1,3,A,5.27,3.71,1.73,5.4,3.8,1.74,5.03,3.65,1.71,5.5,3.75,1.79,,,
Sweden,Allsvenskan,2025,23/04/2025,18:00,Hammarby,Malmo FF,2,0,H,2.31,3.38,3.29,2.35,3.4,3.43,2.24,3.34,3.18,2.36,3.45,3.4,,,
Sweden,Allsvenskan,2025,24/04/2025,18:00,Djurgarden,Oster,1,0,H,1.41,4.94,7.91,1.48,5,8.1,1.4,4.79,7.36,1.46,4.9,8.4,,,
Sweden,Allsvenskan,2025,24/04/2025,18:00,GAIS,Brommapojkarna,1,1,D,2.1,3.61,3.57,2.18,3.7,3.62,2.06,3.55,3.42,2.16,3.65,3.7,,,
Sweden,Allsvenskan,2025,24/04/2025,18:00,Norrkoping,Goteborg,2,3,A,2.49,3.43,2.94,2.49,3.5,3,2.4,3.39,2.86,2.52,3.55,3,,,
Sweden,Allsvenskan,2025,24/04/2025,18:00,Varnamo,AIK,1,2,A,2.89,3.05,2.78,3.2,3.2,2.78,2.95,3.03,2.56,3.1,3.15,2.74,,,
Sweden,Allsvenskan,2025,27/04/2025,13:00,Hacken,Hammarby,1,1,D,2.94,3.6,2.41,3.05,3.6,2.45,2.86,3.56,2.34,3,3.7,2.48,,,
Sweden,Allsvenskan,2025,27/04/2025,13:00,Mjallby,Degerfors,4,1,H,1.61,4.07,5.87,1.61,4.35,6.1,1.58,3.96,5.68,1.62,4.2,6.4,,,
Sweden,Allsvenskan,2025,27/04/2025,15:00,AIK,Elfsborg,2,0,H,2.15,3.25,3.83,2.25,3.4,3.83,2.14,3.2,3.55,2.26,3.25,3.85,,,
Sweden,Allsvenskan,2025,27/04/2025,15:30,Sirius,Halmstad,1,1,D,1.63,4.15,5.48,1.63,4.2,6,1.59,4.06,5.35,1.66,4.3,5.9,,,
Sweden,Allsvenskan,2025,27/04/2025,15:30,Varnamo,Norrkoping,1,3,A,2.38,3.47,3.07,2.43,3.65,3.07,2.34,3.42,2.93,2.38,3.6,3.25,,,
Sweden,Allsvenskan,2025,28/04/2025,18:10,Goteborg,GAIS,1,1,D,2.58,3.33,2.9,2.58,3.4,3.1,2.47,3.26,2.87,2.6,3.4,3.1,,,
Sweden,Allsvenskan,2025,29/04/2025,18:00,Malmo FF,Oster,2,0,H,1.24,6.28,13.39,1.24,6.5,14,1.22,6.1,12.67,1.27,6.6,15.5,,,
Sweden,Allsvenskan,2025,03/05/2025,14:00,Degerfors,Sirius,1,1,D,2.51,3.45,2.9,2.51,3.6,2.9,2.43,3.43,2.79,2.58,3.55,2.98,,,
Sweden,Allsvenskan,2025,03/05/2025,16:30,Halmstad,Varnamo,4,2,H,3.42,3.25,2.31,3.42,3.25,2.31,3.33,3.16,2.26,3.6,3.3,2.36,,,
Sweden,Allsvenskan,2025,04/05/2025,13:00,Djurgarden,AIK,1,1,D,2.73,2.95,3.06,2.78,3.15,3.06,2.67,2.98,2.85,2.8,3.05,3.15,,,
Sweden,Allsvenskan,2025,04/05/2025,13:00,Norrkoping,Hacken,0,2,A,2.63,3.94,2.5,2.63,4.1,2.56,2.55,3.9,2.42,2.74,4,2.56,,,
Sweden,Allsvenskan,2025,04/05/2025,15:30,Mjallby,Goteborg,1,0,H,1.9,3.66,4.24,1.91,3.7,4.24,1.87,3.58,4.08,1.94,3.75,4.5,,,
Sweden,Allsvenskan,2025,04/05/2025,15:30,Oster,Hammarby,0,3,A,6.53,4.46,1.51,6.53,4.6,1.52,6.22,4.33,1.49,6.6,4.7,1.56,,,
Sweden,Allsvenskan,2025,05/05/2025,18:00,Malmo FF,Brommapojkarna,1,2,A,1.39,5.15,8.15,1.49,5.25,8.15,1.38,4.97,7.51,1.41,5.3,9.2,,,
Sweden,Allsvenskan,2025,05/05/2025,18:10,Elfsborg,GAIS,2,0,H,2.29,3.62,3.11,2.4,3.62,3.2,2.31,3.49,2.94,2.44,3.6,3.15,,,
Sweden,Allsvenskan,2025,10/05/2025,14:00,Brommapojkarna,Halmstad,0,1,A,1.55,4.45,6,1.55,4.5,6.25,1.53,4.37,5.69,1.59,4.5,6.4,,,
Sweden,Allsvenskan,2025,10/05/2025,16:30,GAIS,Varnamo,1,1,D,1.9,3.57,4.34,1.95,3.6,4.6,1.86,3.51,4.19,1.98,3.6,4.6,,,
Sweden,Allsvenskan,2025,10/05/2025,16:30,Sirius,Hacken,2,0,H,2.66,3.71,2.58,2.66,3.75,2.58,2.58,3.67,2.49,2.8,3.8,2.62,,,
Sweden,Allsvenskan,2025,11/05/2025,13:00,AIK,Mjallby,2,1,H,2.47,2.99,3.41,2.47,3.05,3.42,2.37,2.96,3.31,2.52,3.05,3.55,,,
Sweden,Allsvenskan,2025,11/05/2025,13:00,Hammarby,Norrkoping,1,1,D,1.46,4.84,6.8,1.49,5,6.8,1.45,4.63,6.38,1.49,5,7.4,,,
Sweden,Allsvenskan,2025,11/05/2025,15:30,Degerfors,Malmo FF,1,4,A,5.3,4.05,1.66,5.75,4.2,1.67,5.03,4.02,1.63,5.6,4.2,1.7,,,
Sweden,Allsvenskan,2025,11/05/2025,15:30,Oster,Elfsborg,0,1,A,3.31,3.62,2.07,3.65,3.75,2.12,3.35,3.6,2.05,3.5,3.9,2.14,,,
Sweden,Allsvenskan,2025,12/05/2025,18:10,Goteborg,Djurgarden,1,2,A,2.46,3.44,2.98,2.5,3.5,2.98,2.4,3.38,2.87,2.54,3.5,3.05,,,
Sweden,Allsvenskan,2025,14/05/2025,18:00,Hacken,AIK,3,3,D,2.84,3.47,2.55,2.86,3.7,2.55,2.8,3.44,2.45,3,3.5,2.58,,,
Sweden,Allsvenskan,2025,14/05/2025,18:00,Halmstad,GAIS,1,3,A,3.93,3.27,2.11,3.93,3.4,2.13,3.74,3.25,2.08,3.95,3.35,2.2,,,
Sweden,Allsvenskan,2025,14/05/2025,18:00,Hammarby,Sirius,3,2,H,1.75,4.09,4.58,1.78,4.2,4.9,1.7,4.06,4.49,1.77,4.2,4.9,,,
Sweden,Allsvenskan,2025,15/05/2025,18:00,Djurgarden,Mjallby,1,3,A,2.38,3.51,3.05,2.48,3.7,3.05,2.36,3.44,2.93,2.48,3.55,3.1,,,
Sweden,Allsvenskan,2025,15/05/2025,18:00,Elfsborg,Brommapojkarna,4,3,H,1.96,3.93,3.72,1.96,4,3.8,1.92,3.91,3.61,2,4,3.9,,,
Sweden,Allsvenskan,2025,15/05/2025,18:00,Goteborg,Oster,0,1,A,1.45,4.75,7.22,1.49,4.8,7.22,1.46,4.58,6.58,1.5,4.9,7.4,,,
Sweden,Allsvenskan,2025,15/05/2025,18:00,Norrkoping,Degerfors,1,2,A,2.13,3.67,3.44,2.13,3.75,3.5,2.05,3.64,3.41,2.16,3.7,3.65,,,
Sweden,Allsvenskan,2025,15/05/2025,18:00,Varnamo,Malmo FF,2,2,D,4.74,3.83,1.78,5,3.85,1.81,4.56,3.79,1.75,5.5,4,1.74,,,
Sweden,Allsvenskan,2025,18/05/2025,13:00,AIK,Hammarby,0,0,D,3.43,3.1,2.38,3.43,3.2,2.5,3.28,3.09,2.34,3.4,3.15,2.52,,,
Sweden,Allsvenskan,2025,18/05/2025,13:00,Hacken,Varnamo,2,0,H,2.01,3.89,3.57,2.02,4.1,3.9,1.94,3.84,3.57,2.04,4,3.7,,,
Sweden,Allsvenskan,2025,18/05/2025,15:30,Malmo FF,Halmstad,3,0,H,1.22,6.84,13.03,1.23,7,14,1.21,6.55,12.45,1.24,7.4,16,,,
Sweden,Allsvenskan,2025,18/05/2025,15:30,Oster,GAIS,1,1,D,4.17,3.49,1.97,4.2,3.6,1.99,4.05,3.47,1.92,4.3,3.65,1.99,,,
Sweden,Allsvenskan,2025,19/05/2025,18:00,Degerfors,Goteborg,1,3,A,2.93,3.47,2.48,2.95,3.5,2.48,2.87,3.4,2.41,2.98,3.55,2.58,,,
Sweden,Allsvenskan,2025,19/05/2025,18:00,Mjallby,Brommapojkarna,1,0,H,1.71,4.1,4.76,1.73,4.3,4.85,1.7,3.94,4.64,1.77,4.2,4.9,,,
Sweden,Allsvenskan,2025,19/05/2025,18:00,Sirius,Norrkoping,1,2,A,2.14,3.91,3.21,2.17,4,3.48,2.04,3.82,3.28,2.18,3.9,3.4,,,
Sweden,Allsvenskan,2025,19/05/2025,18:10,Elfsborg,Djurgarden,4,0,H,2.17,3.62,3.38,2.38,3.62,3.5,2.17,3.5,3.23,2.24,3.7,3.45,,,
Sweden,Allsvenskan,2025,22/05/2025,18:00,Hammarby,Mjallby,1,2,A,1.69,4.21,4.81,1.73,4.21,4.81,1.68,4.04,4.61,1.72,4.2,5.3,,,
Sweden,Allsvenskan,2025,22/05/2025,18:00,Malmo FF,AIK,0,0,D,1.74,3.74,5.12,1.78,3.85,5.12,1.72,3.66,4.91,1.77,3.85,5.5,,,
Sweden,Allsvenskan,2025,24/05/2025,14:00,Varnamo,Oster,1,1,D,2.1,3.4,3.8,2.1,3.55,3.85,2.03,3.37,3.75,2.12,3.55,4,,,
Sweden,Allsvenskan,2025,24/05/2025,16:30,GAIS,Sirius,2,1,H,2.04,3.75,3.62,2.04,3.75,3.7,2,3.64,3.54,2.06,3.8,3.85,,,
Sweden,Allsvenskan,2025,25/05/2025,13:00,Goteborg,Malmo FF,1,0,H,2.84,3.54,2.51,2.85,3.6,2.51,2.8,3.47,2.43,2.92,3.7,2.54,,,
Sweden,Allsvenskan,2025,25/05/2025,13:00,Halmstad,Elfsborg,1,4,A,4.97,3.91,1.72,5.19,3.95,1.79,4.73,3.73,1.73,5.1,4,1.8,,,
Sweden,Allsvenskan,2025,25/05/2025,15:30,Brommapojkarna,AIK,0,1,A,3.28,3.54,2.24,3.38,3.6,2.24,3.25,3.49,2.16,3.5,3.6,2.26,,,
Sweden,Allsvenskan,2025,25/05/2025,15:30,Djurgarden,Hacken,1,1,D,2.25,3.63,3.2,2.25,3.75,3.5,2.17,3.55,3.19,2.12,3.9,3.55,,,
Sweden,Allsvenskan,2025,26/05/2025,18:00,Norrkoping,Mjallby,1,1,D,4.03,3.96,1.87,4.1,4,1.92,3.86,3.88,1.84,4.2,4.2,1.9,,,
Sweden,Allsvenskan,2025,26/05/2025,18:10,Hammarby,Degerfors,1,0,H,1.37,5.3,8.24,1.44,5.75,8.5,1.38,5.01,7.47,1.4,5.6,9,,,
Sweden,Allsvenskan,2025,29/05/2025,17:00,Brommapojkarna,Djurgarden,0,1,A,2.3,3.72,3.03,2.45,3.72,3.04,2.29,3.62,2.9,2.38,3.8,3.1,,,
Sweden,Allsvenskan,2025,31/05/2025,14:00,Degerfors,Oster,1,2,A,1.75,3.88,4.81,1.82,3.88,4.85,1.76,3.69,4.55,1.83,3.9,4.9,,,
Sweden,Allsvenskan,2025,31/05/2025,14:00,Elfsborg,Hammarby,0,2,A,2.42,3.57,2.94,2.55,3.6,2.95,2.39,3.49,2.83,2.54,3.6,2.96,,,
Sweden,Allsvenskan,2025,31/05/2025,14:00,Norrkoping,GAIS,0,3,A,3.3,3.79,2.14,3.4,3.8,2.28,3.19,3.63,2.14,3.65,3.85,2.14,,,
Sweden,Allsvenskan,2025,01/06/2025,13:00,Brommapojkarna,Goteborg,1,3,A,2.69,3.57,2.62,2.69,3.6,2.63,2.63,3.52,2.54,2.72,3.65,2.74,,,
Sweden,Allsvenskan,2025,01/06/2025,13:00,Halmstad,Djurgarden,1,0,H,4.57,3.51,1.88,4.57,3.51,1.99,4.11,3.41,1.92,4.5,3.55,2,,,
Sweden,Allsvenskan,2025,01/06/2025,13:00,Malmo FF,Hacken,3,0,H,1.69,4.08,5,1.73,4.25,5,1.69,3.97,4.7,1.74,4.2,5.1,,,
Sweden,Allsvenskan,2025,01/06/2025,15:30,Mjallby,Varnamo,2,0,H,1.4,5.08,7.83,1.42,5.08,7.83,1.4,4.89,7.37,1.44,5.2,8.4,,,
Sweden,Allsvenskan,2025,01/06/2025,15:30,Sirius,AIK,3,1,H,3.68,3.28,2.19,3.75,3.4,2.2,3.56,3.28,2.12,3.75,3.4,2.24,,,
Sweden,Allsvenskan,2025,28/06/2025,14:00,Hammarby,Halmstad,2,0,H,1.25,6.19,10.88,1.29,6.19,11.5,1.25,5.61,10.11,1.29,6.2,13.5,,,
Sweden,Allsvenskan,2025,28/06/2025,16:30,Oster,Sirius,2,2,D,2.69,3.42,2.64,2.75,3.6,2.64,2.62,3.35,2.49,2.74,3.55,2.76,,,
Sweden,Allsvenskan,2025,29/06/2025,13:00,AIK,Goteborg,3,0,H,2.23,3.21,3.53,2.23,3.33,3.85,2.1,3.14,3.49,2.26,3.3,3.85,,,
Sweden,Allsvenskan,2025,29/06/2025,13:00,Degerfors,Brommapojkarna,0,3,A,2.25,3.71,3.04,2.3,3.71,3.1,2.2,3.46,2.97,2.34,3.7,3.25,,,
Sweden,Allsvenskan,2025,29/06/2025,15:30,Hacken,GAIS,1,3,A,2.98,3.5,2.38,2.98,3.65,2.48,2.76,3.44,2.34,3.05,3.6,2.52,,,
Sweden,Allsvenskan,2025,29/06/2025,15:30,Varnamo,Elfsborg,0,0,D,3.79,3.72,1.95,4.1,3.85,1.95,3.72,3.61,1.87,3.95,3.8,2.04,,,
Sweden,Allsvenskan,2025,30/06/2025,18:00,Djurgarden,Norrkoping,1,1,D,1.63,4.36,4.9,1.68,4.4,5,1.62,4.09,4.58,1.71,4.5,5,,,
Sweden,Allsvenskan,2025,30/06/2025,18:00,Mjallby,Malmo FF,1,1,D,2.4,3.27,3.12,2.4,3.3,3.25,2.27,3.25,2.99,2.5,3.5,3.15,,,
Sweden,Allsvenskan,2025,05/07/2025,14:00,GAIS,Malmo FF,0,0,D,3.04,3.52,2.33,3.04,3.6,2.35,2.87,3.39,2.29,3.2,3.6,2.4,,,
Sweden,Allsvenskan,2025,05/07/2025,14:00,Oster,Mjallby,0,1,A,5.56,4.29,1.58,5.56,4.29,1.61,5.14,4.03,1.57,5.7,4.4,1.65,,,
Sweden,Allsvenskan,2025,05/07/2025,16:30,Hammarby,Varnamo,1,0,H,1.33,5.63,8.73,1.35,5.8,9.5,1.3,5.32,8.21,1.36,5.8,10,,,
Sweden,Allsvenskan,2025,06/07/2025,13:00,Goteborg,Sirius,3,1,H,1.75,4.03,4.46,1.75,4.03,4.5,1.72,3.84,4.18,1.81,4.1,4.6,,,
Sweden,Allsvenskan,2025,06/07/2025,13:00,Halmstad,AIK,2,0,H,4.91,3.56,1.78,5.2,3.6,1.78,4.75,3.45,1.73,5.5,3.7,1.8,,,
Sweden,Allsvenskan,2025,06/07/2025,15:30,Djurgarden,Degerfors,5,1,H,1.68,4.12,4.82,1.7,4.25,5.6,1.62,3.91,4.88,1.73,4.2,5.2,,,
Sweden,Allsvenskan,2025,06/07/2025,15:30,Elfsborg,Hacken,0,2,A,1.74,4.13,4.37,1.75,4.2,4.37,1.69,3.95,4.19,1.79,4.3,4.6,,,
Sweden,Allsvenskan,2025,07/07/2025,18:00,Norrkoping,Brommapojkarna,0,1,A,2.61,3.97,2.46,2.63,4,2.55,2.51,3.78,2.41,2.72,4.1,2.54,,,
Sweden,Allsvenskan,2025,12/07/2025,14:00,Goteborg,Elfsborg,1,2,A,2.44,3.5,2.89,2.5,3.55,2.89,2.4,3.35,2.73,2.5,3.65,2.98,,,
Sweden,Allsvenskan,2025,12/07/2025,16:30,Malmo FF,Norrkoping,3,1,H,1.26,6.06,11.16,1.27,6.25,12,1.24,5.78,9.95,1.29,6.4,13,,,
Sweden,Allsvenskan,2025,13/07/2025,13:00,Brommapojkarna,Oster,2,0,H,1.51,4.56,6.16,1.52,4.6,6.16,1.48,4.35,5.72,1.58,4.8,6,,,
Sweden,Allsvenskan,2025,13/07/2025,13:00,GAIS,Hammarby,3,2,H,2.52,3.33,2.89,2.65,3.33,2.89,2.47,3.21,2.75,2.62,3.4,3.05,,,
Sweden,Allsvenskan,2025,13/07/2025,15:30,AIK,Degerfors,3,0,H,1.71,3.7,5.24,1.71,3.95,5.25,1.64,3.66,5.01,1.72,3.85,6,,,
Sweden,Allsvenskan,2025,13/07/2025,15:30,Varnamo,Djurgarden,1,0,H,4.44,3.9,1.78,5.1,4.1,1.8,4.42,3.73,1.71,4.9,4,1.82,,,
Sweden,Allsvenskan,2025,13/07/2025,17:30,Hacken,Halmstad,4,1,H,1.71,4.12,4.58,1.71,4.3,4.9,1.65,3.96,4.49,1.74,4.2,5.1,,,
Sweden,Allsvenskan,2025,14/07/2025,18:00,Sirius,Mjallby,1,2,A,2.62,3.53,2.65,2.75,3.95,2.65,2.6,3.42,2.48,2.8,3.6,2.7,,,
Sweden,Allsvenskan,2025,19/07/2025,14:00,Djurgarden,Elfsborg,1,0,H,1.73,3.98,4.63,1.81,4,4.75,1.72,3.79,4.26,1.78,4.1,4.9,,,
Sweden,Allsvenskan,2025,19/07/2025,14:00,Oster,Malmo FF,0,2,A,6.02,4.26,1.55,6.75,4.6,1.55,5.85,4.17,1.5,7,4.5,1.57,,,
Sweden,Allsvenskan,2025,19/07/2025,16:30,Degerfors,GAIS,0,3,A,3.83,3.67,1.96,4.1,3.75,1.96,3.7,3.53,1.9,4,3.8,2,,,
Sweden,Allsvenskan,2025,20/07/2025,13:00,Mjallby,AIK,2,0,H,2.27,3.21,3.43,2.3,3.25,3.43,2.24,3.1,3.18,2.36,3.3,3.55,,,
Sweden,Allsvenskan,2025,20/07/2025,13:00,Sirius,Goteborg,0,1,A,2.79,3.63,2.45,2.79,3.7,2.5,2.64,3.5,2.41,2.94,3.7,2.56,,,
Sweden,Allsvenskan,2025,20/07/2025,15:30,Halmstad,Hacken,0,0,D,3.12,3.54,2.27,3.4,3.54,2.27,3.07,3.41,2.16,3.4,3.6,2.28,,,
Sweden,Allsvenskan,2025,20/07/2025,15:30,Hammarby,Brommapojkarna,3,2,H,1.71,4.13,4.61,1.73,4.35,4.61,1.68,4.05,4.23,1.78,4.2,4.7,,,
Sweden,Allsvenskan,2025,21/07/2025,18:00,Norrkoping,Varnamo,3,1,H,2.31,3.65,2.97,2.31,3.7,3,2.23,3.53,2.87,2.34,3.8,3.2,,,
Sweden,Allsvenskan,2025,26/07/2025,14:00,Brommapojkarna,Malmo FF,2,3,A,3.78,3.77,1.94,4,3.77,2,3.56,3.62,1.91,3.85,4,2.02,,,
Sweden,Allsvenskan,2025,26/07/2025,14:00,GAIS,Halmstad,3,0,H,1.34,5.16,9.33,1.34,5.5,9.5,1.3,5.11,8.83,1.35,5.6,11.5,,,
Sweden,Allsvenskan,2025,26/07/2025,16:30,Degerfors,Norrkoping,0,0,D,2.21,3.78,3.06,2.28,3.8,3.1,2.18,3.57,2.92,2.26,3.85,3.25,,,
Sweden,Allsvenskan,2025,27/07/2025,13:00,AIK,Oster,0,0,D,1.58,4.02,6.14,1.58,4.2,6.25,1.54,3.81,6.04,1.63,3.95,7,,,
Sweden,Allsvenskan,2025,27/07/2025,13:00,Hacken,Djurgarden,1,6,A,3.08,3.71,2.23,3.3,3.71,2.23,3.07,3.5,2.13,3.3,3.8,2.3,,,
Sweden,Allsvenskan,2025,27/07/2025,15:30,Mjallby,Sirius,2,1,H,1.54,4.42,5.89,1.55,4.5,6.25,1.5,4.29,5.59,1.54,4.6,6.8,,,
Sweden,Allsvenskan,2025,27/07/2025,15:30,Varnamo,Hammarby,2,3,A,4.61,4.16,1.7,5.6,4.25,1.7,5.17,4.08,1.56,6.2,4.5,1.61,,,
Sweden,Allsvenskan,2025,28/07/2025,18:00,Elfsborg,Goteborg,4,3,H,2.12,3.7,3.3,2.4,3.7,3.3,2.32,3.47,2.78,2.5,3.7,3,,,
Sweden,Allsvenskan,2025,02/08/2025,14:00,Brommapojkarna,Norrkoping,6,4,H,1.65,4.67,4.43,1.72,4.67,4.43,1.66,4.22,4.16,1.76,4.5,4.5,,,
Sweden,Allsvenskan,2025,02/08/2025,16:30,Varnamo,GAIS,2,2,D,5.1,4.13,1.65,5.1,4.13,1.7,4.62,3.88,1.64,5.1,4.3,1.72,,,
Sweden,Allsvenskan,2025,03/08/2025,13:00,Djurgarden,Halmstad,1,1,D,1.26,6.42,10.01,1.26,6.5,11.5,1.22,5.98,10.29,1.28,6.6,12.5,,,
Sweden,Allsvenskan,2025,03/08/2025,13:00,Hacken,Elfsborg,1,2,A,3.17,3.93,2.11,3.25,4,2.12,3.07,3.81,2.03,3.3,4,2.2,,,
Sweden,Allsvenskan,2025,03/08/2025,15:30,Sirius,Oster,1,1,D,1.7,4.1,4.7,1.7,4.5,4.7,1.66,3.99,4.41,1.78,4.2,4.8,,,
Sweden,Allsvenskan,2025,04/08/2025,18:00,Goteborg,Degerfors,3,0,H,1.65,4.15,5.05,1.7,4.2,5.2,1.64,3.89,4.68,1.7,4.3,5.4,,,
Sweden,Allsvenskan,2025,09/08/2025,14:00,Malmo FF,Mjallby,1,3,A,1.88,3.62,4.24,1.93,3.6,4,1.89,3.43,3.82,1.95,3.7,4.5,,,
Sweden,Allsvenskan,2025,09/08/2025,16:30,Halmstad,Sirius,0,1,A,3.42,3.58,2.12,3.4,3.55,2.23,3.19,3.4,2.11,3.55,3.6,2.22,,,
Sweden,Allsvenskan,2025,10/08/2025,13:00,AIK,Djurgarden,0,0,D,2.7,3.17,2.8,2.54,3.25,3.25,2.41,3.04,2.94,2.6,3.2,3.3,,,
Sweden,Allsvenskan,2025,10/08/2025,13:00,Degerfors,Hacken,0,0,D,2.72,3.58,2.53,3.25,3.65,2.32,3.05,3.45,2.15,3.25,3.65,2.32,,,
Sweden,Allsvenskan,2025,10/08/2025,15:30,Norrkoping,Hammarby,0,2,A,4.79,4.39,1.64,5.1,4.6,1.61,4.83,4.22,1.56,5.2,4.5,1.69,,,
Sweden,Allsvenskan,2025,10/08/2025,15:30,Oster,Brommapojkarna,1,1,D,2.76,3.73,2.42,2.85,3.85,2.45,2.69,3.53,2.34,2.84,3.75,2.58,,,
Sweden,Allsvenskan,2025,11/08/2025,18:00,Elfsborg,Varnamo,2,2,D,1.46,5,6.23,1.45,5.3,6.33,1.41,4.84,5.99,1.47,5.4,7,,,
Sweden,Allsvenskan,2025,11/08/2025,18:00,GAIS,Goteborg,0,1,A,2.02,3.51,3.8,2.12,3.65,3.5,2.05,3.43,3.28,2.18,3.65,3.65,,,
Sweden,Allsvenskan,2025,16/08/2025,14:00,Halmstad,Malmo FF,0,4,A,6.01,4.27,1.55,5.1,4.1,1.73,4.76,3.77,1.65,5.3,4,1.76,4.5,3.9,1.7
Sweden,Allsvenskan,2025,16/08/2025,16:30,Norrkoping,Elfsborg,2,1,H,3.45,3.77,2.04,3.35,4,2.1,3.19,3.73,2,3.45,4,2.14,3.25,3.75,2.05
Sweden,Allsvenskan,2025,17/08/2025,13:00,Brommapojkarna,Sirius,2,4,A,2.19,4.06,2.94,2.1,4.1,3.1,2.05,3.83,3.01,2.16,4.2,3.25,2.05,3.9,3.1
Sweden,Allsvenskan,2025,17/08/2025,13:00,Goteborg,AIK,2,1,H,2.23,3.14,3.63,2.38,3.2,3.4,2.31,3.1,3.06,2.44,3.3,3.45,2.25,3.2,3.25
Sweden,Allsvenskan,2025,17/08/2025,15:30,Hacken,Oster,0,2,A,1.72,4.14,4.49,1.62,4.4,5,1.58,4.14,4.83,1.61,4.7,5.7,1.57,4.33,5
Sweden,Allsvenskan,2025,17/08/2025,15:30,Hammarby,GAIS,1,2,A,1.98,3.75,3.66,1.91,3.95,3.95,1.84,3.68,3.72,1.93,3.95,4.2,1.85,3.8,3.8
Sweden,Allsvenskan,2025,17/08/2025,15:30,Mjallby,Djurgarden,1,1,D,2.2,3.54,3.26,2.2,3.6,3.5,2.09,3.41,3.2,2.22,3.65,3.45,2.2,3.5,3.1
Sweden,Allsvenskan,2025,18/08/2025,18:00,Varnamo,Degerfors,3,2,H,2.22,3.6,3.19,2.45,3.75,2.8,2.36,3.52,2.69,2.56,3.8,2.84,2.45,3.6,2.7
Sweden,Allsvenskan,2025,24/08/2025,13:00,Djurgarden,Brommapojkarna,1,0,H,1.61,4.47,5.03,1.62,4.7,5.1,1.56,4.3,4.73,1.67,4.6,5.3,1.62,4.5,4.33
Sweden,Allsvenskan,2025,24/08/2025,13:00,Sirius,Hammarby,3,1,H,4.13,4.05,1.8,4.1,4.1,1.85,3.83,3.82,1.79,4.1,4,1.93,4,3.8,1.8
Sweden,Allsvenskan,2025,24/08/2025,15:30,Degerfors,AIK,0,1,A,4.02,3.36,2.01,4.2,3.5,2.01,3.9,3.28,1.92,4.3,3.5,2.04,3.9,3.4,1.95
Sweden,Allsvenskan,2025,24/08/2025,15:30,Elfsborg,Halmstad,1,2,A,1.42,4.99,7.05,1.55,4.7,6.1,1.49,4.33,5.62,1.55,4.7,6.8,1.53,4.2,5.75
Sweden,Allsvenskan,2025,24/08/2025,15:30,Malmo FF,Goteborg,0,0,D,1.72,3.92,4.75,1.73,4,4.9,1.68,3.73,4.5,1.77,3.9,5.3,1.73,3.7,4.5
Sweden,Allsvenskan,2025,24/08/2025,15:30,Varnamo,Hacken,1,5,A,3.2,3.9,2.11,3.1,3.9,2.36,2.73,3.68,2.24,2.9,3.9,2.46,2.7,3.8,2.3
Sweden,Allsvenskan,2025,25/08/2025,18:00,GAIS,Mjallby,0,2,A,2.4,3.52,2.92,2.38,3.55,3,2.32,3.36,2.82,2.44,3.6,3.15,2.3,3.4,3
Sweden,Allsvenskan,2025,25/08/2025,18:00,Oster,Norrkoping,1,2,A,2.46,3.42,2.92,2.32,3.65,3.1,2.24,3.43,2.87,2.38,3.6,3.25,2.25,3.5,3
Sweden,Allsvenskan,2025,30/08/2025,14:00,Brommapojkarna,Elfsborg,3,0,H,2.45,3.67,2.76,2.4,3.85,2.85,2.29,3.61,2.68,2.38,3.85,3,2.2,3.8,2.7
Sweden,Allsvenskan,2025,30/08/2025,14:00,Goteborg,Varnamo,1,0,H,1.46,5.21,5.88,1.45,5.5,6,1.41,4.87,5.9,1.48,5.4,6.6,1.36,5.5,6
Sweden,Allsvenskan,2025,30/08/2025,16:30,Mjallby,Halmstad,1,0,H,1.46,4.65,6.77,1.44,5.1,7.5,1.39,4.56,6.83,1.46,5,8.2,1.33,5,6
Sweden,Allsvenskan,2025,31/08/2025,13:00,AIK,Sirius,2,1,H,1.79,3.85,4.38,1.88,3.85,4.5,1.77,3.62,4.09,1.85,3.9,4.7,1.72,3.8,4
Sweden,Allsvenskan,2025,31/08/2025,13:00,Malmo FF,Degerfors,1,1,D,1.34,5.35,8.96,1.3,6,10,1.27,5.38,9.2,1.29,6.2,13.5,1.24,6,8
Sweden,Allsvenskan,2025,31/08/2025,13:00,Norrkoping,Djurgarden,0,4,A,4.09,3.97,1.83,4.25,4.1,1.77,3.97,3.91,1.73,4.5,4.2,1.79,4.1,4.1,1.67
Sweden,Allsvenskan,2025,31/08/2025,15:30,GAIS,Hacken,2,1,H,1.82,4.15,3.95,1.95,4.1,3.8,1.88,3.69,3.56,2.02,3.85,3.9,1.91,3.8,3.6
Sweden,Allsvenskan,2025,31/08/2025,15:30,Hammarby,Oster,4,0,H,1.36,5.11,8.47,1.38,5.3,8.5,1.35,4.86,7.4,1.41,5.4,8.8,1.37,5,7
Sweden,Allsvenskan,2025,13/09/2025,14:00,Degerfors,Mjallby,0,1,A,4.38,3.74,1.82,4.7,4,1.75,4.43,3.71,1.7,4.9,3.95,1.83,4.5,3.9,1.66
Sweden,Allsvenskan,2025,13/09/2025,16:30,Halmstad,Norrkoping,1,1,D,2.88,3.24,2.59,2.75,3.3,2.66,2.67,3.21,2.5,2.84,3.45,2.7,2.75,3.2,2.5
Sweden,Allsvenskan,2025,14/09/2025,13:00,Djurgarden,Hammarby,3,3,D,2.59,3.55,2.67,3,3.5,2.45,2.76,3.31,2.36,3,3.6,2.52,3,3.25,2.35
Sweden,Allsvenskan,2025,14/09/2025,13:00,Oster,Varnamo,4,3,H,2.19,3.67,3.17,2.2,3.5,3.3,2.12,3.44,3.05,2.22,3.7,3.35,2.1,3.4,3.3
Sweden,Allsvenskan,2025,14/09/2025,15:30,Elfsborg,Malmo FF,2,2,D,3.76,3.68,1.97,3.8,3.6,2,3.53,3.53,1.94,3.9,3.75,2.06,3.7,3.6,1.96
Sweden,Allsvenskan,2025,14/09/2025,15:30,Sirius,GAIS,3,0,H,2.92,3.57,2.38,2.83,3.6,2.38,2.7,3.49,2.32,2.88,3.8,2.5,2.82,3.4,2.3
Sweden,Allsvenskan,2025,15/09/2025,18:00,AIK,Brommapojkarna,2,1,H,1.65,3.92,5.42,1.8,3.75,5.1,1.7,3.6,4.56,1.8,3.85,5.1,1.76,3.7,4.1
Sweden,Allsvenskan,2025,15/09/2025,18:10,Hacken,Goteborg,1,2,A,2.23,4.12,2.83,2.28,4.2,2.85,2.22,3.75,2.71,2.32,4.2,2.96,2.15,3.9,2.7
Sweden,Allsvenskan,2025,20/09/2025,14:00,GAIS,Elfsborg,2,0,H,1.87,3.81,4.06,2.25,3.65,3.4,2.09,3.39,3.2,2.26,3.6,3.5,2.15,3.4,3.1
Sweden,Allsvenskan,2025,20/09/2025,14:00,Malmo FF,Djurgarden,0,1,A,1.81,3.87,4.27,1.8,3.85,4.5,1.74,3.63,4.24,1.82,4,4.9,1.71,3.7,4.5
Sweden,Allsvenskan,2025,20/09/2025,16:30,Mjallby,Oster,1,1,D,1.53,4.34,6.14,1.5,4.6,7,1.46,4.23,6.16,1.53,4.6,7.6,1.46,4.2,6
Sweden,Allsvenskan,2025,21/09/2025,13:00,Goteborg,Brommapojkarna,0,1,A,1.73,4.23,4.34,1.73,4.2,4.4,1.68,3.93,4.26,1.77,4.3,4.7,1.66,4.1,4.33
Sweden,Allsvenskan,2025,21/09/2025,13:00,Hammarby,Hacken,4,0,H,1.59,4.61,4.99,1.67,4.5,4.9,1.6,4.21,4.46,1.69,4.6,4.9,1.57,4.5,4.2
Sweden,Allsvenskan,2025,21/09/2025,15:30,Sirius,Degerfors,1,3,A,1.55,4.59,5.45,1.55,4.8,5.75,1.49,4.39,5.3,1.59,4.9,5.7,1.49,4.75,5
Sweden,Allsvenskan,2025,22/09/2025,18:00,Varnamo,Halmstad,1,2,A,2.32,3.62,2.98,2.42,3.6,3.1,2.21,3.45,2.88,2.38,3.75,3.05,2.1,3.6,3
Sweden,Allsvenskan,2025,22/09/2025,18:10,Norrkoping,AIK,3,1,H,3.97,3.51,1.97,4,3.5,2.1,3.49,3.29,2.02,3.9,3.5,2.14,3.6,3.3,2.05
Sweden,Allsvenskan,2025,27/09/2025,14:00,Elfsborg,Degerfors,1,2,A,1.78,3.84,4.52,2,3.75,3.6,1.94,3.57,3.44,2.08,3.9,3.7,1.91,3.75,3.4
Sweden,Allsvenskan,2025,27/09/2025,16:30,Hacken,Norrkoping,2,0,H,1.65,4.33,4.76,1.66,4.4,4.75,1.61,4.19,4.43,1.67,4.5,5.2,1.56,4.33,4.75
Sweden,Allsvenskan,2025,28/09/2025,13:00,Brommapojkarna,Mjallby,0,1,A,3.45,3.61,2.1,3.5,3.75,2.1,3.31,3.5,2.01,3.7,3.7,2.12,3.5,3.5,2.01
Sweden,Allsvenskan,2025,28/09/2025,13:00,Halmstad,Hammarby,1,0,H,4.58,4.04,1.72,4.9,4.1,1.75,4.46,3.81,1.67,5,4.1,1.77,4.33,3.9,1.68
Sweden,Allsvenskan,2025,28/09/2025,15:30,AIK,GAIS,1,1,D,2.22,3.29,3.47,2.3,3.25,3.25,2.23,3.13,3.12,2.34,3.3,3.55,2.2,3.25,3.2
Sweden,Allsvenskan,2025,28/09/2025,15:30,Malmo FF,Varnamo,3,2,H,1.2,7.17,13.07,1.22,7,13,1.18,6.57,11.57,1.22,8.2,15,1.17,7,12
Sweden,Allsvenskan,2025,29/09/2025,18:00,Djurgarden,Sirius,8,2,H,1.85,4.02,3.89,2.05,3.85,3.66,1.94,3.68,3.34,2.1,3.9,3.6,2.01,3.75,3.2
Sweden,Allsvenskan,2025,29/09/2025,18:10,Oster,Goteborg,0,2,A,3.43,3.88,2.02,3.45,3.75,2.05,3.3,3.52,2,3.6,3.85,2.14,3.4,3.7,1.96
Sweden,Allsvenskan,2025,04/10/2025,14:00,Degerfors,Djurgarden,1,1,D,3.71,3.83,1.94,3.65,3.75,2,3.48,3.59,1.93,3.95,3.75,2.02,3.4,3.6,1.96
Sweden,Allsvenskan,2025,04/10/2025,14:00,Mjallby,Elfsborg,2,0,H,1.79,3.84,4.39,1.78,3.85,4.7,1.72,3.66,4.38,1.83,3.9,4.9,1.71,3.8,4.33
Sweden,Allsvenskan,2025,04/10/2025,14:00,Oster,Halmstad,3,0,H,2.3,3.24,3.35,2.3,3.4,3.4,2.22,3.22,3.1,2.4,3.25,3.5,2.15,3.4,3.2
Sweden,Allsvenskan,2025,04/10/2025,16:30,GAIS,Norrkoping,2,1,H,1.43,4.74,7.18,1.4,5,8.5,1.35,4.65,7.55,1.44,5,8.6,1.37,4.75,7
Sweden,Allsvenskan,2025,05/10/2025,13:00,AIK,Varnamo,2,3,A,1.41,4.98,7.35,1.46,4.7,7,1.43,4.38,6.36,1.51,4.9,7.2,1.45,4.5,5.75
Sweden,Allsvenskan,2025,05/10/2025,13:00,Goteborg,Hammarby,1,2,A,2.9,3.69,2.34,2.75,3.6,2.45,2.66,3.44,2.38,2.84,3.6,2.62,2.65,3.5,2.4
Sweden,Allsvenskan,2025,05/10/2025,15:30,Brommapojkarna,Hacken,1,3,A,3.21,3.82,2.13,3.2,3.75,2.25,2.91,3.62,2.14,3.35,3.8,2.22,3.2,3.75,2.01
Sweden,Allsvenskan,2025,05/10/2025,15:30,Sirius,Malmo FF,5,1,H,2.72,3.7,2.47,2.8,3.66,2.55,2.6,3.44,2.42,2.82,3.85,2.54,2.57,3.4,2.45
Sweden,Allsvenskan,2025,18/10/2025,14:00,Norrkoping,Malmo FF,0,2,A,4.76,4.18,1.68,5,4.2,1.7,4.59,3.91,1.63,5.1,4.2,1.73,5,3.9,1.61
Sweden,Allsvenskan,2025,18/10/2025,16:30,Hacken,Sirius,1,1,D,2.05,3.96,3.31,2.05,4.2,3.3,1.96,3.88,3.15,2.06,4.1,3.55,1.91,4,3.3
Sweden,Allsvenskan,2025,19/10/2025,13:00,GAIS,Djurgarden,3,2,H,2.31,3.31,3.24,2.57,3.45,2.8,2.47,3.23,2.7,2.7,3.4,2.88,2.5,3.2,2.75
Sweden,Allsvenskan,2025,19/10/2025,13:00,Hammarby,AIK,2,1,H,1.66,3.92,5.33,1.7,3.8,5,1.67,3.66,4.69,1.75,4.1,5.3,1.62,3.75,5
Sweden,Allsvenskan,2025,19/10/2025,15:30,Elfsborg,Oster,5,1,H,1.88,4.01,3.83,1.8,4.2,4.1,1.74,3.87,3.95,1.82,4.4,4.4,1.68,4,4.1
Sweden,Allsvenskan,2025,19/10/2025,15:30,Varnamo,Brommapojkarna,1,1,D,2.73,3.83,2.4,2.75,3.8,2.48,2.68,3.62,2.3,2.9,4,2.42,2.75,3.8,2.2
Sweden,Allsvenskan,2025,20/10/2025,18:00,Degerfors,Halmstad,0,1,A,1.93,3.45,4.23,2.05,3.4,4.1,1.95,3.25,3.75,2.08,3.45,4.3,1.96,3.4,3.7
Sweden,Allsvenskan,2025,20/10/2025,18:10,Goteborg,Mjallby,0,2,A,2.86,3.59,2.41,2.88,3.55,2.45,2.81,3.31,2.34,3,3.6,2.52,2.82,3.3,2.35
Sweden,Allsvenskan,2025,25/10/2025,14:00,Djurgarden,Varnamo,6,2,H,1.25,6.1,9.47,1.25,6.75,10,1.22,6.27,9.38,1.26,7.8,11,1.22,6.25,10
Sweden,Allsvenskan,2025,25/10/2025,16:30,Oster,Degerfors,1,2,A,2.37,3.43,2.9,3.1,3.55,2.4,2.87,3.34,2.29,3.25,3.55,2.4,2.95,3.4,2.2
Sweden,Allsvenskan,2025,26/10/2025,13:00,Mjallby,Norrkoping,2,1,H,1.71,3.96,4.42,1.85,3.95,4.2,1.78,3.72,3.95,1.87,4,4.5,1.81,3.9,3.7
Sweden,Allsvenskan,2025,26/10/2025,13:00,Sirius,Elfsborg,4,0,H,2.08,3.86,3.12,1.78,4.33,4.33,1.72,4.05,3.87,1.8,4.5,4.3,1.68,4.33,3.9
Sweden,Allsvenskan,2025,26/10/2025,15:30,AIK,Hacken,2,2,D,2.12,3.45,3.36,2,3.6,3.7,1.94,3.44,3.55,2.06,3.7,3.95,1.96,3.5,3.6
Sweden,Allsvenskan,2025,26/10/2025,15:30,Halmstad,Goteborg,0,3,A,3.68,3.63,1.95,3.75,3.7,1.98,3.54,3.49,1.94,4,3.9,2,3.75,3.6,1.91
Sweden,Allsvenskan,2025,27/10/2025,18:00,Brommapojkarna,GAIS,0,2,A,3.26,3.49,2.15,3.2,3.65,2.16,3.11,3.49,2.1,3.45,3.8,2.2,3.2,3.6,2.1
Sweden,Allsvenskan,2025,27/10/2025,18:10,Malmo FF,Hammarby,1,3,A,2.15,3.51,3.24,2.2,3.5,3.35,2.12,3.35,3.16,2.3,3.65,3.4,2.15,3.4,3.05
Sweden,Allsvenskan,2025,01/11/2025,14:00,Hacken,Malmo FF,1,1,D,,,,2.4,3.9,2.75,2.3,3.74,2.61,2.5,4,2.78,2.25,3.75,2.7
Sweden,Allsvenskan,2025,01/11/2025,16:30,Norrkoping,Sirius,1,2,A,,,,2.75,4.2,2.3,2.66,3.83,2.22,2.94,4.2,2.32,2.75,3.9,2.15
Sweden,Allsvenskan,2025,02/11/2025,13:00,Elfsborg,AIK,0,3,A,,,,2.35,3.75,2.85,2.28,3.55,2.73,2.38,3.85,3,2.25,3.6,2.85
Sweden,Allsvenskan,2025,02/11/2025,13:00,Halmstad,Brommapojkarna,0,0,D,,,,2.88,3.4,2.5,2.79,3.21,2.4,3,3.4,2.62,2.75,3.4,2.32
Sweden,Allsvenskan,2025,02/11/2025,15:30,Djurgarden,Goteborg,0,0,D,,,,1.73,4.2,4.5,1.69,3.95,4.14,1.75,4.5,4.6,1.68,4,4.2
Sweden,Allsvenskan,2025,02/11/2025,15:30,GAIS,Oster,1,1,D,,,,1.44,5,7.5,1.39,4.59,6.78,1.45,5.2,8,1.41,4.75,6.25
Sweden,Allsvenskan,2025,03/11/2025,18:00,Degerfors,Hammarby,1,1,D,,,,3.3,3.75,2.1,3.22,3.56,2.03,3.6,3.8,2.14,3.25,3.6,2.01
Sweden,Allsvenskan,2025,03/11/2025,18:00,Varnamo,Mjallby,0,5,A,,,,6,4.75,1.53,5.46,4.32,1.49,6,4.9,1.56,5.25,4.75,1.49
Sweden,Allsvenskan,2025,09/11/2025,14:00,AIK,Halmstad,0,2,A,,,,1.36,5,9.5,1.33,4.68,8.19,1.38,5.3,10,1.33,4.75,8
Sweden,Allsvenskan,2025,09/11/2025,14:00,Brommapojkarna,Degerfors,1,3,A,,,,3.65,4.2,1.96,3.44,3.73,1.91,3.75,4.1,2,3.4,4.2,1.86
Sweden,Allsvenskan,2025,09/11/2025,14:00,Goteborg,Norrkoping,2,0,H,,,,1.75,4.35,4.6,1.68,4.01,4.2,1.78,4.2,4.7,1.68,4,4.33
Sweden,Allsvenskan,2025,09/11/2025,14:00,Hammarby,Elfsborg,3,0,H,,,,1.57,4.9,6,1.49,4.63,5.08,1.59,5.1,5.5,1.51,4.75,4.75
Sweden,Allsvenskan,2025,09/11/2025,14:00,Malmo FF,GAIS,2,1,H,,,,2,3.9,3.65,1.91,3.68,3.46,2,3.95,3.85,1.86,3.9,3.5
Sweden,Allsvenskan,2025,09/11/2025,14:00,Mjallby,Hacken,1,0,H,,,,1.6,4.35,5.6,1.53,4.18,5.12,1.61,4.8,5.6,1.53,4.33,5
Sweden,Allsvenskan,2025,09/11/2025,14:00,Oster,Djurgarden,1,3,A,,,,3.6,4.2,1.93,3.41,3.85,1.9,3.65,4.3,1.99,3.6,3.9,1.86
Sweden,Allsvenskan,2025,09/11/2025,14:00,Sirius,Varnamo,3,1,H,,,,1.25,7,10.25,1.22,6.51,9.02,1.27,7.6,10,1.22,7,8.5
Sweden,Allsvenskan,2026,04/04/2026,14:00,Degerfors,Sirius,0,3,A,,,,3.6,3.5,2.12,3.37,3.36,2.02,3.7,3.55,2.18,3.6,3.5,1.96
Sweden,Allsvenskan,2026,04/04/2026,14:00,Hammarby,Mjallby,3,0,H,,,,2,3.6,3.8,1.94,3.42,3.57,2.02,3.65,4.1,1.91,3.5,3.8
Sweden,Allsvenskan,2026,05/04/2026,13:00,AIK,Halmstad,2,1,H,,,,1.5,4.75,7.2,1.44,4.21,6.42,1.5,4.8,7.4,1.45,4.75,6
Sweden,Allsvenskan,2026,05/04/2026,13:00,Kalmar,Vasteras SK,0,1,A,,,,2.25,3.4,3.65,2.15,3.11,3.32,2.34,3.25,3.6,2.15,3.4,3.25
Sweden,Allsvenskan,2026,05/04/2026,15:30,Orgryte,Malmo FF,1,1,D,,,,5.8,4.2,1.6,5.31,3.99,1.54,5.9,4.3,1.64,5.5,4,1.53
Sweden,Allsvenskan,2026,06/04/2026,13:00,Elfsborg,Goteborg,2,0,H,,,,2.28,3.3,3.4,2.18,3.18,3.16,2.34,3.35,3.55,2.15,3.3,3.3
Sweden,Allsvenskan,2026,06/04/2026,13:00,Hacken,Brommapojkarna,2,2,D,,,,1.7,4.25,4.8,1.64,3.94,4.44,1.74,4.3,4.9,1.66,4,4.75
Sweden,Allsvenskan,2026,06/04/2026,15:30,GAIS,Djurgarden,0,1,A,,,,2.25,3.3,3.5,2.15,3.18,3.23,2.24,3.35,3.75,2.1,3.3,3.4
Sweden,Allsvenskan,2026,11/04/2026,14:00,Goteborg,Hacken,0,2,A,,,,3,3.4,2.8,2.82,3.23,2.39,3.1,3.5,2.48,3,3.1,2.45
Sweden,Allsvenskan,2026,11/04/2026,14:00,Mjallby,Orgryte,0,2,A,,,,1.36,5.5,9.5,1.31,4.93,8.29,1.35,5.9,10,1.3,5.25,8
Sweden,Allsvenskan,2026,11/04/2026,14:00,Vasteras SK,Elfsborg,2,2,D,,,,3.1,3.5,2.45,2.91,3.12,2.38,3.2,3.25,2.54,3,3,2.45
Sweden,Allsvenskan,2026,12/04/2026,13:00,Djurgarden,Kalmar,3,2,H,,,,1.73,3.9,5.25,1.67,3.66,4.68,1.79,3.9,5.2,1.68,3.6,4.75
Sweden,Allsvenskan,2026,12/04/2026,13:00,Halmstad,Degerfors,0,3,A,,,,3,3.1,2.8,2.84,3.07,2.46,3.2,3.25,2.56,3,3.1,2.35
Sweden,Allsvenskan,2026,12/04/2026,15:30,Malmo FF,GAIS,3,1,H,,,,1.95,4,4.4,1.73,3.74,4.18,1.8,4,4.8,1.68,4,4.2
Sweden,Allsvenskan,2026,13/04/2026,18:00,Brommapojkarna,AIK,2,2,D,,,,4,3.8,1.91,3.72,3.62,1.86,4.1,3.9,1.96,3.6,3.8,1.86
Sweden,Allsvenskan,2026,13/04/2026,18:00,Sirius,Hammarby,2,0,H,,,,2.75,3.55,2.7,2.58,3.38,2.5,2.7,3.6,2.76,2.5,3.4,2.57
Sweden,Allsvenskan,2026,17/04/2026,18:00,Degerfors,Elfsborg,0,1,A,,,,2.6,3.2,2.8,2.52,3.08,2.72,,,,2.55,3.1,2.75
Sweden,Allsvenskan,2026,17/04/2026,18:00,Djurgarden,Malmo FF,0,1,A,,,,2.4,3.55,2.85,2.31,3.41,2.76,,,,2.4,3.4,2.7
Sweden,Allsvenskan,2026,18/04/2026,14:00,Halmstad,Goteborg,1,1,D,,,,3.9,3.5,2,3.7,3.38,1.92,,,,3.9,3.4,1.91
Sweden,Allsvenskan,2026,18/04/2026,14:00,Hammarby,Orgryte,8,1,H,,,,1.29,8,15,1.17,6.95,11.75,,,,1.15,8,11
Sweden,Allsvenskan,2026,18/04/2026,14:00,Mjallby,Brommapojkarna,3,0,H,,,,1.53,4.5,7,1.49,4.1,5.89,,,,1.49,4.2,5.75
Sweden,Allsvenskan,2026,18/04/2026,14:00,Sirius,Vasteras SK,4,1,H,,,,1.7,4.3,6.4,1.51,4.01,5.64,,,,1.46,3.8,5.25
Sweden,Allsvenskan,2026,19/04/2026,13:00,AIK,Kalmar,1,0,H,,,,1.73,3.8,5.3,1.66,3.65,4.78,,,,1.66,3.6,5
Sweden,Allsvenskan,2026,19/04/2026,15:30,Hacken,GAIS,2,1,H,,,,2.05,3.75,3.5,1.99,3.56,3.28,,,,1.96,3.6,3.5
Sweden,Allsvenskan,2026,22/04/2026,18:00,Elfsborg,Djurgarden,2,1,H,,,,3,3.35,2.4,2.89,3.24,2.33,,,,3,3.3,2.32
Sweden,Allsvenskan,2026,22/04/2026,18:00,Hammarby,Halmstad,1,1,D,,,,1.23,6.5,14,1.2,6.07,11.57,,,,1.19,6.25,11
Sweden,Allsvenskan,2026,22/04/2026,18:00,Orgryte,Brommapojkarna,1,2,A,,,,3.25,3.6,2.15,3.13,3.51,2.08,,,,3.2,3.6,2.05
Sweden,Allsvenskan,2026,22/04/2026,18:00,Vasteras SK,Hacken,3,3,D,,,,3,3.6,2.25,2.93,3.46,2.2,,,,3,3.5,2.2
Sweden,Allsvenskan,2026,23/04/2026,18:00,Degerfors,AIK,2,1,H,,,,3.05,3.35,2.57,2.83,3.15,2.4,,,,2.82,3.2,2.45
Sweden,Allsvenskan,2026,23/04/2026,18:00,GAIS,Mjallby,0,0,D,,,,2.66,3.25,2.75,2.56,3.17,2.66,,,,2.45,3.25,2.75
Sweden,Allsvenskan,2026,23/04/2026,18:00,Kalmar,Goteborg,1,1,D,,,,2.35,3.45,3,2.29,3.3,2.88,,,,2.3,3.4,2.85
Sweden,Allsvenskan,2026,23/04/2026,18:00,Malmo FF,Sirius,2,3,A,,,,2.42,3.55,2.75,2.38,3.44,2.67,,,,2.35,3.5,2.7
Sweden,Allsvenskan,2026,26/04/2026,13:00,Djurgarden,Hammarby,1,1,D,,,,3.25,3.45,2.25,3.05,3.33,2.16,,,,3.25,3.3,2.15
Sweden,Allsvenskan,2026,26/04/2026,15:30,Brommapojkarna,Vasteras SK,1,2,A,,,,2.28,3.5,3.5,2.16,3.32,3.08,,,,2.1,3.25,3.5
Sweden,Allsvenskan,2026,26/04/2026,15:30,Goteborg,GAIS,2,2,D,,,,2.7,3.4,2.62,2.58,3.29,2.51,,,,2.65,3.3,2.55
Sweden,Allsvenskan,2026,27/04/2026,18:00,AIK,Malmo FF,0,1,A,,,,2.2,3.4,3.35,2.11,3.28,3.19,,,,2.1,3.4,3.3
Sweden,Allsvenskan,2026,27/04/2026,18:00,Hacken,Sirius,2,2,D,,,,3.1,3.75,2.17,2.96,3.58,2.1,,,,3.1,3.6,2.1
Sweden,Allsvenskan,2026,27/04/2026,18:00,Kalmar,Elfsborg,2,1,H,,,,2.6,3.25,3,2.42,3.13,2.79,,,,2.35,3.25,2.85
Sweden,Allsvenskan,2026,27/04/2026,18:00,Mjallby,Halmstad,2,0,H,,,,1.38,4.75,9.5,1.35,4.52,7.75,,,,1.33,4.5,9.5
Sweden,Allsvenskan,2026,27/04/2026,18:00,Orgryte,Degerfors,1,1,D,,,,3.5,3.45,2.15,3.3,3.32,2.05,,,,3.5,3.3,2.05
Sweden,Allsvenskan,2026,02/05/2026,14:00,Degerfors,Hacken,1,1,D,,,,3.2,3.4,2.35,3,3.24,2.24,,,,3.2,3.25,2.2
Sweden,Allsvenskan,2026,02/05/2026,14:00,Sirius,Kalmar,3,2,H,,,,1.47,4.75,7,1.43,4.36,6.17,,,,1.42,4.75,6
Sweden,Allsvenskan,2026,03/05/2026,13:00,Hammarby,Vasteras SK,3,0,H,,,,1.36,5.4,9,1.31,5.03,7.75,,,,1.3,5.25,7.5
Sweden,Allsvenskan,2026,03/05/2026,13:00,Malmo FF,Mjallby,2,3,A,,,,2.65,3.4,2.8,2.53,3.25,2.59,,,,2.57,3.4,2.57
Sweden,Allsvenskan,2026,03/05/2026,15:30,Elfsborg,AIK,1,1,D,,,,2.75,3.25,2.63,2.66,3.16,2.51,,,,2.75,3.2,2.5
Sweden,Allsvenskan,2026,03/05/2026,15:30,GAIS,Orgryte,4,0,H,,,,1.5,4.5,6.1,1.46,4.3,5.78,,,,1.46,4.5,5.75
Sweden,Allsvenskan,2026,04/05/2026,18:00,Djurgarden,Goteborg,6,0,H,,,,1.65,4.1,5,1.6,3.86,4.82,,,,1.57,4.1,5
Sweden,Allsvenskan,2026,04/05/2026,18:00,Halmstad,Brommapojkarna,1,3,A,,,,3,3.3,2.5,2.85,3.17,2.37,,,,3,3.2,2.35
Sweden,Allsvenskan,2026,08/05/2026,18:00,Elfsborg,Brommapojkarna,2,0,H,,,,1.85,3.6,4.33,1.79,3.48,4.07,1.9,3.8,4.7,1.76,3.5,4.33
Sweden,Allsvenskan,2026,09/05/2026,14:00,Degerfors,Mjallby,1,4,A,,,,3.85,3.3,2.15,3.45,3.19,2.06,3.8,3.5,2.18,3.5,3.2,2.05
Sweden,Allsvenskan,2026,09/05/2026,14:00,Goteborg,Hammarby,0,1,A,,,,5.6,4.33,1.6,5.23,4.06,1.54,5.7,4.4,1.64,5.5,3.9,1.56
Sweden,Allsvenskan,2026,09/05/2026,14:00,Vasteras SK,GAIS,0,1,A,,,,3.2,3.4,2.25,3.04,3.33,2.17,3.3,3.55,2.34,3.2,3.3,2.2
Sweden,Allsvenskan,2026,10/05/2026,13:00,AIK,Djurgarden,2,4,A,,,,2.71,3.4,2.55,2.63,3.31,2.45,2.84,3.6,2.7,2.65,3.4,2.45
Sweden,Allsvenskan,2026,10/05/2026,13:00,Kalmar,Halmstad,2,0,H,,,,1.7,3.75,5.5,1.63,3.6,5.06,1.71,3.9,6,1.62,3.7,5
Sweden,Allsvenskan,2026,10/05/2026,15:30,Hacken,Malmo FF,3,2,H,,,,2.14,3.65,3.3,2.05,3.5,3.13,2.16,3.8,3.5,2.01,3.6,3.3
Sweden,Allsvenskan,2026,11/05/2026,18:00,Sirius,Orgryte,2,0,H,,,,1.2,7.5,14,1.17,6.76,11.47,1.23,8,14.5,1.15,7.5,12
Sweden,Allsvenskan,2026,16/05/2026,14:00,GAIS,Degerfors,1,1,D,,,,1.7,3.75,5.4,1.65,3.48,4.99,1.79,3.75,5.6,1.66,3.5,5.25
Sweden,Allsvenskan,2026,16/05/2026,14:00,Halmstad,Elfsborg,1,1,D,,,,3.9,3.35,2.1,3.6,3.27,1.95,4,3.45,2.14,3.6,3.3,2.01
Sweden,Allsvenskan,2026,17/05/2026,13:00,Brommapojkarna,Kalmar,1,0,H,,,,2.71,3.5,2.55,2.62,3.31,2.42,2.94,3.5,2.64,2.65,3.5,2.4
Sweden,Allsvenskan,2026,17/05/2026,13:00,Hammarby,Malmo FF,4,1,H,,,,1.46,5,7,1.4,4.64,6.19,1.43,5.5,7.8,1.41,5,6
Sweden,Allsvenskan,2026,17/05/2026,15:30,Mjallby,Hacken,0,1,A,,,,2.38,3.5,2.95,2.27,3.34,2.79,2.42,3.7,3.1,2.35,3.3,2.75
Sweden,Allsvenskan,2026,17/05/2026,15:30,Vasteras SK,AIK,1,1,D,,,,3.33,3.4,2.2,3.19,3.28,2.09,3.6,3.6,2.22,3.3,3.3,2.1
Sweden,Allsvenskan,2026,18/05/2026,18:00,Djurgarden,Sirius,2,3,A,,,,2.2,3.9,3.1,2.1,3.62,2.92,2.22,4,3.25,2.1,3.9,3
Sweden,Allsvenskan,2026,19/05/2026,14:00,Orgryte,Goteborg,2,3,A,,,,4.1,3.8,1.81,3.93,3.64,1.76,4.4,4,1.88,4.1,3.8,1.71
Sweden,Allsvenskan,2026,20/05/2026,18:00,GAIS,Hammarby,2,0,H,,,,3.2,3.4,2.25,3.05,3.27,2.17,3.3,3.5,2.36,3.1,3.4,2.2
Sweden,Allsvenskan,2026,21/05/2026,18:00,Elfsborg,Mjallby,1,1,D,,,,2.2,3.4,3.66,2.12,3.16,3.25,2.22,3.4,3.7,2.05,3.4,3.5
Sweden,Allsvenskan,2026,22/05/2026,18:00,Djurgarden,Brommapojkarna,1,2,A,,,,1.5,4.75,6.8,1.43,4.43,6,1.5,4.9,7.2,1.46,4.75,5.5
Sweden,Allsvenskan,2026,23/05/2026,14:00,Halmstad,Orgryte,2,0,H,,,,2.05,3.5,3.7,1.98,3.42,3.37,2.1,3.85,3.65,1.91,3.5,3.7
Sweden,Allsvenskan,2026,23/05/2026,14:00,Kalmar,Degerfors,2,1,H,,,,1.93,3.5,4.2,1.85,3.31,4.01,1.98,3.6,4.4,1.86,3.5,4.1
Sweden,Allsvenskan,2026,24/05/2026,13:00,Hammarby,AIK,1,2,A,,,,1.5,4.5,7,1.43,4.36,6.05,1.51,4.9,6.8,1.45,4.5,5.75
Sweden,Allsvenskan,2026,24/05/2026,13:00,Sirius,GAIS,2,1,H,,,,1.73,4,4.6,1.68,3.75,4.31,1.81,4.1,4.7,1.66,3.9,4.5
Sweden,Allsvenskan,2026,24/05/2026,15:30,Malmo FF,Vasteras SK,2,3,A,,,,1.73,3.8,4.5,1.7,3.66,4.31,1.79,4,4.8,1.68,3.75,4.5
Sweden,Allsvenskan,2026,25/05/2026,18:00,Elfsborg,Hacken,1,1,D,,,,2.82,3.5,2.5,2.67,3.36,2.37,2.84,3.7,2.58,2.82,3.5,2.3
Sweden,Allsvenskan,2026,25/05/2026,18:00,Goteborg,Mjallby,1,1,D,,,,2.5,3.3,3,2.41,3.19,2.75,2.62,3.45,3,2.3,3.3,3
Sweden,Allsvenskan,2026,29/05/2026,18:00,Orgryte,Elfsborg,2,2,D,,,,4.75,4,1.85,4.29,3.68,1.7,5.1,4,1.77,4.75,4,1.62
Sweden,Allsvenskan,2026,30/05/2026,14:00,AIK,Sirius,0,3,A,,,,3.45,3.75,2.05,3.24,3.6,1.96,3.6,3.9,2.12,3.3,3.75,1.96
Sweden,Allsvenskan,2026,30/05/2026,14:00,GAIS,Kalmar,3,0,H,,,,2.1,3.55,3.45,2.03,3.33,3.28,2.18,3.7,3.65,2.05,3.4,3.3
Sweden,Allsvenskan,2026,30/05/2026,14:00,Malmo FF,Halmstad,5,2,H,,,,1.53,4.33,6.25,1.48,4.13,5.7,1.55,4.6,6.6,1.49,4.33,5.5
Sweden,Allsvenskan,2026,31/05/2026,13:00,Degerfors,Brommapojkarna,2,2,D,,,,2.25,3.4,3.25,2.15,3.21,3.12,2.3,3.45,3.5,2.15,3.4,3.2
Sweden,Allsvenskan,2026,31/05/2026,13:00,Hacken,Hammarby,3,2,H,,,,3,3.8,2.25,2.86,3.59,2.14,3.1,4,2.28,3,3.6,2.15
Sweden,Allsvenskan,2026,31/05/2026,13:00,Vasteras SK,Goteborg,4,5,A,,,,2.6,3.5,2.62,2.51,3.28,2.54,2.74,3.55,2.78,2.55,3.5,2.55
Sweden,Allsvenskan,2026,03/07/2026,18:00,Sirius,Mjallby,4,4,D,,,,1.66,4.2,5.4,1.61,3.93,4.5,1.72,4.4,5,1.62,4.2,4.5
Sweden,Allsvenskan,2026,04/07/2026,14:00,Degerfors,Malmo FF,0,1,A,,,,3.15,3.35,2.5,2.91,3.2,2.26,3.1,3.4,2.54,2.75,3.25,2.5
Sweden,Allsvenskan,2026,04/07/2026,14:00,Halmstad,Vasteras SK,1,3,A,,,,2.9,3.35,2.5,2.77,3.21,2.35,3,3.5,2.54,2.75,3.2,2.5
Sweden,Allsvenskan,2026,05/07/2026,13:00,Goteborg,AIK,1,2,A,,,,2.05,3.75,3.7,1.96,3.44,3.4,2.02,3.8,3.95,1.91,3.75,3.5
Sweden,Allsvenskan,2026,05/07/2026,13:00,Kalmar,Orgryte,3,0,H,,,,1.4,5.25,7.5,1.37,4.63,6.68,1.43,5.4,7.8,1.35,4.75,7.5
Sweden,Allsvenskan,2026,05/07/2026,15:30,Elfsborg,Hammarby,1,2,A,,,,4.1,3.8,1.8,3.83,3.64,1.77,4.4,4,1.87,4.1,3.8,1.76
Sweden,Allsvenskan,2026,06/07/2026,18:00,Brommapojkarna,GAIS,1,1,D,,,,2.95,3.5,2.33,2.82,3.32,2.25,3,3.6,2.52,2.82,3.4,2.32
Sweden,Allsvenskan,2026,06/07/2026,18:00,Hacken,Djurgarden,2,4,A,,,,2.45,3.75,2.6,2.35,3.63,2.5,2.58,3.95,2.72,2.4,3.75,2.5
